<?xml version="1.0" encoding="utf-8"?>
<COLLADA xmlns="http://www.collada.org/2005/11/COLLADASchema" version="1.4.1" xmlns:xsi="http://www.w3.org/2001/XMLSchema-instance">
  <asset>
    <contributor>
      <author>Blender User</author>
      <authoring_tool>Blender 2.79.0 commit date:2017-09-11, commit time:10:43, hash:5bd8ac9abfa</authoring_tool>
    </contributor>
    <created>2022-01-25T11:13:39</created>
    <modified>2022-01-25T11:13:39</modified>
    <unit name="meter" meter="1"/>
    <up_axis>Z_UP</up_axis>
  </asset>
  <library_cameras>
    <camera id="Camera-camera" name="Camera">
      <optics>
        <technique_common>
          <perspective>
            <xfov sid="xfov">49.13434</xfov>
            <aspect_ratio>1.777778</aspect_ratio>
            <znear sid="znear">0.1</znear>
            <zfar sid="zfar">100</zfar>
          </perspective>
        </technique_common>
      </optics>
      <extra>
        <technique profile="blender">
          <shiftx sid="shiftx" type="float">0</shiftx>
          <shifty sid="shifty" type="float">0</shifty>
          <YF_dofdist sid="YF_dofdist" type="float">0</YF_dofdist>
        </technique>
      </extra>
    </camera>
  </library_cameras>
  <library_lights>
    <light id="Lamp-light" name="Lamp">
      <technique_common>
        <point>
          <color sid="color">1 1 1</color>
          <constant_attenuation>1</constant_attenuation>
          <linear_attenuation>0</linear_attenuation>
          <quadratic_attenuation>0.00111109</quadratic_attenuation>
        </point>
      </technique_common>
      <extra>
        <technique profile="blender">
          <type sid="type" type="int">0</type>
          <flag sid="flag" type="int">0</flag>
          <mode sid="mode" type="int">8192</mode>
          <gamma sid="blender_gamma" type="float">1</gamma>
          <red sid="red" type="float">1</red>
          <green sid="green" type="float">1</green>
          <blue sid="blue" type="float">1</blue>
          <shadow_r sid="blender_shadow_r" type="float">0</shadow_r>
          <shadow_g sid="blender_shadow_g" type="float">0</shadow_g>
          <shadow_b sid="blender_shadow_b" type="float">0</shadow_b>
          <energy sid="blender_energy" type="float">1</energy>
          <dist sid="blender_dist" type="float">29.99998</dist>
          <spotsize sid="spotsize" type="float">75</spotsize>
          <spotblend sid="spotblend" type="float">0.15</spotblend>
          <halo_intensity sid="blnder_halo_intensity" type="float">1</halo_intensity>
          <att1 sid="att1" type="float">0</att1>
          <att2 sid="att2" type="float">1</att2>
          <falloff_type sid="falloff_type" type="int">2</falloff_type>
          <clipsta sid="clipsta" type="float">1.000799</clipsta>
          <clipend sid="clipend" type="float">30.002</clipend>
          <bias sid="bias" type="float">1</bias>
          <soft sid="soft" type="float">3</soft>
          <compressthresh sid="compressthresh" type="float">0.04999995</compressthresh>
          <bufsize sid="bufsize" type="int">2880</bufsize>
          <samp sid="samp" type="int">3</samp>
          <buffers sid="buffers" type="int">1</buffers>
          <filtertype sid="filtertype" type="int">0</filtertype>
          <bufflag sid="bufflag" type="int">0</bufflag>
          <buftype sid="buftype" type="int">2</buftype>
          <ray_samp sid="ray_samp" type="int">1</ray_samp>
          <ray_sampy sid="ray_sampy" type="int">1</ray_sampy>
          <ray_sampz sid="ray_sampz" type="int">1</ray_sampz>
          <ray_samp_type sid="ray_samp_type" type="int">0</ray_samp_type>
          <area_shape sid="area_shape" type="int">1</area_shape>
          <area_size sid="area_size" type="float">0.1</area_size>
          <area_sizey sid="area_sizey" type="float">0.1</area_sizey>
          <area_sizez sid="area_sizez" type="float">1</area_sizez>
          <adapt_thresh sid="adapt_thresh" type="float">0.000999987</adapt_thresh>
          <ray_samp_method sid="ray_samp_method" type="int">1</ray_samp_method>
          <shadhalostep sid="shadhalostep" type="int">0</shadhalostep>
          <sun_effect_type sid="sun_effect_type" type="int">0</sun_effect_type>
          <skyblendtype sid="skyblendtype" type="int">1</skyblendtype>
          <horizon_brightness sid="horizon_brightness" type="float">1</horizon_brightness>
          <spread sid="spread" type="float">1</spread>
          <sun_brightness sid="sun_brightness" type="float">1</sun_brightness>
          <sun_size sid="sun_size" type="float">1</sun_size>
          <backscattered_light sid="backscattered_light" type="float">1</backscattered_light>
          <sun_intensity sid="sun_intensity" type="float">1</sun_intensity>
          <atm_turbidity sid="atm_turbidity" type="float">2</atm_turbidity>
          <atm_extinction_factor sid="atm_extinction_factor" type="float">1</atm_extinction_factor>
          <atm_distance_factor sid="atm_distance_factor" type="float">1</atm_distance_factor>
          <skyblendfac sid="skyblendfac" type="float">1</skyblendfac>
          <sky_exposure sid="sky_exposure" type="float">1</sky_exposure>
          <sky_colorspace sid="sky_colorspace" type="int">0</sky_colorspace>
        </technique>
      </extra>
    </light>
  </library_lights>
  <library_images/>
  <library_effects>
    <effect id="Color_000-effect">
      <profile_COMMON>
        <technique sid="common">
          <phong>
            <emission>
              <color sid="emission">0 0 0 1</color>
            </emission>
            <ambient>
              <color sid="ambient">0 0 0 1</color>
            </ambient>
            <diffuse>
              <color sid="diffuse">0.96 0.96 0.96 1</color>
            </diffuse>
            <specular>
              <color sid="specular">0.25 0.25 0.25 1</color>
            </specular>
            <shininess>
              <float sid="shininess">50</float>
            </shininess>
            <index_of_refraction>
              <float sid="index_of_refraction">1</float>
            </index_of_refraction>
          </phong>
        </technique>
      </profile_COMMON>
    </effect>
  </library_effects>
  <library_materials>
    <material id="Color_000-material" name="Color_000">
      <instance_effect url="#Color_000-effect"/>
    </material>
  </library_materials>
  <library_geometries>
    <geometry id="ID234-mesh" name="ID234">
      <mesh>
        <source id="ID234-mesh-positions">
          <float_array id="ID234-mesh-positions-array" count="612">-3.446596 -388.7087 -609.8673 -3.446596 -388.5422 -616.8833 -3.446596 -389.0873 -613.3863 -3.446596 -387.4322 -606.5662 -3.446596 -387.1105 -620.1203 -3.459993 -350.2194 -545.3663 -3.629396 134.267 358.7799 -3.629396 134.267 358.7799 -3.459993 -350.2194 -545.3663 -3.446596 -387.1105 -620.1203 -3.446596 -387.4322 -606.5662 -3.446596 -388.5422 -616.8833 -3.446596 -388.7087 -609.8673 -3.446596 -389.0873 -613.3863 -0.1788958 -406.9968 -631.4252 -0.1788958 -407.453 -635.6652 -0.1788958 -406.9968 -631.4252 -0.1788958 -407.453 -635.6652 -0.1788958 -405.4588 -627.4472 -0.1788958 -405.4588 -627.4472 3.758085 133.4247 359.2669 3.758085 133.4247 359.2669 -10.51349 136.7364 357.3548 -10.51349 136.7364 357.3548 -0.1788958 -405.0713 -643.7784 -0.1788958 -406.7962 -639.8784 -0.1788958 -405.0713 -643.7784 -0.1788958 -406.7962 -639.8784 3.758085 -406.9968 -631.4252 3.758085 -407.453 -635.6652 3.758085 -406.9968 -631.4252 3.758085 -407.453 -635.6652 3.758085 -405.4588 -627.4472 3.758085 -405.4588 -627.4472 -3.884157 266.4306 532.5089 3.758085 265.5592 533.0115 3.758085 265.5592 533.0115 -3.884157 266.4306 532.5089 -3.446596 -384.8898 -622.8773 -3.446596 -384.8898 -622.8773 -11.00571 268.9852 531.0338 -11.00571 268.9852 531.0338 -0.1788958 -402.3958 -647.0993 -0.1788958 -402.3958 -647.0993 3.758085 -406.7962 -639.8784 3.758085 -405.0713 -643.7784 3.758085 -406.7962 -639.8784 3.758085 -405.0713 -643.7784 12.61639 139.824 355.5716 12.61639 139.824 355.5716 8.187193 136.6244 357.4188 8.187193 136.6244 357.4188 -16.42511 140.6648 355.0867 -16.42511 140.6648 355.0867 -17.121 273.049 528.6878 -17.121 273.049 528.6878 -0.1788958 -398.9519 -649.6142 -3.446596 -382.0315 -624.9643 -3.446596 -382.0315 -624.9643 -0.1788958 -398.9519 -649.6142 3.758085 -402.3958 -647.0993 3.758085 -402.3958 -647.0993 17.5376 146.2234 351.8768 17.5376 146.2234 351.8768 11.40039 266.4306 532.5089 11.40039 266.4306 532.5089 -20.96109 145.7843 352.1307 -21.81351 278.3452 525.6309 -21.81351 278.3452 525.6309 -20.96109 145.7843 352.1307 -0.1788958 -394.9745 -651.1523 -3.446596 -378.7302 -626.2413 -3.446596 -378.7302 -626.2413 -0.1788958 -394.9745 -651.1523 3.758085 -398.9519 -649.6142 3.758085 -398.9519 -649.6142 -23.81259 151.7461 348.6888 -24.76331 284.5124 522.0699 -24.76331 284.5124 522.0699 -23.81259 151.7461 348.6888 -0.1788958 -390.7346 -651.6083 -3.446596 -375.211 -626.6192 -3.446596 -375.211 -626.6192 -0.1788958 -390.7346 -651.6083 3.758085 -394.9745 -651.1523 3.758085 -394.9745 -651.1523 19.5061 152.8423 348.0557 19.5061 152.8423 348.0557 -24.78516 158.1439 344.9947 -25.76941 291.1309 518.2489 -25.76941 291.1309 518.2489 -24.78516 158.1439 344.9947 -0.1788958 -386.521 -650.9512 -3.446596 -371.7138 -626.0743 -3.446596 -371.7138 -626.0743 -0.1788958 -386.521 -650.9512 3.758085 -390.7346 -651.6083 3.758085 -390.7346 -651.6083 19.5061 158.1439 344.9947 19.5061 158.1439 344.9947 18.52191 268.9852 531.0338 18.52191 268.9852 531.0338 -23.81259 164.5417 341.3009 -24.76331 297.7493 514.4278 -24.76331 297.7493 514.4278 -23.81259 164.5417 341.3009 -0.1788958 -383.4659 -650.1872 -3.446596 -369.178 -625.4403 -3.446596 -369.178 -625.4403 -0.1788958 -383.4659 -650.1872 3.758085 -386.521 -650.9512 3.758085 -386.521 -650.9512 17.91351 170.5035 337.8587 17.91351 170.5035 337.8587 24.63721 273.049 528.6878 24.63721 273.049 528.6878 -17.5336 184.6686 329.6807 -17.5336 184.6686 329.6807 -0.1788958 -351.2743 -642.0152 -3.446596 -359.322 -622.9384 -3.446596 -349.4659 -620.4362 -3.446596 -342.459 -618.6573 -3.446596 -342.459 -618.6573 -3.446596 -349.4659 -620.4362 -0.1788958 -351.2743 -642.0152 -3.446596 -359.322 -622.9384 3.758085 -383.4659 -650.1872 3.758085 -383.4659 -650.1872 29.32971 278.3452 525.6309 29.32971 278.3452 525.6309 -21.81351 303.9167 510.8668 -21.81351 303.9167 510.8668 -0.1788958 -339.147 -633.3353 -3.446596 -332.3934 -611.4533 -3.446596 -332.3934 -611.4533 -0.1788958 -339.147 -633.3353 3.758085 -351.2743 -642.0152 3.758085 -361.0919 -644.5073 3.758085 -375.9085 -648.2692 3.758085 -375.9085 -648.2692 3.758085 -361.0919 -644.5073 3.758085 -351.2743 -642.0152 -14.39411 201.1661 320.1558 -14.39411 201.1661 320.1558 -11.25461 245.303 294.6739 -11.25461 245.303 294.6739 -10.74301 248.6679 292.7308 -10.74301 248.6679 292.7308 16.32083 182.8631 330.7227 16.32083 182.8631 330.7227 32.27951 284.5124 522.0699 32.27951 284.5124 522.0699 -9.243198 251.8036 290.9207 -9.243198 251.8036 290.9207 3.758085 -339.147 -633.3353 3.758085 -339.147 -633.3353 7.336088 252.5885 290.4678 7.336088 252.5885 290.4678 9.0968 238.9242 298.3568 9.0968 238.9242 298.3568 11.52182 220.1059 309.2208 11.52182 220.1059 309.2208 -11.25461 230.5318 303.2017 -11.25461 230.5318 303.2017 14.67331 195.649 323.3416 14.67331 195.649 323.3416 -17.121 309.2127 507.8089 -17.121 309.2127 507.8089 -6.857515 254.4963 289.3658 -6.857515 254.4963 289.3658 3.758085 254.5656 278.7315 3.758085 254.5656 278.7315 -11.00571 313.2765 505.4627 -11.00571 313.2765 505.4627 -3.884157 315.8311 503.9879 -3.884157 315.8311 503.9879 32.27951 297.7493 514.4278 32.27951 297.7493 514.4278 32.36029 285.2254 508.0198 33.2857 291.1309 518.2489 33.2857 291.1309 518.2489 32.36029 285.2254 508.0198 -3.748171 256.5625 288.1729 -3.748171 256.5625 288.1729 -0.1275042 257.8613 287.4229 -0.1275042 257.8613 287.4229 5.234495 257.5544 287.5999 5.234495 257.5544 287.5999 5.726591 256.8046 288.0328 5.726591 256.8046 288.0328 24.63721 309.2127 507.8089 24.63721 309.2127 507.8089 29.32971 303.9167 510.8668 29.32971 303.9167 510.8668 -0.06299012 316.2668 503.7359 -0.06299012 316.2668 503.7359 3.758085 261.9164 295.3167 3.758085 261.9164 295.3167 18.52191 313.2765 505.4627 18.52191 313.2765 505.4627 3.758085 316.7025 503.4849 3.758085 316.7025 503.4849 11.40039 315.8311 503.9879 11.40039 315.8311 503.9879</float_array>
          <technique_common>
            <accessor source="#ID234-mesh-positions-array" count="204" stride="3">
              <param name="X" type="float"/>
              <param name="Y" type="float"/>
              <param name="Z" type="float"/>
            </accessor>
          </technique_common>
        </source>
        <source id="ID234-mesh-normals">
          <float_array id="ID234-mesh-normals-array" count="309">-0.9856767 -0.1590657 0.05603313 -0.9970785 -0.07440471 -0.0172736 -0.9947814 -0.1018739 0.005646049 -0.9657586 -0.2282552 0.1233292 -0.9977353 -0.05887162 -0.03253346 -0.997892 -0.05557572 0.03351026 -0.2572467 -0.8135212 0.5215435 -0.6017752 -0.7786638 0.177621 -0.6229662 -0.7818513 -0.02493447 -0.5615529 -0.7548612 0.3388849 0.2720481 -0.809125 0.5208712 -0.497247 -0.7312977 0.4668501 -0.6385163 -0.6561257 -0.402239 -0.6332362 -0.7415477 -0.2216281 0.6714835 -0.7204363 0.1734406 0.6742331 -0.7382932 -0.01825052 0.6819953 -0.6639581 0.3066629 -0.2596268 -0.7687787 0.5844427 0.00451672 -0.8001713 0.5997546 -0.9979329 -0.04528981 -0.04559499 -0.501769 -0.6888833 0.5231326 -0.6408526 -0.5292726 -0.5560384 0.6735999 -0.7091553 -0.2082358 0.6742623 -0.6304367 -0.3846039 0.741795 -0.5676231 0.3571335 0.6379212 -0.6486335 0.4151279 -0.7039529 -0.600066 0.3799624 -0.7098411 -0.5614578 0.4253126 -0.6410189 -0.3683326 -0.673369 -0.9978491 -0.0313735 -0.05755883 0.6742629 -0.5097638 -0.5343319 0.9101909 -0.3534375 0.2159506 0.2707356 -0.7845564 0.5578294 -0.8633211 -0.4283645 0.266797 -0.8691604 -0.3950119 0.2975331 -0.6390058 -0.1831747 -0.7470734 -0.9974526 -0.01529002 -0.06967484 0.6741945 -0.3539895 -0.6481924 -0.9643554 -0.2275534 0.1350488 -0.968222 -0.2010911 0.1486896 -0.6342143 0.01486271 -0.7730145 -0.9964979 0.005493342 -0.08343821 0.6741743 -0.1741133 -0.717756 0.9911656 -0.1192988 0.05795556 -0.9999181 -0.01107829 -0.006408929 -0.9999231 0.006408929 -0.01062059 -0.6435534 0.1500312 -0.750553 -0.9958335 0.01962363 -0.08905428 0.6740714 0.01718211 -0.7384663 0.9984021 0.03137362 -0.04699939 0.5085445 -0.717938 0.4753394 -0.9809736 0.1560133 -0.1155451 -0.9638696 0.2129351 -0.1600447 -0.6487702 0.1858294 -0.7379464 -0.9958434 0.02319461 -0.08807855 0.691478 0.1434106 -0.7080195 0.9934981 0.07550495 -0.08521014 0.7144359 -0.5963857 0.3659313 -0.9766706 0.173104 -0.1270813 -0.6088873 0.3265242 -0.7229373 -0.9963011 0.02139395 -0.08322596 -0.9964429 0.02078336 -0.08166861 -0.9926353 0.06195384 -0.1041008 0.7014142 0.1747202 -0.6910073 0.8739191 -0.4329462 0.2209594 -0.8706933 0.4127164 -0.2675042 -0.578682 0.5772781 -0.5760878 -0.971036 0.1927605 -0.1411827 0.6660233 0.3139523 -0.676644 0.9999943 9.76616e-4 -0.003235042 -0.008392691 0.2901141 -0.9569553 -0.9914097 0.1042529 -0.07898312 -0.9974816 0.06296056 -0.03265523 -0.9615921 0.2509576 -0.1111806 0.9930944 0.07358175 -0.09137445 0.9661735 -0.248456 0.06912571 -0.8602465 0.4665175 -0.2057608 0.6644658 0.5393368 -0.5173018 0.9739474 0.1927264 -0.1195117 0.9930058 0.08188319 -0.08505719 0.9928398 0.07672441 -0.0915566 -0.9988474 0.03799581 -0.02932846 0.9934161 0.07791435 -0.08398759 0.9934566 0.07739633 -0.08398842 -0.7323796 0.6108809 -0.3007404 -0.6986545 0.6540654 -0.2899666 0.2653053 0.8187445 -0.5091861 -0.5224519 0.8037747 -0.2845881 -0.2626155 0.9257919 -0.2719237 0.9684384 0.183421 -0.1687717 0.9968986 -0.04757887 -0.06268572 0.9969958 -0.03909486 -0.06686717 -0.4926785 0.7955248 -0.3527154 -0.299699 0.8717518 -0.3875945 0.723061 0.6263151 -0.2913973 0.9096696 0.3693367 -0.1899786 0.7252303 0.6428893 -0.2464434 0.8799678 0.4172011 -0.2271564 -0.1291893 0.9550789 -0.2667104 0.2233091 0.9335524 -0.2803801 0.507715 0.8244417 -0.2500426 -0.003479123 0.9657115 -0.2595943 0.2612146 0.9313265 -0.2537679</float_array>
          <technique_common>
            <accessor source="#ID234-mesh-normals-array" count="103" stride="3">
              <param name="X" type="float"/>
              <param name="Y" type="float"/>
              <param name="Z" type="float"/>
            </accessor>
          </technique_common>
        </source>
        <vertices id="ID234-mesh-vertices">
          <input semantic="POSITION" source="#ID234-mesh-positions"/>
        </vertices>
        <triangles material="Color_000-material" count="354">
          <input semantic="VERTEX" source="#ID234-mesh-vertices" offset="0"/>
          <input semantic="NORMAL" source="#ID234-mesh-normals" offset="1"/>
          <p>0 0 1 1 2 2 1 1 0 0 3 3 1 1 3 3 4 4 4 4 3 3 5 5 4 4 5 5 6 6 7 6 9 4 8 5 8 5 9 4 10 3 9 4 11 1 10 3 10 3 11 1 12 0 13 2 12 0 11 1 14 7 2 2 15 8 2 2 14 7 0 0 12 0 13 2 16 7 17 8 16 7 13 2 18 9 0 0 14 7 0 0 18 9 3 3 10 3 12 0 19 9 16 7 19 9 12 0 20 10 5 5 3 3 10 3 21 10 8 5 21 10 6 6 5 5 8 5 20 10 7 6 6 6 22 11 4 4 9 4 7 6 23 11 1 1 24 12 25 13 24 12 1 1 4 4 9 4 26 12 11 1 27 13 11 1 26 12 2 2 25 13 15 8 25 13 2 2 1 1 11 1 27 13 13 2 17 8 13 2 27 13 28 14 15 8 29 15 15 8 28 14 14 7 16 7 17 8 30 14 31 15 30 14 17 8 32 16 14 7 28 14 14 7 32 16 18 9 19 9 16 7 33 16 30 14 33 16 16 7 21 10 3 3 18 9 19 9 20 10 10 3 21 10 34 17 6 6 34 17 21 10 35 18 36 18 37 17 20 10 7 6 20 10 37 17 22 11 38 19 4 4 9 4 23 11 39 19 6 6 40 20 22 11 40 20 6 6 34 17 37 17 41 20 7 6 23 11 7 6 41 20 4 4 42 21 24 12 42 21 4 4 38 19 39 19 43 21 9 4 26 12 9 4 43 21 44 22 24 12 45 23 24 12 44 22 25 13 27 13 26 12 46 22 47 23 46 22 26 12 44 22 15 8 25 13 15 8 44 22 29 15 31 15 17 8 46 22 27 13 46 22 17 8 48 24 28 14 29 15 31 15 49 24 30 14 50 25 32 16 28 14 30 14 51 25 33 16 21 10 18 9 32 16 33 16 20 10 19 9 35 18 21 10 50 25 51 25 36 18 20 10 22 11 52 26 38 19 39 19 23 11 53 26 22 11 54 27 52 26 54 27 22 11 40 20 41 20 55 27 23 11 53 26 23 11 55 27 38 19 56 28 42 21 56 28 38 19 57 29 58 29 59 28 39 19 43 21 39 19 59 28 60 30 24 12 42 21 24 12 60 30 45 23 47 23 26 12 61 30 43 21 61 30 26 12 62 31 44 22 45 23 47 23 63 31 46 22 48 24 29 15 44 22 46 22 49 24 31 15 50 25 28 14 48 24 49 24 51 25 30 14 21 10 32 16 50 25 51 25 20 10 33 16 35 18 50 25 64 32 65 32 36 18 51 25 52 26 57 29 38 19 39 19 53 26 58 29 54 27 66 33 52 26 66 33 54 27 67 34 68 34 69 33 55 27 53 26 55 27 69 33 57 29 70 35 56 28 70 35 57 29 71 36 72 36 73 35 58 29 59 28 58 29 73 35 74 37 42 21 56 28 42 21 74 37 60 30 61 30 43 21 75 37 59 28 75 37 43 21 63 31 47 23 61 30 45 23 60 30 62 31 62 31 48 24 44 22 46 22 63 31 49 24 64 32 50 25 48 24 49 24 65 32 51 25 66 33 57 29 52 26 53 26 69 33 58 29 67 34 76 38 66 33 76 38 67 34 77 39 78 39 79 38 68 34 69 33 68 34 79 38 71 36 80 40 70 35 80 40 71 36 81 41 82 41 83 40 72 36 73 35 72 36 83 40 84 42 56 28 70 35 56 28 84 42 74 37 75 37 59 28 85 42 73 35 85 42 59 28 66 33 71 36 57 29 58 29 69 33 72 36 86 43 61 30 75 37 60 30 74 37 87 43 86 43 63 31 61 30 62 31 60 30 87 43 64 32 48 24 62 31 63 31 65 32 49 24 77 39 88 44 76 38 88 44 77 39 89 45 90 45 91 44 78 39 79 38 78 39 91 44 76 38 71 36 66 33 69 33 79 38 72 36 81 41 92 46 80 40 92 46 81 41 93 47 94 47 95 46 82 41 83 40 82 41 95 46 96 48 70 35 80 40 70 35 96 48 84 42 85 42 73 35 97 48 83 40 97 48 73 35 76 38 81 41 71 36 72 36 79 38 82 41 98 49 75 37 85 42 74 37 84 42 99 49 98 49 86 43 75 37 87 43 74 37 99 49 100 50 62 31 87 43 86 43 101 50 63 31 64 32 62 31 100 50 101 50 65 32 63 31 89 45 102 51 88 44 102 51 89 45 103 52 104 52 105 51 90 45 91 44 90 45 105 51 88 44 81 41 76 38 79 38 91 44 82 41 93 47 106 53 92 46 106 53 93 47 107 54 108 54 109 53 94 47 95 46 94 47 109 53 110 55 80 40 92 46 80 40 110 55 96 48 97 48 83 40 111 55 95 46 111 55 83 40 88 44 93 47 81 41 82 41 91 44 94 47 112 56 85 42 97 48 84 42 96 48 113 56 112 56 98 49 85 42 99 49 84 42 113 56 114 57 87 43 99 49 98 49 115 57 86 43 100 50 87 43 114 57 115 57 101 50 86 43 103 52 116 58 102 51 105 51 104 52 117 58 102 51 93 47 88 44 91 44 105 51 94 47 107 54 118 59 106 53 118 59 107 54 119 60 118 59 119 60 120 61 118 59 120 61 121 62 122 62 124 59 123 61 123 61 124 59 125 60 125 60 124 59 108 54 109 53 108 54 124 59 126 63 92 46 106 53 92 46 126 63 110 55 111 55 95 46 127 63 109 53 127 63 95 46 102 51 107 54 93 47 94 47 105 51 108 54 112 56 97 48 111 55 96 48 110 55 113 56 128 64 99 49 113 56 112 56 129 64 98 49 128 64 114 57 99 49 98 49 129 64 115 57 130 65 116 58 103 52 104 52 131 65 117 58 116 58 107 54 102 51 105 51 117 58 108 54 121 62 132 66 118 59 132 66 121 62 133 67 134 67 135 66 122 62 124 59 122 62 135 66 118 59 126 63 106 53 126 63 118 59 136 68 126 63 136 68 137 69 126 63 137 69 138 70 139 70 127 63 140 69 140 69 127 63 141 68 141 68 127 63 124 59 109 53 124 59 127 63 142 71 119 60 107 54 108 54 143 71 125 60 144 72 120 61 119 60 125 60 145 72 123 61 146 73 121 62 120 61 123 61 147 73 122 62 148 74 111 55 127 63 110 55 126 63 149 74 148 74 112 56 111 55 113 56 110 55 149 74 150 75 128 64 113 56 112 56 151 75 129 64 130 65 142 71 116 58 117 58 131 65 143 71 142 71 107 54 116 58 117 58 143 71 108 54 152 76 132 66 133 67 134 67 153 76 135 66 154 77 118 59 132 66 118 59 154 77 136 68 141 68 124 59 155 77 135 66 155 77 124 59 152 76 133 67 121 62 122 62 153 76 134 67 156 78 137 69 136 68 141 68 157 78 140 69 158 79 138 70 137 69 140 69 159 79 139 70 160 80 126 63 138 70 139 70 161 80 127 63 162 81 119 60 142 71 143 71 163 81 125 60 144 72 119 60 162 81 163 81 145 72 125 60 146 73 120 61 144 72 145 72 147 73 123 61 152 76 121 62 146 73 147 73 153 76 122 62 160 80 149 74 126 63 149 74 160 80 164 82 165 83 148 74 161 80 127 63 161 80 148 74 150 75 113 56 149 74 148 74 151 75 112 56 166 84 142 71 130 65 131 65 167 84 143 71 168 85 132 66 152 76 153 76 169 85 135 66 170 86 154 77 132 66 135 66 171 86 155 77 156 78 136 68 154 77 155 77 157 78 141 68 156 78 158 79 137 69 140 69 157 78 159 79 158 79 160 80 138 70 139 70 159 79 161 80 166 84 162 81 142 71 143 71 167 84 163 81 172 87 144 72 162 81 163 81 173 87 145 72 172 87 146 73 144 72 145 72 173 87 147 73 174 88 152 76 146 73 147 73 175 88 153 76 176 89 164 82 160 80 161 80 177 89 165 83 164 82 178 90 149 74 178 90 164 82 179 91 180 91 181 90 165 83 148 74 165 83 181 90 178 90 150 75 149 74 150 75 178 90 179 91 180 91 151 75 181 90 148 74 181 90 151 75 174 88 168 85 152 76 153 76 175 88 169 85 168 85 182 92 132 66 135 66 169 85 183 92 184 93 170 86 132 66 135 66 185 93 171 86 186 94 155 77 171 86 154 77 170 86 187 94 188 95 157 78 155 77 156 78 154 77 189 95 190 96 158 79 156 78 157 78 191 96 159 79 192 97 160 80 158 79 159 79 193 97 161 80 166 84 172 87 162 81 163 81 167 84 173 87 172 87 174 88 146 73 147 73 173 87 175 88 176 89 179 91 164 82 165 83 177 89 180 91 192 97 176 89 160 80 161 80 193 97 177 89 174 88 194 98 168 85 169 85 175 88 195 98 194 98 182 92 168 85 169 85 195 98 183 92 182 92 184 93 132 66 135 66 183 92 185 93 196 99 170 86 184 93 185 93 197 99 171 86 197 99 186 94 171 86 187 94 170 86 196 99 186 94 188 95 155 77 189 95 154 77 187 94 198 100 157 78 188 95 156 78 189 95 199 100 190 96 192 97 158 79 159 79 191 96 193 97 190 96 156 78 199 100 198 100 191 96 157 78 194 98 200 101 182 92 183 92 195 98 201 101 200 101 184 93 182 92 183 92 201 101 185 93 200 101 196 99 184 93 185 93 201 101 197 99 202 102 187 94 196 99 197 99 203 102 186 94 198 100 188 95 186 94 189 95 187 94 199 100 202 102 196 99 200 101 201 101 203 102 197 99 199 100 187 94 202 102 203 102 198 100 186 94</p>
        </triangles>
      </mesh>
    </geometry>
    <geometry id="ID246-mesh" name="ID246">
      <mesh>
        <source id="ID246-mesh-positions">
          <float_array id="ID246-mesh-positions-array" count="612">-3.446593 -343.4855 645.3088 -3.45999 -297.1915 575.9829 -3.629393 243.5789 -295.6682 -3.446593 -339.9664 644.9297 -3.446593 -336.6651 643.6536 -3.446593 -333.8067 641.5659 -3.446593 -331.586 638.8098 -3.446593 -331.586 638.8098 -3.446593 -333.8067 641.5659 -3.45999 -297.1915 575.9829 -3.446593 -336.6651 643.6536 -3.446593 -339.9664 644.9297 -3.446593 -343.4855 645.3088 -3.629393 243.5789 -295.6682 -10.51349 241.1093 -297.0933 -10.51349 241.1093 -297.0933 -0.1788927 -350.7533 672.2359 -0.1788927 -354.9934 672.6919 -0.1788927 -350.7533 672.2359 -0.1788927 -354.9934 672.6919 -0.1788927 -346.776 670.6978 -0.1788927 -346.776 670.6978 -0.1788927 -343.3322 668.1829 -0.1788927 -343.3322 668.1829 -0.1788927 -340.6567 664.8618 -0.1788927 -340.6567 664.8618 3.758088 244.4211 -295.1812 3.758088 244.4211 -295.1812 -3.446593 -346.9828 644.7634 -3.446593 -346.9828 644.7634 -3.884154 327.9507 -496.9893 -11.00571 325.396 -498.4644 -3.884154 327.9507 -496.9893 -11.00571 325.396 -498.4644 -0.1788927 -359.2069 672.0359 -0.1788927 -359.2069 672.0359 3.758088 -354.9934 672.6919 3.758088 -350.7533 672.2359 3.758088 -350.7533 672.2359 3.758088 -354.9934 672.6919 3.758088 -346.776 670.6978 3.758088 -346.776 670.6978 3.758088 -343.3322 668.1829 3.758088 -343.3322 668.1829 3.758088 -340.6567 664.8618 3.758088 -340.6567 664.8618 3.758088 328.8219 -496.4866 3.758088 328.8219 -496.4866 -16.42511 237.181 -299.3613 -16.42511 237.181 -299.3613 -17.121 321.3323 -500.8103 -17.121 321.3323 -500.8103 -3.446593 -350.2198 643.3318 -0.1788927 -363.1069 670.3108 -3.446593 -350.2198 643.3318 -0.1788927 -363.1069 670.3108 3.758088 -359.2069 672.0359 3.758088 -359.2069 672.0359 17.5376 231.6224 -302.5713 17.5376 231.6224 -302.5713 12.61639 238.0218 -298.8765 12.61639 238.0218 -298.8765 8.187196 241.2214 -297.0293 8.187196 241.2214 -297.0293 -21.81351 316.0362 -503.8682 -20.96109 232.0615 -302.3171 -21.81351 316.0362 -503.8682 -20.96109 232.0615 -302.3171 -3.446593 -352.9758 641.1109 -0.1788927 -366.4275 667.6348 -3.446593 -352.9758 641.1109 -0.1788927 -366.4275 667.6348 3.758088 -363.1069 670.3108 3.758088 -363.1069 670.3108 11.40039 327.9507 -496.9893 11.40039 327.9507 -496.9893 -24.7633 309.8689 -507.4292 -23.81259 226.0997 -305.7593 -24.7633 309.8689 -507.4292 -23.81259 226.0997 -305.7593 -3.446593 -355.0633 638.2527 -0.1788927 -368.9425 664.1909 -3.446593 -355.0633 638.2527 -0.1788927 -368.9425 664.1909 3.758088 -366.4275 667.6348 3.758088 -366.4275 667.6348 19.50611 225.0035 -306.3923 19.50611 225.0035 -306.3923 -25.76941 303.2503 -511.2503 -24.78516 219.7019 -309.4531 -25.76941 303.2503 -511.2503 -24.78516 219.7019 -309.4531 -3.446593 -356.3399 634.9519 -0.1788927 -370.4806 660.2136 -3.446593 -356.3399 634.9519 -0.1788927 -370.4806 660.2136 3.758088 -368.9425 664.1909 3.758088 -368.9425 664.1909 19.50611 219.7019 -309.4531 19.50611 219.7019 -309.4531 18.52191 325.396 -498.4644 18.52191 325.396 -498.4644 -24.7633 296.6319 -515.0713 -23.81259 213.304 -313.1472 -24.7633 296.6319 -515.0713 -23.81259 213.304 -313.1472 -3.446593 -357.0585 632.4387 -0.1788927 -371.3464 657.1858 -3.446593 -357.0585 632.4387 -0.1788927 -371.3464 657.1858 3.758088 -370.4806 660.2136 3.758088 -370.4806 660.2136 17.91352 207.3423 -316.5894 17.91352 207.3423 -316.5894 24.63721 321.3323 -500.8103 24.63721 321.3323 -500.8103 -17.5336 193.1772 -324.7673 -17.5336 193.1772 -324.7673 -3.446593 -364.5436 605.9077 -0.1788927 -380.3645 625.2207 -3.446593 -362.5807 612.8648 -3.446593 -359.8196 622.6519 -3.446593 -359.8196 622.6519 -3.446593 -362.5807 612.8648 -3.446593 -364.5436 605.9077 -0.1788927 -380.3645 625.2207 3.758088 -371.3464 657.1858 3.758088 -371.3464 657.1858 29.32971 316.0362 -503.8682 29.32971 316.0362 -503.8682 -21.81351 290.4646 -518.6323 -21.81351 290.4646 -518.6323 -0.1788927 -378.9114 610.3789 -3.446593 -363.3376 593.5889 -3.446593 -363.3376 593.5889 -0.1788927 -378.9114 610.3789 3.758088 -377.6142 634.9688 3.758088 -380.3645 625.2207 3.758088 -373.4635 649.6819 3.758088 -373.4635 649.6819 3.758088 -377.6142 634.9688 3.758088 -380.3645 625.2207 -14.3941 176.6797 -334.2922 -14.3941 176.6797 -334.2922 -11.25461 132.5429 -359.7742 -11.25461 132.5429 -359.7742 -10.74301 129.1779 -361.7173 -10.74301 129.1779 -361.7173 16.32083 194.9826 -323.7254 16.32083 194.9826 -323.7254 32.27951 309.8689 -507.4292 32.27951 309.8689 -507.4292 -9.243194 126.0421 -363.5283 -9.243194 126.0421 -363.5283 3.758088 -378.9114 610.3789 3.758088 -378.9114 610.3789 7.336091 125.2574 -363.9812 7.336091 125.2574 -363.9812 9.096803 138.9214 -356.0923 9.096803 138.9214 -356.0923 11.52182 157.74 -345.2273 11.52182 157.74 -345.2273 -11.25461 147.3141 -351.2463 -11.25461 147.3141 -351.2463 14.67331 182.1969 -331.1072 14.67331 182.1969 -331.1072 -17.121 285.1686 -521.6892 -17.121 285.1686 -521.6892 -6.857512 123.3495 -365.0823 -6.857512 123.3495 -365.0823 3.758088 114.1056 -359.8252 3.758088 114.1056 -359.8252 -11.00571 281.1047 -524.0364 -11.00571 281.1047 -524.0364 -3.884154 278.5501 -525.5112 -3.884154 278.5501 -525.5112 32.27951 296.6319 -515.0713 32.27951 296.6319 -515.0713 32.33649 297.1932 -500.7583 33.2857 303.2503 -511.2503 33.2857 303.2503 -511.2503 32.33649 297.1932 -500.7583 -3.748168 121.2834 -366.2752 -3.748168 121.2834 -366.2752 -0.1275011 119.9846 -367.0252 -0.1275011 119.9846 -367.0252 5.234498 120.2913 -366.8482 5.234498 120.2913 -366.8482 5.726594 121.0413 -366.4153 5.726594 121.0413 -366.4153 24.63721 285.1686 -521.6892 24.63721 285.1686 -521.6892 29.32971 290.4646 -518.6323 29.32971 290.4646 -518.6323 -0.06298702 278.1145 -525.7622 -0.06298702 278.1145 -525.7622 3.758088 124.7933 -374.4841 3.758088 124.7933 -374.4841 18.52191 281.1047 -524.0364 18.52191 281.1047 -524.0364 3.758088 277.6788 -526.0142 3.758088 277.6788 -526.0142 11.40039 278.5501 -525.5112 11.40039 278.5501 -525.5112</float_array>
          <technique_common>
            <accessor source="#ID246-mesh-positions-array" count="204" stride="3">
              <param name="X" type="float"/>
              <param name="Y" type="float"/>
              <param name="Z" type="float"/>
            </accessor>
          </technique_common>
        </source>
        <source id="ID246-mesh-normals">
          <float_array id="ID246-mesh-normals-array" count="312">-0.9977344 0.001220762 0.06726437 -0.997891 0.056827 0.03137385 -0.2572444 0.8584375 0.4437458 -0.9970702 0.02224862 0.07318562 -0.9947687 0.05588036 0.08551436 -0.9856431 0.12818 0.1098991 -0.9656554 0.2212636 0.1362068 -0.4972552 0.7699475 0.3998978 -0.6332165 0.1788131 0.7530357 -0.6385267 -0.02026486 0.7693329 -0.6229608 0.3693145 0.6895844 -0.601777 0.5432108 0.5854798 -0.5615234 0.6709654 0.4842487 0.2720498 0.8556414 0.4403032 -0.9979337 -0.01681584 0.06201416 -0.2595975 0.8905546 0.3735263 -0.5017657 0.7974964 0.3350089 -0.6408488 -0.2168411 0.7364053 0.6742701 -0.01782345 0.7382698 0.6735923 0.1742349 0.7182727 0.6742306 0.3533515 0.6485029 0.6714622 0.5104711 0.5371758 0.6820029 0.597588 0.4216168 0.004516839 0.919489 0.3930901 -0.7039516 0.6290885 0.3296969 -0.7098488 0.6490543 0.2735751 -0.9978482 -0.03415071 0.05597174 -0.6409978 -0.3990099 0.6556776 0.6742429 -0.2078092 0.7086692 0.9101881 0.3637517 0.1980965 0.7418063 0.5930849 0.3130077 0.6379078 0.6838387 0.3541728 -0.8691674 0.4551692 0.193311 -0.863322 0.4452419 0.23756 -0.9974527 -0.05267578 0.0480979 -0.6390146 -0.5553914 0.5321662 0.6741769 -0.3843938 0.6306561 0.2707332 0.8753738 0.4005301 -0.9682212 0.2293211 0.09979772 -0.9643587 0.2307282 0.1295252 -0.9964974 -0.075015 0.03695815 -0.6342263 -0.6768621 0.3736506 0.6741945 -0.5345398 0.5096362 0.9911676 0.1098381 0.07431387 -0.9999232 -0.01239067 -2.44152e-4 -0.9999179 0 0.01281785 -0.9958333 -0.08694845 0.02749752 -0.6435384 -0.7250261 0.2453479 0.6740732 -0.6481015 0.3543866 0.9984017 -0.05639928 -0.003662288 0.5085479 0.7706197 0.384089 -0.9638699 -0.2450723 -0.104377 -0.980975 -0.1780788 -0.07730484 -0.9958423 -0.08789533 0.02392703 -0.6487774 -0.7320033 0.2079884 0.691465 -0.684873 0.2298372 0.9934948 -0.1115785 -0.02276736 0.7144527 0.6150825 0.333513 -0.9766682 -0.1966337 -0.08633816 -0.9926353 -0.1211305 -0.001586973 -0.6088865 -0.789346 0.07867819 -0.996443 -0.08111929 0.02282816 0.009949207 -0.9125541 0.408835 0.007080316 -0.9724779 0.2328881 0.7014191 -0.6857933 0.1941621 0.8739224 0.4078305 0.2644504 -0.8706827 -0.4380423 -0.2236753 -0.5786797 -0.7875549 -0.2118661 -0.9710333 -0.2186709 -0.09631896 0.7047173 -0.6828961 0.1924231 0.6659623 -0.7430235 0.06641006 0.7036545 -0.683939 0.1926077 -0.9914112 -0.1205197 -0.05078369 -0.9974827 -0.05975615 -0.03817921 -0.9615988 -0.2217525 -0.1617212 0.9930928 -0.1159422 -0.01800626 0.9661781 0.1840921 0.1805823 -0.8602442 -0.4114596 -0.3011327 0.6644421 -0.7176988 -0.2083877 0.9739437 -0.1998975 -0.1071206 0.9930062 -0.1145999 -0.02838289 0.9928367 -0.1176804 -0.02066117 -0.9988476 -0.04440474 -0.01821964 0.9565576 -0.209452 0.2027989 0.9612051 -0.2113155 0.1772865 -0.7323803 -0.5658956 -0.3786574 -0.6986153 -0.5781865 -0.4214703 0.2653035 -0.8503568 -0.4544311 -0.522485 -0.6483453 -0.553767 -0.2625284 -0.6984072 -0.6658124 0.9684318 -0.2378963 -0.07446658 0.9968979 -0.03045779 0.07257378 0.9969966 -0.03833192 0.06729453 -0.4926667 -0.7032473 -0.5125651 -0.2996964 -0.7715504 -0.5611525 0.7230403 -0.5655286 -0.3967245 0.9096864 -0.3491704 -0.224835 0.7252294 -0.5348808 -0.4335262 0.8799663 -0.4053283 -0.247726 -0.1291567 -0.708531 -0.6937597 0.2232801 -0.7096073 -0.668284 0.507753 -0.6287628 -0.5889349 -0.003540217 -0.707682 -0.7065223 0.2612098 -0.6854506 -0.6796521</float_array>
          <technique_common>
            <accessor source="#ID246-mesh-normals-array" count="104" stride="3">
              <param name="X" type="float"/>
              <param name="Y" type="float"/>
              <param name="Z" type="float"/>
            </accessor>
          </technique_common>
        </source>
        <vertices id="ID246-mesh-vertices">
          <input semantic="POSITION" source="#ID246-mesh-positions"/>
        </vertices>
        <triangles material="Color_000-material" count="354">
          <input semantic="VERTEX" source="#ID246-mesh-vertices" offset="0"/>
          <input semantic="NORMAL" source="#ID246-mesh-normals" offset="1"/>
          <p>0 0 1 1 2 2 1 1 0 0 3 3 1 1 3 3 4 4 1 1 4 4 5 5 1 1 5 5 6 6 7 6 9 1 8 5 8 5 9 1 10 4 10 4 9 1 11 3 11 3 9 1 12 0 13 2 12 0 9 1 0 0 2 2 14 7 15 7 12 0 13 2 16 8 0 0 17 9 0 0 16 8 3 3 11 3 12 0 18 8 19 9 18 8 12 0 20 10 3 3 16 8 3 3 20 10 4 4 10 4 11 3 21 10 18 8 21 10 11 3 22 11 4 4 20 10 4 4 22 11 5 5 8 5 10 4 23 11 21 10 23 11 10 4 24 12 5 5 22 11 5 5 24 12 6 6 7 6 8 5 25 12 23 11 25 12 8 5 26 13 1 1 6 6 7 6 27 13 9 1 1 1 27 13 2 2 13 2 9 1 26 13 14 7 28 14 0 0 12 0 15 7 29 14 14 7 30 15 31 16 30 15 14 7 2 2 13 2 32 15 15 7 33 16 15 7 32 15 17 9 28 14 34 17 28 14 17 9 0 0 12 0 29 14 19 9 35 17 19 9 29 14 36 18 16 8 17 9 16 8 36 18 37 19 38 19 18 8 39 18 19 9 39 18 18 8 16 8 40 20 20 10 40 20 16 8 37 19 38 19 41 20 18 8 21 10 18 8 41 20 40 20 22 11 20 10 22 11 40 20 42 21 43 21 23 11 41 20 21 10 41 20 23 11 22 11 44 22 24 12 44 22 22 11 42 21 43 21 45 22 23 11 25 12 23 11 45 22 27 13 6 6 24 12 25 12 26 13 7 6 2 2 46 23 30 15 46 23 2 2 27 13 26 13 47 23 13 2 32 15 13 2 47 23 28 14 14 7 48 24 49 24 29 14 15 7 48 24 31 16 50 25 31 16 48 24 14 7 15 7 33 16 49 24 51 25 49 24 33 16 34 17 52 26 53 27 52 26 34 17 28 14 29 14 54 26 35 17 55 27 35 17 54 26 34 17 36 18 17 9 36 18 34 17 56 28 57 28 39 18 35 17 19 9 35 17 39 18 58 29 37 19 36 18 39 18 59 29 38 19 60 30 40 20 37 19 38 19 61 30 41 20 60 30 42 21 40 20 41 20 61 30 43 21 62 31 44 22 42 21 43 21 63 31 45 22 44 22 27 13 24 12 25 12 45 22 26 13 27 13 62 31 46 23 47 23 26 13 63 31 48 24 52 26 28 14 29 14 49 24 54 26 48 24 64 32 65 33 64 32 48 24 50 25 51 25 66 32 49 24 67 33 49 24 66 32 53 27 68 34 69 35 68 34 53 27 52 26 54 26 70 34 55 27 71 35 55 27 70 34 72 36 34 17 53 27 34 17 72 36 56 28 57 28 35 17 73 36 55 27 73 36 35 17 59 29 39 18 57 28 36 18 56 28 58 29 60 30 37 19 58 29 59 29 61 30 38 19 42 21 60 30 62 31 63 31 43 21 61 30 44 22 62 31 27 13 26 13 45 22 63 31 62 31 74 37 46 23 47 23 63 31 75 37 48 24 65 33 52 26 54 26 49 24 67 33 65 33 76 38 77 39 76 38 65 33 64 32 66 32 78 38 67 33 79 39 67 33 78 38 69 35 80 40 81 41 80 40 69 35 68 34 70 34 82 40 71 35 83 41 71 35 82 40 84 42 53 27 69 35 53 27 84 42 72 36 73 36 55 27 85 42 71 35 85 42 55 27 65 33 68 34 52 26 54 26 67 33 70 34 86 43 57 28 73 36 56 28 72 36 87 43 59 29 57 28 86 43 56 28 87 43 58 29 74 37 60 30 58 29 59 29 75 37 61 30 62 31 60 30 74 37 75 37 63 31 61 30 77 39 88 44 89 45 88 44 77 39 76 38 78 38 90 44 79 39 91 45 79 39 90 44 65 33 77 39 68 34 70 34 67 33 79 39 81 41 92 46 93 47 92 46 81 41 80 40 82 40 94 46 83 41 95 47 83 41 94 46 84 42 81 41 96 48 81 41 84 42 69 35 71 35 83 41 85 42 97 48 85 42 83 41 77 39 80 40 68 34 70 34 79 39 82 40 98 49 73 36 85 42 72 36 84 42 99 49 86 43 73 36 98 49 72 36 99 49 87 43 100 50 58 29 87 43 86 43 101 50 59 29 58 29 100 50 74 37 75 37 59 29 101 50 89 45 102 51 103 52 102 51 89 45 88 44 90 44 104 51 91 45 105 52 91 45 104 51 77 39 89 45 80 40 82 40 79 39 91 45 93 47 106 53 107 54 106 53 93 47 92 46 94 46 108 53 95 47 109 54 95 47 108 53 96 48 93 47 110 55 93 47 96 48 81 41 83 41 95 47 97 48 111 55 97 48 95 47 89 45 92 46 80 40 82 40 91 45 94 46 112 56 85 42 97 48 84 42 96 48 113 56 98 49 85 42 112 56 84 42 113 56 99 49 114 57 87 43 99 49 98 49 115 57 86 43 87 43 114 57 100 50 101 50 86 43 115 57 102 51 116 58 103 52 105 52 104 51 117 58 89 45 103 52 92 46 94 46 91 45 105 52 107 54 118 59 119 60 118 59 107 54 120 61 120 61 107 54 106 53 120 61 106 53 121 62 122 63 123 61 108 53 108 53 123 61 109 54 123 61 124 59 109 54 125 60 109 54 124 59 110 55 107 54 126 64 107 54 110 55 93 47 95 47 109 54 111 55 127 64 111 55 109 54 103 52 106 53 92 46 94 46 105 52 108 53 112 56 97 48 111 55 96 48 110 55 113 56 128 65 99 49 113 56 112 56 129 65 98 49 114 57 99 49 128 65 129 65 115 57 98 49 102 51 130 66 116 58 117 58 104 51 131 66 103 52 116 58 106 53 108 53 105 52 117 58 118 59 132 67 119 60 132 67 118 59 133 68 134 68 135 67 124 59 125 60 124 59 135 67 136 69 119 60 137 70 119 60 136 69 107 54 107 54 136 69 138 71 107 54 138 71 126 64 127 64 109 54 139 71 139 71 109 54 140 69 109 54 125 60 140 69 141 70 140 69 125 60 142 72 121 62 106 53 108 53 143 72 122 63 144 73 120 61 121 62 122 63 145 73 123 61 146 74 118 59 120 61 123 61 147 74 124 59 148 75 111 55 127 64 110 55 126 64 149 75 112 56 111 55 148 75 110 55 149 75 113 56 128 65 113 56 150 76 151 76 129 65 112 56 130 66 142 72 116 58 117 58 131 66 143 72 116 58 142 72 106 53 108 53 117 58 143 72 152 77 132 67 133 68 134 68 153 77 135 67 154 78 119 60 132 67 119 60 154 78 137 70 141 70 125 60 155 78 135 67 155 78 125 60 152 77 133 68 118 59 124 59 153 77 134 68 156 79 136 69 137 70 141 70 157 79 140 69 158 80 138 71 136 69 140 69 159 80 139 71 160 81 126 64 138 71 139 71 161 81 127 64 142 72 162 82 121 62 122 63 143 72 163 82 162 82 144 73 121 62 122 63 163 82 145 73 144 73 146 74 120 61 123 61 145 73 147 74 146 74 152 77 118 59 124 59 147 74 153 77 160 81 149 75 126 64 149 75 160 81 164 83 165 84 148 75 161 81 127 64 161 81 148 75 150 76 113 56 149 75 148 75 151 76 112 56 130 66 166 85 142 72 143 72 131 66 167 85 152 77 168 86 132 67 135 67 153 77 169 86 154 78 132 67 170 87 171 87 155 78 135 67 156 79 137 70 154 78 155 78 157 79 141 70 158 80 136 69 156 79 157 79 159 80 140 69 160 81 138 71 158 80 159 80 161 81 139 71 166 85 162 82 142 72 143 72 167 85 163 82 172 88 144 73 162 82 163 82 173 88 145 73 172 88 146 74 144 73 145 73 173 88 147 74 174 89 152 77 146 74 147 74 175 89 153 77 176 90 164 83 160 81 161 81 177 90 165 84 164 83 178 91 149 75 178 91 164 83 179 92 180 92 181 91 165 84 148 75 165 84 181 91 178 91 150 76 149 75 150 76 178 91 179 92 180 92 151 76 181 91 148 75 181 91 151 76 174 89 168 86 152 77 153 77 175 89 169 86 132 67 168 86 182 93 183 93 135 67 169 86 132 67 184 94 170 87 171 87 135 67 185 94 186 95 155 78 171 87 154 78 170 87 187 95 157 79 155 78 188 96 154 78 189 96 156 79 190 97 158 80 156 79 157 79 191 97 159 80 192 98 160 81 158 80 159 80 193 98 161 81 162 82 166 85 172 88 173 88 163 82 167 85 146 74 172 88 174 89 175 89 147 74 173 88 179 92 164 83 176 90 177 90 180 92 165 84 176 90 160 81 192 98 193 98 177 90 161 81 168 86 174 89 194 99 195 99 169 86 175 89 194 99 182 93 168 86 169 86 195 99 183 93 132 67 182 93 184 94 185 94 135 67 183 93 170 87 184 94 196 100 197 100 171 87 185 94 171 87 197 100 186 95 196 100 187 95 170 87 188 96 155 78 186 95 154 78 187 95 189 96 198 101 157 79 188 96 156 79 189 96 199 101 192 98 158 80 190 97 191 97 193 98 159 80 190 97 156 79 199 101 198 101 191 97 157 79 182 93 194 99 200 102 201 102 183 93 195 99 200 102 184 94 182 93 183 93 201 102 185 94 196 100 184 94 200 102 201 102 197 100 185 94 202 103 187 95 196 100 197 100 203 103 186 95 198 101 188 96 186 95 189 96 187 95 199 101 202 103 196 100 200 102 201 102 203 103 197 100 187 95 202 103 199 101 198 101 186 95 203 103</p>
        </triangles>
      </mesh>
    </geometry>
    <geometry id="ID228-mesh" name="ID228">
      <mesh>
        <source id="ID228-mesh-positions">
          <float_array id="ID228-mesh-positions-array" count="612">-3.446598 730.5953 -25.1872 -3.459995 647.4104 -30.61615 -3.629398 -377.8467 -63.11127 -3.446598 719.0173 -32.24335 -3.446598 722.5144 -31.69818 -3.446598 725.7514 -30.2663 -3.446598 728.5073 -28.04535 -3.446598 728.5073 -28.04535 -3.446598 730.5953 -25.1872 -3.446598 725.7514 -30.2663 -3.446598 722.5144 -31.69818 -3.446598 719.0173 -32.24335 -3.459995 647.4104 -30.61615 -3.629398 -377.8467 -63.11127 -10.51349 -377.8467 -60.26019 -10.51349 -377.8467 -60.26019 -0.1788979 757.5484 -32.35614 -0.1788979 760.0634 -28.91229 -0.1788979 760.0634 -28.91229 -0.1788979 757.5484 -32.35614 -0.1788979 754.2284 -35.03216 -0.1788979 754.2284 -35.03216 -0.1788979 750.3284 -36.75726 -0.1788979 750.3284 -36.75726 -0.1788979 746.1144 -37.41424 -0.1788979 746.1144 -37.41424 3.758083 -377.8467 -64.08417 3.758083 -377.8467 -64.08417 -3.446598 731.8713 -21.88617 -3.446598 731.8713 -21.88617 -3.884159 -594.3822 -35.51922 -11.00571 -594.3822 -32.56927 -3.884159 -594.3822 -35.51922 -11.00571 -594.3822 -32.56927 -0.1788979 761.6013 -24.93549 -0.1788979 761.6013 -24.93549 3.758083 760.0634 -28.91229 3.758083 757.5484 -32.35614 3.758083 760.0634 -28.91229 3.758083 757.5484 -32.35614 3.758083 754.2284 -35.03216 3.758083 754.2284 -35.03216 3.758083 750.3284 -36.75726 3.758083 750.3284 -36.75726 3.758083 746.1144 -37.41424 3.758083 746.1144 -37.41424 3.758083 -594.3822 -36.52533 3.758083 -594.3822 -36.52533 -16.42511 -377.8467 -55.7243 -16.42511 -377.8467 -55.7243 -17.12101 -594.3822 -27.87616 -17.12101 -594.3822 -27.87616 -3.446598 732.2504 -18.36615 -0.1788979 762.0584 -20.6955 -0.1788979 762.0584 -20.6955 -3.446598 732.2504 -18.36615 3.758083 761.6013 -24.93549 3.758083 761.6013 -24.93549 17.53759 -377.8467 -49.30536 17.53759 -377.8467 -49.30536 12.61639 -377.8467 -56.69427 12.61639 -377.8467 -56.69427 8.187191 -377.8467 -60.38934 8.187191 -377.8467 -60.38934 -20.96109 -377.8467 -49.81219 -21.81351 -594.3822 -21.76117 -20.96109 -377.8467 -49.81219 -21.81351 -594.3822 -21.76117 -0.1788979 761.4014 -16.48236 -3.446598 731.7053 -14.86932 -0.1788979 761.4014 -16.48236 -3.446598 731.7053 -14.86932 3.758083 762.0584 -20.6955 3.758083 762.0584 -20.6955 11.40039 -594.3822 -35.51922 11.40039 -594.3822 -35.51922 -23.8126 -377.8467 -42.92816 -24.76331 -594.3822 -14.63934 -23.8126 -377.8467 -42.92816 -24.76331 -594.3822 -14.63934 -0.1788979 759.6763 -12.58221 -3.446598 730.2733 -11.63226 -0.1788979 759.6763 -12.58221 -3.446598 730.2733 -11.63226 3.758083 761.4014 -16.48236 3.758083 761.4014 -16.48236 19.5061 -377.8467 -41.66229 19.5061 -377.8467 -41.66229 -24.78516 -377.8467 -35.54022 -25.76941 -594.3822 -6.997253 -24.78516 -377.8467 -35.54022 -25.76941 -594.3822 -6.997253 -0.1788979 757.0004 -9.261171 -3.446598 728.0534 -8.87616 -0.1788979 757.0004 -9.261171 -3.446598 728.0534 -8.87616 3.758083 759.6763 -12.58221 3.758083 759.6763 -12.58221 19.5061 -377.8467 -35.54022 19.5061 -377.8467 -35.54022 18.52191 -594.3822 -32.56927 18.52191 -594.3822 -32.56927 -23.8126 -377.8467 -28.15326 -24.76331 -594.3822 0.6445923 -23.8126 -377.8467 -28.15326 -24.76331 -594.3822 0.6445923 -0.1788979 754.8114 -6.997253 -3.446598 726.2354 -6.997253 -0.1788979 754.8114 -6.997253 -3.446598 726.2354 -6.997253 3.758083 757.0004 -9.261171 3.758083 757.0004 -9.261171 17.91351 -377.8467 -21.26923 17.91351 -377.8467 -21.26923 24.6372 -594.3822 -27.87616 24.6372 -594.3822 -27.87616 -17.5336 -377.8467 -4.912292 -17.5336 -377.8467 -4.912292 -0.1788979 731.6383 16.7945 -3.446598 712.0454 7.571838 -3.446598 707.0014 12.75079 -3.446598 719.1404 0.2866821 -0.1788979 731.6383 16.7945 -3.446598 719.1404 0.2866821 -3.446598 712.0454 7.571838 -3.446598 707.0014 12.75079 3.758083 754.8114 -6.997253 3.758083 754.8114 -6.997253 29.32971 -594.3822 -21.76117 29.32971 -594.3822 -21.76117 -21.81351 -594.3822 7.766663 -21.81351 -594.3822 7.766663 -0.1788979 718.0574 22.95783 -3.446598 695.7304 17.86578 -0.1788979 718.0574 22.95783 -3.446598 695.7304 17.86578 3.758083 749.3713 -1.412292 3.758083 738.7053 9.538637 3.758083 731.6383 16.7945 3.758083 731.6383 16.7945 3.758083 738.7053 9.538637 3.758083 749.3713 -1.412292 -14.39411 -377.8467 14.13678 -14.39411 -377.8467 14.13678 -11.25461 -377.8467 65.10187 -11.25461 -377.8467 65.10187 -10.74302 -377.8467 68.98786 -10.74302 -377.8467 68.98786 16.32083 -377.8467 -6.997253 16.32083 -377.8467 -6.997253 32.27951 -594.3822 -14.63934 32.27951 -594.3822 -14.63934 -9.2432 -377.8467 72.60773 -9.2432 -377.8467 72.60773 3.758083 718.0574 22.95783 3.758083 718.0574 22.95783 7.336086 -377.8467 73.51448 7.336086 -377.8467 73.51448 9.096798 -377.8467 57.73688 9.096798 -377.8467 57.73688 11.52182 -377.8467 36.00665 11.52182 -377.8467 36.00665 -11.25461 -377.8467 48.04571 -11.25461 -377.8467 48.04571 14.67331 -377.8467 7.766663 14.67331 -377.8467 7.766663 -17.12101 -594.3822 13.88165 -17.12101 -594.3822 13.88165 -6.857517 -377.8467 75.71784 -6.857517 -377.8467 75.71784 3.758083 -368.6722 81.09455 3.758083 -368.6722 81.09455 -11.00571 -594.3822 18.57379 -11.00571 -594.3822 18.57379 -3.884159 -594.3822 21.52374 -3.884159 -594.3822 21.52374 32.27951 -594.3822 0.6445923 32.27951 -594.3822 0.6445923 32.36029 -582.5712 -6.997253 33.2857 -594.3822 -6.997253 32.36029 -582.5712 -6.997253 33.2857 -594.3822 -6.997253 -3.748173 -377.8467 78.10285 -3.748173 -377.8467 78.10285 -0.1275063 -377.8467 79.60285 -0.1275063 -377.8467 79.60285 5.234493 -377.8467 79.24884 5.234493 -377.8467 79.24884 5.726589 -377.8467 78.38288 5.726589 -377.8467 78.38288 24.6372 -594.3822 13.88165 24.6372 -594.3822 13.88165 29.32971 -594.3822 7.766663 29.32971 -594.3822 7.766663 -0.06299215 -594.3822 22.02667 -0.06299215 -594.3822 22.02667 3.758083 -386.7107 79.1678 3.758083 -386.7107 79.1678 18.52191 -594.3822 18.57379 18.52191 -594.3822 18.57379 3.758083 -594.3822 22.52985 3.758083 -594.3822 22.52985 11.40039 -594.3822 21.52374 11.40039 -594.3822 21.52374</float_array>
          <technique_common>
            <accessor source="#ID228-mesh-positions-array" count="204" stride="3">
              <param name="X" type="float"/>
              <param name="Y" type="float"/>
              <param name="Z" type="float"/>
            </accessor>
          </technique_common>
        </source>
        <source id="ID228-mesh-normals">
          <float_array id="ID228-mesh-normals-array" count="306">-0.9977354 0.05762034 -0.03470039 -0.9978901 -0.001220762 -0.06491458 -0.257249 -0.04489415 -0.9653018 -0.965755 0.007294118 -0.2593536 -0.9856752 0.03100734 -0.1657797 -0.9947833 0.04602336 -0.09103965 -0.9970795 0.05215656 -0.05578833 -0.49725 -0.03863734 -0.8667466 -0.6332538 0.5627532 -0.5313179 -0.6385174 0.6764219 -0.3670819 -0.6229639 0.412593 -0.6645925 -0.6017752 0.2354852 -0.7631602 -0.5615576 0.0839284 -0.8231701 0.2720166 -0.04651105 -0.9611679 -0.9979327 0.06213617 -0.01641905 -0.2596286 -0.1217419 -0.9580042 -0.5017984 -0.1085876 -0.8581417 -0.6408767 0.746138 -0.1804306 0.6742545 0.6483135 -0.3536533 0.6736087 0.5349623 -0.5099675 0.6742256 0.3850276 -0.6302173 0.6714836 0.2100026 -0.7106397 0.6819869 0.06637972 -0.7283459 0.00451678 -0.1192992 -0.9928482 -0.703965 -0.02902412 -0.7096416 -0.709846 -0.08759009 -0.6988896 -0.9978477 0.06555467 0.001586973 -0.6409943 0.7673437 0.01760953 0.6742694 0.7176072 -0.1743584 0.910179 -0.01031553 -0.4140867 0.7418275 -0.02545291 -0.6701076 0.637934 -0.03518813 -0.7692868 -0.8633281 -0.01687711 -0.5043609 -0.869154 -0.06015318 -0.4908695 -0.6390105 0.738564 0.214916 -0.9974523 0.06799632 0.02157688 0.6741638 0.7383757 0.01745682 0.2707355 -0.0907945 -0.9583626 -0.9643521 -0.003174006 -0.2646032 -0.9682244 -0.02819979 -0.248488 -0.6342248 0.662028 0.399347 -0.9964991 0.06949126 0.04648005 0.674198 0.7086237 0.2081099 0.991169 0.009430348 -0.1322698 -0.999918 0.01110881 -0.006378412 -0.9999234 0.005951166 0.01086473 -0.643564 0.5749867 0.5051888 -0.9958325 0.06729423 0.06155663 0.6740762 0.6309527 0.3840833 0.9984008 0.0250256 0.05069214 0.5086018 -0.05267602 -0.8593891 -0.9809742 0.02206528 0.1928805 -0.9638746 0.03210574 0.2644147 -0.6487725 0.5461677 0.5299011 -0.9958426 0.06467026 0.0641514 0.6914696 0.5414991 0.4781721 0.9934964 0.03604334 0.108008 0.7144513 -0.01867765 -0.6994359 -0.9766713 0.02349966 0.2134503 -0.6088938 0.4628276 0.6442353 -0.9964424 0.06033587 0.05884045 -0.9926356 0.0591461 0.1057183 -0.9963025 0.06134378 0.06015354 0.7013992 0.5110796 0.496827 0.8739124 0.02508664 -0.4854357 -0.8706773 0.02530026 0.4912037 -0.5786787 0.2102788 0.7879809 -0.9710348 0.02588039 0.2375322 0.703777 0.5086665 0.49594 0.7047061 0.508105 0.4951956 0.6659732 0.4290478 0.610244 -0.9914076 0.01623606 0.129797 -0.9974809 -0.003173947 0.07086497 -0.9615831 -0.02917587 0.2729592 0.9930949 0.04233008 0.1094113 0.966174 0.06433427 -0.2497379 -0.8602477 -0.05505681 0.5068952 0.6644538 0.1783514 0.7257355 0.9739471 0.007141351 0.2266632 0.9930061 0.03271663 0.1134402 0.9928371 0.04092568 0.1122481 -0.998847 0.006408929 0.04757863 0.9928492 0.0441612 0.1109066 -0.7323549 -0.0449844 0.6794357 -0.6986443 -0.07590109 0.7114318 0.2653043 0.03158748 0.9636472 -0.5224542 -0.1554026 0.8383865 -0.2625865 -0.2273979 0.9377305 0.9684373 0.05444633 0.2432385 0.9968967 0.07809758 -0.009888052 0.9969956 0.07745724 -3.96747e-4 -0.4926109 -0.0922901 0.8653423 -0.2997285 -0.1001943 0.9487486 0.7230547 -0.06079369 0.6881105 0.9096832 -0.02011209 0.4148158 0.7251915 -0.1080065 0.6800235 0.8799687 -0.01187205 0.4748833 -0.1291558 -0.2465314 0.96049 0.2232764 -0.2239478 0.9486806 0.507721 -0.1956599 0.8390093 -0.00350964 -0.2580068 0.9661368 0.2612175 -0.2458661 0.9334428</float_array>
          <technique_common>
            <accessor source="#ID228-mesh-normals-array" count="102" stride="3">
              <param name="X" type="float"/>
              <param name="Y" type="float"/>
              <param name="Z" type="float"/>
            </accessor>
          </technique_common>
        </source>
        <vertices id="ID228-mesh-vertices">
          <input semantic="POSITION" source="#ID228-mesh-positions"/>
        </vertices>
        <triangles material="Color_000-material" count="354">
          <input semantic="VERTEX" source="#ID228-mesh-vertices" offset="0"/>
          <input semantic="NORMAL" source="#ID228-mesh-normals" offset="1"/>
          <p>0 0 1 1 2 2 1 1 0 0 3 3 3 3 0 0 4 4 4 4 0 0 5 5 5 5 0 0 6 6 7 6 9 5 8 0 9 5 10 4 8 0 10 4 11 3 8 0 11 3 12 1 8 0 13 2 8 0 12 1 0 0 2 2 14 7 15 7 8 0 13 2 0 0 16 8 6 6 16 8 0 0 17 9 18 9 19 8 8 0 7 6 8 0 19 8 6 6 20 10 5 5 20 10 6 6 16 8 19 8 21 10 7 6 9 5 7 6 21 10 5 5 22 11 4 4 22 11 5 5 20 10 21 10 23 11 9 5 10 4 9 5 23 11 4 4 24 12 3 3 24 12 4 4 22 11 23 11 25 12 10 4 11 3 10 4 25 12 3 3 26 13 1 1 12 1 11 3 27 13 27 13 2 2 1 1 12 1 26 13 13 2 28 14 0 0 14 7 15 7 29 14 8 0 14 7 30 15 31 16 30 15 14 7 2 2 13 2 32 15 15 7 33 16 15 7 32 15 28 14 17 9 0 0 17 9 28 14 34 17 35 17 18 9 29 14 8 0 29 14 18 9 16 8 36 18 37 19 36 18 16 8 17 9 18 9 38 18 19 8 39 19 19 8 38 18 16 8 40 20 20 10 40 20 16 8 37 19 39 19 41 20 19 8 21 10 19 8 41 20 40 20 22 11 20 10 22 11 40 20 42 21 43 21 23 11 41 20 21 10 41 20 23 11 42 21 24 12 22 11 24 12 42 21 44 22 45 22 25 12 43 21 23 11 43 21 25 12 24 12 27 13 3 3 11 3 25 12 26 13 2 2 46 23 30 15 46 23 2 2 27 13 26 13 47 23 13 2 32 15 13 2 47 23 28 14 14 7 48 24 49 24 29 14 15 7 48 24 31 16 50 25 31 16 48 24 14 7 15 7 33 16 49 24 51 25 49 24 33 16 52 26 34 17 28 14 34 17 52 26 53 27 54 27 35 17 55 26 29 14 55 26 35 17 34 17 36 18 17 9 36 18 34 17 56 28 57 28 38 18 35 17 18 9 35 17 38 18 36 18 58 29 37 19 39 19 38 18 59 29 37 19 60 30 40 20 41 20 39 19 61 30 40 20 60 30 42 21 43 21 41 20 61 30 42 21 62 31 44 22 45 22 43 21 63 31 27 13 24 12 44 22 45 22 26 13 25 12 62 31 46 23 27 13 26 13 63 31 47 23 52 26 28 14 48 24 49 24 55 26 29 14 64 32 50 25 65 33 50 25 64 32 48 24 49 24 51 25 66 32 67 33 66 32 51 25 68 34 52 26 69 35 52 26 68 34 53 27 54 27 55 26 70 34 71 35 70 34 55 26 34 17 72 36 56 28 72 36 34 17 53 27 54 27 73 36 35 17 57 28 35 17 73 36 57 28 59 29 38 18 58 29 36 18 56 28 37 19 58 29 60 30 61 30 39 19 59 29 60 30 62 31 42 21 43 21 61 30 63 31 62 31 27 13 44 22 45 22 63 31 26 13 74 37 46 23 62 31 63 31 75 37 47 23 52 26 48 24 64 32 66 32 55 26 49 24 76 38 65 33 77 39 65 33 76 38 64 32 66 32 67 33 78 38 79 39 78 38 67 33 80 40 69 35 81 41 69 35 80 40 68 34 70 34 71 35 82 40 83 41 82 40 71 35 53 27 84 42 72 36 84 42 53 27 68 34 70 34 85 42 54 27 73 36 54 27 85 42 52 26 64 32 69 35 71 35 55 26 66 32 73 36 86 43 57 28 87 43 56 28 72 36 57 28 86 43 59 29 87 43 58 29 56 28 58 29 74 37 60 30 61 30 59 29 75 37 60 30 74 37 62 31 63 31 61 30 75 37 88 44 77 39 89 45 77 39 88 44 76 38 78 38 79 39 90 44 91 45 90 44 79 39 69 35 64 32 76 38 78 38 71 35 66 32 92 46 81 41 93 47 81 41 92 46 80 40 82 40 83 41 94 46 95 47 94 46 83 41 68 34 96 48 84 42 96 48 68 34 80 40 82 40 97 48 70 34 85 42 70 34 97 48 69 35 76 38 81 41 83 41 71 35 78 38 73 36 85 42 98 49 84 42 99 49 72 36 73 36 98 49 86 43 99 49 87 43 72 36 87 43 100 50 58 29 59 29 86 43 101 50 100 50 74 37 58 29 59 29 101 50 75 37 102 51 89 45 103 52 89 45 102 51 88 44 90 44 91 45 104 51 105 52 104 51 91 45 81 41 76 38 88 44 90 44 83 41 78 38 106 53 93 47 107 54 93 47 106 53 92 46 94 46 95 47 108 53 109 54 108 53 95 47 92 46 96 48 80 40 96 48 92 46 110 55 111 55 97 48 94 46 82 40 94 46 97 48 81 41 88 44 93 47 95 47 83 41 90 44 85 42 97 48 112 56 96 48 113 56 84 42 85 42 112 56 98 49 113 56 99 49 84 42 99 49 114 57 87 43 86 43 98 49 115 57 114 57 100 50 87 43 86 43 115 57 101 50 102 51 103 52 116 58 117 58 104 51 105 52 93 47 88 44 102 51 104 51 95 47 90 44 118 59 119 60 120 61 119 60 118 59 121 62 121 62 118 59 107 54 107 54 118 59 106 53 108 53 109 54 122 59 109 54 123 62 122 59 123 62 124 60 122 59 125 61 122 59 124 60 106 53 110 55 92 46 110 55 106 53 126 63 127 63 111 55 108 53 94 46 108 53 111 55 93 47 102 51 107 54 109 54 95 47 104 51 97 48 111 55 112 56 110 55 113 56 96 48 113 56 128 64 99 49 98 49 112 56 129 64 99 49 128 64 114 57 115 57 98 49 129 64 116 58 103 52 130 65 131 65 117 58 105 52 107 54 102 51 116 58 117 58 109 54 104 51 132 66 120 61 133 67 120 61 132 66 118 59 122 59 125 61 134 66 135 67 134 66 125 61 118 59 126 63 106 53 126 63 118 59 136 68 136 68 118 59 137 69 137 69 118 59 138 70 139 70 140 69 122 59 140 69 141 68 122 59 141 68 127 63 122 59 108 53 122 59 127 63 107 54 142 71 121 62 123 62 109 54 143 71 121 62 144 72 119 60 124 60 123 62 145 72 119 60 146 73 120 61 125 61 124 60 147 73 111 55 127 63 148 74 126 63 149 74 110 55 111 55 148 74 112 56 149 74 113 56 110 55 113 56 150 75 128 64 129 64 112 56 151 75 116 58 130 65 142 71 143 71 117 58 131 65 107 54 116 58 142 71 143 71 109 54 117 58 132 66 133 67 152 76 153 76 134 66 135 67 154 77 118 59 132 66 118 59 154 77 138 70 139 70 122 59 155 77 134 66 155 77 122 59 120 61 152 76 133 67 135 67 125 61 153 76 137 69 138 70 156 78 157 78 140 69 139 70 136 68 137 69 158 79 159 79 141 68 140 69 126 63 136 68 160 80 161 80 127 63 141 68 121 62 142 71 162 81 163 81 123 62 143 71 121 62 162 81 144 72 145 72 123 62 163 81 119 60 144 72 146 73 147 73 124 60 145 72 120 61 146 73 152 76 153 76 125 61 147 73 126 63 164 82 149 74 164 82 126 63 160 80 161 80 165 82 127 63 148 74 127 63 165 82 149 74 150 75 113 56 112 56 148 74 151 75 142 71 130 65 166 83 167 83 143 71 131 65 132 66 152 76 168 84 169 84 134 66 153 76 154 77 132 66 170 85 171 85 155 77 134 66 138 70 154 77 156 78 157 78 139 70 155 77 137 69 156 78 158 79 159 79 140 69 157 78 136 68 158 79 160 80 161 80 141 68 159 79 142 71 166 83 162 81 163 81 143 71 167 83 162 81 172 86 144 72 145 72 163 81 173 86 144 72 172 86 146 73 147 73 145 72 173 86 146 73 174 87 152 76 153 76 147 73 175 87 160 80 176 88 164 82 165 82 161 80 177 88 178 89 164 82 179 90 164 82 178 89 149 74 148 74 165 82 180 89 181 90 180 89 165 82 150 75 178 89 179 90 178 89 150 75 149 74 148 74 180 89 151 75 181 90 151 75 180 89 152 76 174 87 168 84 169 84 153 76 175 87 132 66 168 84 182 91 183 91 134 66 169 84 170 85 132 66 184 92 185 92 171 85 134 66 155 77 171 85 186 93 170 85 187 93 154 77 155 77 188 94 157 78 189 94 156 78 154 77 156 78 190 95 158 79 159 79 157 78 191 95 158 79 192 96 160 80 161 80 159 79 193 96 172 86 162 81 166 83 167 83 173 86 163 81 174 87 146 73 172 86 173 86 175 87 147 73 164 82 176 88 179 90 181 90 165 82 177 88 160 80 192 96 176 88 177 88 161 80 193 96 194 97 168 84 174 87 175 87 195 97 169 84 194 97 182 91 168 84 169 84 195 97 183 91 184 92 132 66 182 91 183 91 185 92 134 66 170 85 184 92 196 98 197 98 171 85 185 92 186 93 171 85 197 98 170 85 196 98 187 93 155 77 186 93 188 94 187 93 189 94 154 77 157 78 188 94 198 99 189 94 199 99 156 78 158 79 190 95 192 96 193 96 159 79 191 95 190 95 156 78 199 99 198 99 191 95 157 78 200 100 182 91 194 97 195 97 201 100 183 91 200 100 184 92 182 91 183 91 201 100 185 92 196 98 184 92 200 100 201 100 197 98 185 92 187 93 196 98 202 101 203 101 186 93 197 98 188 94 186 93 198 99 187 93 199 99 189 94 202 101 196 98 200 100 201 100 203 101 197 98 199 99 187 93 202 101 203 101 198 99 186 93</p>
        </triangles>
      </mesh>
    </geometry>
    <geometry id="ID276-mesh" name="ID276">
      <mesh>
        <source id="ID276-mesh-positions">
          <float_array id="ID276-mesh-positions-array" count="1524">6.592011 1.16543e-5 38.28628 -13.66989 -8.160328 30.45523 -13.66989 1.16543e-5 31.5292 6.592011 -9.909231 36.98184 6.592011 -9.909231 36.98184 6.592011 1.16543e-5 38.28628 -13.66989 -8.160328 30.45523 -13.66989 1.16543e-5 31.5292 -47.5704 -3.589954 13.3981 -47.5704 1.16543e-5 13.87026 -47.5704 -3.589954 13.3981 -47.5704 1.16543e-5 13.87026 6.592011 9.909254 36.98184 -13.66989 8.160351 30.45523 6.592011 9.909254 36.98184 -13.66989 8.160351 30.45523 13.36899 -10.45476 39.01821 13.36899 1.16543e-5 40.39419 13.36899 1.16543e-5 40.39419 13.36899 -10.45476 39.01821 -13.66989 -15.76458 27.30508 6.592011 -19.14324 33.15713 6.592011 -19.14324 33.15713 -13.66989 -15.76458 27.30508 -51.89471 -2.884571 10.76504 -51.89471 1.16543e-5 11.14517 -51.89471 -2.884571 10.76504 -51.89471 1.16543e-5 11.14517 -47.5704 3.589977 13.3981 -47.5704 3.589977 13.3981 -47.5704 -6.93523 12.01187 -47.5704 -6.93523 12.01187 13.36899 10.45472 39.01821 13.36899 10.45472 39.01821 6.592011 19.14326 33.15713 -13.66989 15.76454 27.30508 6.592011 19.14326 33.15713 -13.66989 15.76454 27.30508 25.54291 -11.31896 42.24307 25.54291 -0.06401419 43.72427 25.54291 -0.06401419 43.72427 25.54291 -11.31896 42.24307 13.36899 -20.19707 34.98184 13.36899 -20.19707 34.98184 -13.66989 -22.29442 22.29409 6.592011 -27.07262 27.07193 6.592011 -27.07262 27.07193 -13.66989 -22.29442 22.29409 -55.14551 -1.982654 7.399074 -55.14551 1.16543e-5 7.66006 -55.14551 1.16543e-5 7.66006 -55.14551 -1.982654 7.399074 -51.89471 2.884533 10.76504 -51.89471 2.884533 10.76504 -51.89471 -5.57262 9.652005 -51.89471 -5.57262 9.652005 -47.5704 6.935253 12.01187 -47.5704 6.935253 12.01187 -47.5704 -9.807972 9.808255 -47.5704 -9.807972 9.808255 25.54291 11.31886 42.24307 25.54291 0.0640375 43.72427 25.54291 0.0640375 43.72427 25.54291 11.31886 42.24307 13.36899 20.19703 34.98184 13.36899 20.19703 34.98184 6.592011 27.07264 27.07193 -13.66989 22.29445 22.29409 6.592011 27.07264 27.07193 -13.66989 22.29445 22.29409 40.92938 -11.71813 43.73306 40.92938 -0.1643559 45.25405 40.92938 -0.1643559 45.25405 40.92938 -11.71813 43.73306 25.54291 -21.86644 37.87417 25.54291 -21.86644 37.87417 13.36899 -28.56304 28.56314 13.36899 -28.56304 28.56314 6.592011 -33.15703 19.14322 -13.66989 -27.30492 15.76406 6.592011 -33.15703 19.14322 -13.66989 -27.30492 15.76406 -57.10129 -0.945667 3.529201 -57.10129 1.16543e-5 3.653224 -57.10129 1.16543e-5 3.653224 -57.10129 -0.945667 3.529201 -55.14551 1.982678 7.399074 -55.14551 1.982678 7.399074 -55.14551 -3.83025 6.634181 -55.14551 -3.83025 6.634181 -51.89471 5.572521 9.652005 -51.89471 5.572521 9.652005 -51.89471 -7.880848 7.881251 -51.89471 -7.880848 7.881251 -47.5704 9.807873 9.808255 -47.5704 9.807873 9.808255 -47.5704 -12.01213 6.935206 -47.5704 -12.01213 6.935206 25.54291 21.86647 37.87417 25.54291 21.86647 37.87417 40.92938 11.71815 43.73306 40.92938 0.1643792 45.25405 40.92938 0.1643792 45.25405 40.92938 11.71815 43.73306 13.36899 28.56294 28.56314 13.36899 28.56294 28.56314 6.592011 33.15705 19.14322 -13.66989 27.305 15.76406 6.592011 33.15705 19.14322 -13.66989 27.305 15.76406 40.92938 -22.63775 39.21011 40.92938 -22.63775 39.21011 101.5593 -11.71813 43.73306 101.0898 -0.1643559 45.25405 101.5593 -0.1643559 45.25405 101.5593 -0.1643559 45.25405 101.0898 -0.1643559 45.25405 101.5593 -11.71813 43.73306 25.54291 -30.92388 30.92422 25.54291 -30.92388 30.92422 13.36899 -34.98235 20.19717 13.36899 -34.98235 20.19717 6.592011 -36.98186 9.909085 -13.66989 -30.45476 8.16006 6.592011 -36.98186 9.909085 -13.66989 -30.45476 8.16006 -57.5542 1.16543e-5 1.48022e-4 -57.5542 1.16543e-5 1.48022e-4 -57.10129 0.9456294 3.529201 -57.10129 0.9456294 3.529201 -57.10129 -1.826771 3.164211 -57.10129 -1.826771 3.164211 -55.14551 3.830151 6.634181 -55.14551 3.830151 6.634181 -55.14551 -5.416737 5.41714 -55.14551 -5.416737 5.41714 -51.89471 7.880871 7.881251 -51.89471 7.880871 7.881251 -51.89471 -9.652029 5.571925 -51.89471 -9.652029 5.571925 -47.5704 12.01216 6.935206 -47.5704 12.01216 6.935206 -47.5704 -13.39788 3.590236 -47.5704 -13.39788 3.590236 25.54291 30.92378 30.92422 25.54291 30.92378 30.92422 40.92938 22.63777 39.21011 40.92938 22.63777 39.21011 101.5593 11.71815 43.73306 101.0898 0.1643792 45.25405 101.5593 0.1643792 45.25405 101.5593 0.1643792 45.25405 101.5593 11.71815 43.73306 101.0898 0.1643792 45.25405 13.36899 34.98237 20.19717 13.36899 34.98237 20.19717 6.592011 36.98182 9.909085 -13.66989 30.45472 8.16006 6.592011 36.98182 9.909085 -13.66989 30.45472 8.16006 40.92938 -32.01464 32.01406 40.92938 -32.01464 32.01406 71.47489 -22.63775 39.21011 101.5593 -22.63775 39.21011 101.5593 -22.63775 39.21011 71.47489 -22.63775 39.21011 25.54291 -37.87374 21.86612 25.54291 -37.87374 21.86612 13.36899 -39.01775 10.45523 13.36899 -39.01775 10.45523 6.592011 -38.28646 1.48022e-4 -13.66989 -31.52898 1.48022e-4 6.592011 -38.28646 1.48022e-4 -13.66989 -31.52898 1.48022e-4 -57.10129 1.826733 3.164211 -57.10129 1.826733 3.164211 -57.10129 -2.583423 2.583156 -57.10129 -2.583423 2.583156 -55.14551 5.416759 5.41714 -55.14551 5.416759 5.41714 -55.14551 -6.634144 3.830226 -55.14551 -6.634144 3.830226 -51.89471 9.65205 5.571925 -51.89471 9.65205 5.571925 -51.89471 -10.76543 2.884181 -51.89471 -10.76543 2.884181 -47.5704 13.39784 3.590236 -47.5704 13.39784 3.590236 -47.5704 -13.87047 1.48022e-4 -47.5704 -13.87047 1.48022e-4 25.54291 37.87373 21.86612 25.54291 37.87373 21.86612 40.92938 32.01466 32.01406 40.92938 32.01466 32.01406 101.5593 22.63777 39.21011 101.5593 22.63777 39.21011 13.36899 39.01777 10.45523 13.36899 39.01777 10.45523 -13.66989 31.52906 1.48022e-4 6.592011 38.28645 1.48022e-4 -13.66989 31.52906 1.48022e-4 6.592011 38.28645 1.48022e-4 40.92938 -39.20986 22.63809 40.92938 -39.20986 22.63809 101.5593 -32.01464 32.01406 101.5593 -32.01464 32.01406 25.54291 -42.24275 11.31924 25.54291 -42.24275 11.31924 13.36899 -40.39415 1.48022e-4 13.36899 -40.39415 1.48022e-4 -13.66989 -30.45476 -8.159766 6.592011 -36.98186 -9.908788 -13.66989 -30.45476 -8.159766 6.592011 -36.98186 -9.908788 -57.10129 2.583447 2.583156 -57.10129 2.583447 2.583156 -57.10129 -3.16399 1.827052 -57.10129 -3.16399 1.827052 -55.14551 6.634167 3.830226 -55.14551 6.634167 3.830226 -55.14551 -7.399342 1.982082 -55.14551 -7.399342 1.982082 -51.89471 10.76545 2.884181 -51.89471 10.76545 2.884181 -51.89471 -11.14525 1.48022e-4 -51.89471 -11.14525 1.48022e-4 -47.5704 13.87043 1.48022e-4 -47.5704 13.87043 1.48022e-4 -47.5704 -13.39788 -3.58994 -47.5704 -13.39788 -3.58994 25.54291 42.24263 11.31924 25.54291 42.24263 11.31924 40.92938 39.20985 22.63809 40.92938 39.20985 22.63809 101.5593 32.01466 32.01406 101.5593 32.01466 32.01406 13.36899 40.39418 1.48022e-4 13.36899 40.39418 1.48022e-4 -13.66989 30.45472 -8.159766 6.592011 36.98182 -9.908788 -13.66989 30.45472 -8.159766 6.592011 36.98182 -9.908788 40.92938 -43.73284 11.71817 40.92938 -43.73284 11.71817 101.5593 -39.20986 22.63809 101.5593 -39.20986 22.63809 25.54291 -43.73284 1.48022e-4 25.54291 -43.73284 1.48022e-4 13.36899 -39.01775 -10.45493 13.36899 -39.01775 -10.45493 -13.66989 -27.30492 -15.76474 6.592011 -33.15703 -19.14292 -13.66989 -27.30492 -15.76474 6.592011 -33.15703 -19.14292 -57.10129 3.164074 1.827052 -57.10129 3.164074 1.827052 -57.10129 -3.52898 0.9452164 -57.10129 -3.52898 0.9452164 -55.14551 7.399364 1.982082 -55.14551 7.399364 1.982082 -55.14551 -7.66045 1.48022e-4 -55.14551 -7.66045 1.48022e-4 -51.89471 11.14515 1.48022e-4 -51.89471 11.14515 1.48022e-4 -51.89471 -10.76543 -2.884862 -51.89471 -10.76543 -2.884862 -47.5704 13.39784 -3.58994 -47.5704 13.39784 -3.58994 -47.5704 -12.01213 -6.934911 -47.5704 -12.01213 -6.934911 25.54291 43.73286 1.48022e-4 25.54291 43.73286 1.48022e-4 40.92938 43.73286 11.71817 40.92938 43.73286 11.71817 101.5593 39.20985 22.63809 101.5593 39.20985 22.63809 13.36899 39.01777 -10.45493 13.36899 39.01777 -10.45493 -13.66989 27.305 -15.76474 6.592011 33.15705 -19.14292 -13.66989 27.305 -15.76474 6.592011 33.15705 -19.14292 40.92938 -45.27556 1.48022e-4 40.92938 -45.27556 1.48022e-4 101.5593 -43.73284 11.71817 101.5593 -43.73284 11.71817 25.54291 -42.24275 -11.31894 25.54291 -42.24275 -11.31894 13.36899 -34.98235 -20.19687 13.36899 -34.98235 -20.19687 -13.66989 -22.29442 -22.29477 6.592011 -27.07262 -27.07285 -13.66989 -22.29442 -22.29477 6.592011 -27.07262 -27.07285 -57.10129 3.529064 0.9452164 -57.10129 3.529064 0.9452164 -57.10129 -3.653553 1.48022e-4 -57.10129 -3.653553 1.48022e-4 -55.14551 7.660473 1.48022e-4 -55.14551 7.660473 1.48022e-4 -55.14551 -7.399342 -1.982762 -55.14551 -7.399342 -1.982762 -51.89471 10.76545 -2.884862 -51.89471 10.76545 -2.884862 -51.89471 -9.652029 -5.57285 -51.89471 -9.652029 -5.57285 -47.5704 12.01216 -6.934911 -47.5704 12.01216 -6.934911 -47.5704 -9.807972 -9.807958 -47.5704 -9.807972 -9.807958 25.54291 42.24263 -11.31894 25.54291 42.24263 -11.31894 40.92938 45.27552 1.48022e-4 40.92938 45.27552 1.48022e-4 101.5593 43.73286 11.71817 101.5593 43.73286 11.71817 13.36899 34.98237 -20.19687 13.36899 34.98237 -20.19687 -13.66989 22.29445 -22.29477 6.592011 27.07264 -27.07285 -13.66989 22.29445 -22.29477 6.592011 27.07264 -27.07285 101.5593 -45.27556 1.48022e-4 101.5593 -45.27556 1.48022e-4 40.92938 -43.73284 -11.71811 40.92938 -43.73284 -11.71811 25.54291 -37.87374 -21.8668 25.54291 -37.87374 -21.8668 13.36899 -28.56304 -28.56284 13.36899 -28.56304 -28.56284 -13.66989 -15.76458 -27.30478 6.592011 -19.14324 -33.15683 6.592011 -19.14324 -33.15683 -13.66989 -15.76458 -27.30478 -57.10129 3.653576 1.48022e-4 -57.10129 3.653576 1.48022e-4 -57.10129 -3.52898 -0.9458969 -57.10129 -3.52898 -0.9458969 -55.14551 7.399364 -1.982762 -55.14551 7.399364 -1.982762 -55.14551 -6.634144 -3.82993 -55.14551 -6.634144 -3.82993 -51.89471 9.65205 -5.57285 -51.89471 9.65205 -5.57285 -51.89471 -7.880848 -7.880956 -51.89471 -7.880848 -7.880956 -47.5704 9.807873 -9.807958 -47.5704 9.807873 -9.807958 -47.5704 -6.93523 -12.01181 -47.5704 -6.93523 -12.01181 40.92938 43.73286 -11.71811 40.92938 43.73286 -11.71811 25.54291 37.87373 -21.8668 25.54291 37.87373 -21.8668 71.49869 45.27552 1.48022e-4 101.5593 45.27552 1.48022e-4 71.49869 45.27552 1.48022e-4 101.5593 45.27552 1.48022e-4 13.36899 28.56294 -28.56284 13.36899 28.56294 -28.56284 6.592011 19.14326 -33.15683 -13.66989 15.76454 -27.30478 6.592011 19.14326 -33.15683 -13.66989 15.76454 -27.30478 101.5593 -43.73284 -11.71811 101.5593 -43.73284 -11.71811 40.92938 -39.20986 -22.63804 40.92938 -39.20986 -22.63804 25.54291 -30.92388 -30.92392 25.54291 -30.92388 -30.92392 13.36899 -20.19707 -34.98276 13.36899 -20.19707 -34.98276 6.592011 -9.909231 -36.98178 -13.66989 -8.160328 -30.45493 6.592011 -9.909231 -36.98178 -13.66989 -8.160328 -30.45493 -57.10129 3.529064 -0.9458969 -57.10129 3.529064 -0.9458969 -57.10129 -3.16399 -1.826756 -57.10129 -3.16399 -1.826756 -55.14551 6.634167 -3.82993 -55.14551 6.634167 -3.82993 -55.14551 -5.416737 -5.416844 -55.14551 -5.416737 -5.416844 -51.89471 7.880871 -7.880956 -51.89471 7.880871 -7.880956 -51.89471 -5.57262 -9.651952 -51.89471 -5.57262 -9.651952 -47.5704 6.935253 -12.01181 -47.5704 6.935253 -12.01181 -47.5704 -3.589954 -13.39805 -47.5704 -3.589954 -13.39805 101.5593 43.73286 -11.71811 101.5593 43.73286 -11.71811 40.92938 39.20985 -22.63804 40.92938 39.20985 -22.63804 25.54291 30.92378 -30.92392 25.54291 30.92378 -30.92392 13.36899 20.19703 -34.98276 13.36899 20.19703 -34.98276 -13.66989 8.160351 -30.45493 6.592011 9.909254 -36.98178 6.592011 9.909254 -36.98178 -13.66989 8.160351 -30.45493 101.5593 -39.20986 -22.63804 101.5593 -39.20986 -22.63804 40.92938 -32.01464 -32.01474 40.92938 -32.01464 -32.01474 25.54291 -21.86644 -37.87387 25.54291 -21.86644 -37.87387 13.36899 -10.45476 -39.01792 13.36899 -10.45476 -39.01792 -13.66989 1.16543e-5 -31.5289 6.592011 1.16543e-5 -38.28696 6.592011 1.16543e-5 -38.28696 -13.66989 1.16543e-5 -31.5289 -57.10129 3.164074 -1.826756 -57.10129 3.164074 -1.826756 -57.10129 -2.583423 -2.583836 -57.10129 -2.583423 -2.583836 -55.14551 5.416759 -5.416844 -55.14551 5.416759 -5.416844 -55.14551 -3.83025 -6.633885 -55.14551 -3.83025 -6.633885 -51.89471 5.572521 -9.651952 -51.89471 5.572521 -9.651952 -51.89471 -2.884571 -10.76597 -51.89471 -2.884571 -10.76597 -47.5704 3.589977 -13.39805 -47.5704 3.589977 -13.39805 -47.5704 1.16543e-5 -13.87095 -47.5704 1.16543e-5 -13.87095 101.5593 39.20985 -22.63804 101.5593 39.20985 -22.63804 40.92938 32.01466 -32.01474 40.92938 32.01466 -32.01474 25.54291 21.86647 -37.87387 25.54291 21.86647 -37.87387 13.36899 10.45472 -39.01792 13.36899 10.45472 -39.01792 101.5593 -32.01464 -32.01474 101.5593 -32.01464 -32.01474 40.92938 -22.63775 -39.20981 40.92938 -22.63775 -39.20981 25.54291 -11.31896 -42.24277 25.54291 -11.31896 -42.24277 13.36899 1.16543e-5 -40.39389 13.36899 1.16543e-5 -40.39389 -57.10129 2.583447 -2.583836 -57.10129 2.583447 -2.583836 -57.10129 -1.826771 -3.163914 -57.10129 -1.826771 -3.163914 -55.14551 3.830151 -6.633885 -55.14551 3.830151 -6.633885 -55.14551 -1.982654 -7.399755 -55.14551 -1.982654 -7.399755 -51.89471 2.884533 -10.76597 -51.89471 2.884533 -10.76597 -51.89471 1.16543e-5 -11.14487 -51.89471 1.16543e-5 -11.14487 101.5593 32.01466 -32.01474 101.5593 32.01466 -32.01474 40.92938 22.63777 -39.20981 40.92938 22.63777 -39.20981 25.54291 11.31886 -42.24277 25.54291 11.31886 -42.24277 71.49869 -22.63775 -39.20981 101.5593 -22.63775 -39.20981 101.5593 -22.63775 -39.20981 71.49869 -22.63775 -39.20981 40.92938 -11.71813 -43.73276 40.92938 -11.71813 -43.73276 25.54291 -0.06401419 -43.72495 25.54291 -0.06401419 -43.72495 -57.10129 1.826733 -3.163914 -57.10129 1.826733 -3.163914 -57.10129 -0.945667 -3.528905 -57.10129 -0.945667 -3.528905 -55.14551 1.982678 -7.399755 -55.14551 1.982678 -7.399755 -55.14551 1.16543e-5 -7.660741 -55.14551 1.16543e-5 -7.660741 101.5593 22.63777 -39.20981 101.5593 22.63777 -39.20981 40.92938 11.71815 -43.73276 40.92938 11.71815 -43.73276 25.54291 0.0640375 -43.72495 25.54291 0.0640375 -43.72495 101.5593 -11.71813 -43.73276 101.5593 -11.71813 -43.73276 40.92938 -0.1643559 -45.25376 40.92938 -0.1643559 -45.25376 -57.10129 0.9456294 -3.528905 -57.10129 0.9456294 -3.528905 -57.10129 1.16543e-5 -3.653905 -57.10129 1.16543e-5 -3.653905 101.5593 11.71815 -43.73276 101.5593 11.71815 -43.73276 40.92938 0.1643792 -45.25376 40.92938 0.1643792 -45.25376 101.0898 -0.1643559 -45.25376 101.5593 -0.1643559 -45.25376 101.5593 -0.1643559 -45.25376 101.0898 -0.1643559 -45.25376 101.0898 0.1643792 -45.25376 101.5593 0.1643792 -45.25376 101.5593 0.1643792 -45.25376 101.0898 0.1643792 -45.25376</float_array>
          <technique_common>
            <accessor source="#ID276-mesh-positions-array" count="508" stride="3">
              <param name="X" type="float"/>
              <param name="Y" type="float"/>
              <param name="Z" type="float"/>
            </accessor>
          </technique_common>
        </source>
        <source id="ID276-mesh-normals">
          <float_array id="ID276-mesh-normals-array" count="1446">0.3064419 0 -0.9518894 0.3880476 0.2385356 -0.8902359 0.3880475 0 -0.9216395 0.3064727 0.2463501 -0.9194488 -0.3064727 -0.2463501 0.9194488 -0.3064419 0 0.9518894 -0.3880476 -0.2385356 0.8902359 -0.3880475 0 0.9216395 0.4965749 0.2246505 -0.8384185 0.4965168 0 -0.8680271 -0.4965749 -0.2246505 0.8384185 -0.4965168 0 0.8680271 0.3064451 -0.2463524 -0.9194574 0.3880476 -0.2385356 -0.8902359 -0.3064451 0.2463524 0.9194574 -0.3880476 0.2385356 0.8902359 0.280411 0.2484267 -0.9271752 0.2803797 0 -0.9598892 -0.2803797 0 0.9598892 -0.280411 -0.2484267 0.9271752 0.3880552 0.4608441 -0.7981454 0.3064123 0.4759768 -0.8243529 -0.3064123 -0.4759768 0.8243529 -0.3880552 -0.4608441 0.7981454 0.6322959 0.2005109 -0.7483297 0.632295 0 -0.7747277 -0.6322959 -0.2005109 0.7483297 -0.632295 0 0.7747277 0.4965485 -0.2246829 -0.8384255 -0.4965485 0.2246829 0.8384255 0.4965177 0.4339838 -0.7517502 -0.4965177 -0.4339838 0.7517502 0.280411 -0.2484267 -0.9271752 -0.280411 0.2484267 0.9271752 0.3064168 -0.4759531 -0.8243649 0.3880552 -0.4608441 -0.7981454 -0.3064168 0.4759531 0.8243649 -0.3880552 0.4608441 0.7981454 0.1815288 0.2545005 -0.9498826 0.181407 0.06406009 -0.9813194 -0.181407 -0.06406009 0.9813194 -0.1815288 -0.2545005 0.9498826 0.2803813 0.4799474 -0.8312863 -0.2803813 -0.4799474 0.8312863 0.3880539 0.6517109 -0.6516803 0.3064439 0.6731023 -0.6730718 -0.3064439 -0.6731023 0.6730718 -0.3880539 -0.6517109 0.6516803 0.8182618 0.1487221 -0.5552741 0.8182759 0 -0.5748257 -0.8182759 0 0.5748257 -0.8182618 -0.1487221 0.5552741 0.6323103 -0.2005154 -0.7483162 -0.6323103 0.2005154 0.7483162 0.6322702 0.3872911 -0.6709994 -0.6322702 -0.3872911 0.6709994 0.4965111 -0.4340085 -0.7517403 -0.4965111 0.4340085 0.7517403 0.4965174 0.6137724 -0.6138029 -0.4965174 -0.6137724 0.6138029 0.1814993 -0.2545018 -0.9498879 0.181407 -0.06406009 -0.9813194 -0.181407 0.06406009 0.9813194 -0.1814993 0.2545018 0.9498879 0.2803813 -0.4799474 -0.8312863 -0.2803813 0.4799474 0.8312863 0.3064715 -0.673096 -0.6730654 0.3880539 -0.6517109 -0.6516803 -0.3064715 0.673096 0.6730654 -0.3880539 0.6517109 0.6516803 0.04971563 0.2584665 -0.9647402 0.04953265 0.06531107 -0.9966349 -0.04953265 -0.06531107 0.9966349 -0.04971563 -0.2584665 0.9647402 0.1815305 0.4916707 -0.8516494 -0.1815305 -0.4916707 0.8516494 0.2804408 0.6787163 -0.6787468 -0.2804408 -0.6787163 0.6787468 0.3064444 0.8243572 -0.4759487 0.3880511 0.7981677 -0.4608088 -0.3064444 -0.8243572 0.4759487 -0.3880511 -0.7981677 0.4608088 0.9548024 0.0768786 -0.2871274 0.9548172 0 -0.297194 -0.9548172 0 0.297194 -0.9548024 -0.0768786 0.2871274 0.8182618 -0.1487221 -0.5552741 -0.8182618 0.1487221 0.5552741 0.8182764 0.2873367 -0.497857 -0.8182764 -0.2873367 0.497857 0.6322702 -0.3872911 -0.6709994 -0.6322702 0.3872911 0.6709994 0.6322642 0.5478483 -0.5478178 -0.6322642 -0.5478483 0.5478178 0.4965174 -0.6137724 -0.6138029 -0.4965174 0.6137724 0.6138029 0.4965177 0.7517502 -0.4339838 -0.4965177 -0.7517502 0.4339838 0.1815278 -0.4916938 -0.8516366 -0.1815278 0.4916938 0.8516366 0.04971563 -0.2584665 -0.9647402 0.04953265 -0.06531107 -0.9966349 -0.04953265 0.06531107 0.9966349 -0.04971563 0.2584665 0.9647402 0.2804127 -0.6787221 -0.6787527 -0.2804127 0.6787221 0.6787527 0.3064444 -0.8243572 -0.4759487 0.3880511 -0.7981677 -0.4608088 -0.3064444 0.8243572 0.4759487 -0.3880511 0.7981677 0.4608088 0.04971605 0.4993889 -0.8649504 -0.04971605 -0.4993889 0.8649504 0 0.2588022 -0.9659304 0 0.06537246 -0.997861 0 -0.06537246 0.997861 0 -0.2588022 0.9659304 0.1815267 0.6953742 -0.6953437 -0.1815267 -0.6953742 0.6953437 0.2803813 0.8312863 -0.4799474 -0.2803813 -0.8312863 0.4799474 0.3064451 0.9194574 -0.2463524 0.3880476 0.8902359 -0.2385356 -0.3064451 -0.9194574 0.2463524 -0.3880476 -0.8902359 0.2385356 1 0 0 -1 0 0 0.9547963 -0.07684755 -0.2871561 -0.9547963 0.07684755 0.2871561 0.954801 0.1486602 -0.2574011 -0.954801 -0.1486602 0.2574011 0.8182764 -0.2873367 -0.497857 -0.8182764 0.2873367 0.497857 0.818273 0.4064508 -0.4064813 -0.818273 -0.4064508 0.4064813 0.6322748 -0.547827 -0.547827 -0.6322748 0.547827 0.547827 0.6323015 0.6709696 -0.3872915 -0.6323015 -0.6709696 0.3872915 0.4965177 -0.7517502 -0.4339838 -0.4965177 0.7517502 0.4339838 0.4965485 0.8384255 -0.2246829 -0.4965485 -0.8384255 0.2246829 0.1815305 -0.6953584 -0.6953584 -0.1815305 0.6953584 0.6953584 0.04971605 -0.4993889 -0.8649504 -0.04971605 0.4993889 0.8649504 0 -0.2588022 -0.9659304 0 -0.06537246 -0.997861 0 0.06537246 0.997861 0 0.2588022 0.9659304 0.2803813 -0.8312863 -0.4799474 -0.2803813 0.8312863 0.4799474 0.3064451 -0.9194574 -0.2463524 0.3880476 -0.8902359 -0.2385356 -0.3064451 0.9194574 0.2463524 -0.3880476 0.8902359 0.2385356 0.04968547 0.7062487 -0.7062182 -0.04968547 -0.7062487 0.7062182 0 0.5000254 -0.8660107 0 -0.5000254 0.8660107 0.1815305 0.8516494 -0.4916707 -0.1815305 -0.8516494 0.4916707 0.2803829 0.9271832 -0.2484289 -0.2803829 -0.9271832 0.2484289 0.3064419 0.9518894 0 0.3880475 0.9216395 0 -0.3064419 -0.9518894 0 -0.3880475 -0.9216395 0 0.954801 -0.1486602 -0.2574011 -0.954801 0.1486602 0.2574011 0.954827 0.2101254 -0.2101254 -0.954827 -0.2101254 0.2101254 0.818273 -0.4064508 -0.4064813 -0.818273 0.4064508 0.4064813 0.8182538 0.4978924 -0.2873395 -0.8182538 -0.4978924 0.2873395 0.6323015 -0.6709696 -0.3872915 -0.6323015 0.6709696 0.3872915 0.6322959 0.7483297 -0.2005109 -0.6322959 -0.7483297 0.2005109 0.4965162 -0.838453 -0.2246515 -0.4965162 0.838453 0.2246515 0.4965168 0.8680271 0 -0.4965168 -0.8680271 0 0.1815305 -0.8516494 -0.4916707 -0.1815305 0.8516494 0.4916707 0.04971486 -0.7062325 -0.7062325 -0.04971486 0.7062325 0.7062325 0 -0.5000254 -0.8660107 0 0.5000254 0.8660107 0.2803829 -0.9271832 -0.2484289 -0.2803829 0.9271832 0.2484289 0.3880475 -0.9216395 0 0.3064419 -0.9518894 0 -0.3880475 0.9216395 0 -0.3064419 0.9518894 0 0.04971605 0.8649504 -0.4993889 -0.04971605 -0.8649504 0.4993889 0 0.7071068 -0.7071068 0 -0.7071068 0.7071068 0.1814978 0.9498805 -0.2545304 -0.1814978 -0.9498805 0.2545304 0.2803797 0.9598892 0 -0.2803797 -0.9598892 0 0.3880504 0.8902423 0.2385068 0.3064451 0.9194574 0.2463524 -0.3880504 -0.8902423 -0.2385068 -0.3064451 -0.9194574 -0.2463524 0.9548209 -0.210124 -0.2101545 -0.9548209 0.210124 0.2101545 0.9548124 0.2573959 -0.1485962 -0.9548124 -0.2573959 0.1485962 0.8182538 -0.4978924 -0.2873395 -0.8182538 0.4978924 0.2873395 0.8182682 0.5552578 -0.1487483 -0.8182682 -0.5552578 0.1487483 0.6322959 -0.7483297 -0.2005109 -0.6322959 0.7483297 0.2005109 0.6322767 0.7747427 0 -0.6322767 -0.7747427 0 0.4965168 -0.8680271 0 -0.4965168 0.8680271 0 0.4965162 0.838453 0.2246515 -0.4965162 -0.838453 -0.2246515 0.1814978 -0.9498805 -0.2545304 -0.1814978 0.9498805 0.2545304 0.04971605 -0.8649504 -0.4993889 -0.04971605 0.8649504 0.4993889 0 -0.7071068 -0.7071068 0 0.7071068 0.7071068 0.2803797 -0.9598892 0 -0.2803797 0.9598892 0 0.3880504 -0.8902423 0.2385068 0.3064451 -0.9194574 0.2463524 -0.3880504 0.8902423 -0.2385068 -0.3064451 0.9194574 -0.2463524 0.04971522 0.9647325 -0.2584949 -0.04971522 -0.9647325 0.2584949 0 0.8660107 -0.5000254 0 -0.8660107 0.5000254 0.1815275 0.9833859 0 -0.1815275 -0.9833859 0 0.2803829 0.9271832 0.2484289 -0.2803829 -0.9271832 -0.2484289 0.3880511 0.7981677 0.4608088 0.3064412 0.824379 0.4759131 -0.3880511 -0.7981677 -0.4608088 -0.3064412 -0.824379 -0.4759131 0.9548124 -0.2573959 -0.1485962 -0.9548124 0.2573959 0.1485962 0.9548196 0.2870624 -0.07690805 -0.9548196 -0.2870624 0.07690805 0.8182581 -0.5552716 -0.148752 -0.8182682 0.5552578 0.1487483 0.8182759 0.5748257 0 -0.8182759 -0.5748257 0 0.6322767 -0.7747427 0 -0.6322767 0.7747427 0 0.6322959 0.7483297 0.2005109 -0.6322959 -0.7483297 -0.2005109 0.4965162 -0.838453 0.2246515 -0.4965162 0.838453 -0.2246515 0.4965177 0.7517502 0.4339838 -0.4965177 -0.7517502 -0.4339838 0.1815275 -0.9833859 0 -0.1815275 0.9833859 0 0.04971522 -0.9647325 -0.2584949 -0.04971522 0.9647325 0.2584949 0 -0.8660107 -0.5000254 0 0.8660107 0.5000254 0.2803829 -0.9271832 0.2484289 -0.2803829 0.9271832 -0.2484289 0.3880511 -0.7981677 0.4608088 0.3064412 -0.824379 0.4759131 -0.3880511 0.7981677 -0.4608088 -0.3064412 0.824379 -0.4759131 0.04971534 0.9987635 0 -0.04971534 -0.9987635 0 0 0.9659304 -0.2588022 0 -0.9659304 0.2588022 0.1815288 0.9498826 0.2545005 -0.1815288 -0.9498826 -0.2545005 0.2803813 0.8312863 0.4799474 -0.2803813 -0.8312863 -0.4799474 0.3880539 0.6516803 0.6517109 0.3064162 0.673078 0.6731085 -0.3880539 -0.6516803 -0.6517109 -0.3064162 -0.673078 -0.6731085 0.9548135 -0.287091 -0.07687699 -0.9548135 0.287091 0.07687699 0.9548086 0.2972218 0 -0.9548086 -0.2972218 0 0.8182759 -0.5748257 0 -0.8182759 0.5748257 0 0.8182784 0.5552341 0.1487807 -0.8182784 -0.5552341 -0.1487807 0.6322776 -0.7483442 0.2005147 -0.6322776 0.7483442 -0.2005147 0.6322737 0.670942 0.3873847 -0.6322737 -0.670942 -0.3873847 0.4965111 -0.7517403 0.4340085 -0.4965111 0.7517403 -0.4340085 0.4965267 0.6137838 0.6137838 -0.4965267 -0.6137838 -0.6137838 0.1815288 -0.9498826 0.2545005 -0.1815288 0.9498826 -0.2545005 0.04971534 -0.9987635 3.0519e-5 -0.04971534 0.9987635 3.0519e-5 0 -0.9659304 -0.2588022 0 0.9659304 0.2588022 0.2803813 -0.8312863 0.4799474 -0.2803813 0.8312863 -0.4799474 0.3880539 -0.6516803 0.6517109 0.3064162 -0.6731085 0.673078 -0.3880539 0.6516803 -0.6517109 -0.3064162 0.6731085 -0.673078 0 1 0 0 -1 0 0.04971563 0.9647402 0.2584665 -0.04971563 -0.9647402 -0.2584665 0.1815278 0.8516366 0.4916938 -0.1815278 -0.8516366 -0.4916938 0.2803788 0.6787444 0.6787444 -0.2803788 -0.6787444 -0.6787444 0.3880511 0.4608088 0.7981677 0.3064444 0.4759487 0.8243572 -0.3064444 -0.4759487 -0.8243572 -0.3880511 -0.4608088 -0.7981677 0.9548086 -0.2972218 0 -0.9548086 0.2972218 0 0.954809 0.2870897 0.07693767 -0.954809 -0.2870897 -0.07693767 0.8182784 -0.5552341 0.1487807 -0.8182784 0.5552341 -0.1487807 0.8182744 0.4978253 0.287397 -0.8182744 -0.4978253 -0.287397 0.6322737 -0.670942 0.3873847 -0.6322737 0.670942 -0.3873847 0.6322748 0.547827 0.547827 -0.6322748 -0.547827 -0.547827 0.4965174 -0.6137724 0.6138029 -0.4965174 0.6137724 -0.6138029 0.4964995 0.434025 0.7517383 -0.4964995 -0.434025 -0.7517383 0.04971563 -0.9647402 0.2584665 -0.04971563 0.9647402 -0.2584665 0.1815278 -0.8516366 0.4916938 -0.1815278 0.8516366 -0.4916938 0 -0.7518447 0.6593405 0 -1 9.15555e-5 0 0.6593405 0.7518447 0 1 9.15583e-5 0.2803788 -0.6787444 0.6787444 -0.2803788 0.6787444 -0.6787444 0.3064765 -0.4759206 0.8243614 0.3880511 -0.4608088 0.7981677 -0.3064765 0.4759206 -0.8243614 -0.3880511 0.4608088 -0.7981677 0.04971605 0.8649504 0.4993889 -0.04971605 -0.8649504 -0.4993889 0.1815305 0.6953584 0.6953584 -0.1815305 -0.6953584 -0.6953584 0.2804095 0.4799433 0.8312792 -0.2804095 -0.4799433 -0.8312792 0.3064428 0.2463811 0.9194505 0.3880476 0.2385356 0.8902359 -0.3064428 -0.2463811 -0.9194505 -0.3880476 -0.2385356 -0.8902359 0.954809 -0.2870897 0.07693767 -0.954809 0.2870897 -0.07693767 0.9548166 0.2573971 0.1485663 -0.9548166 -0.2573971 -0.1485663 0.8182744 -0.4978253 0.287397 -0.8182744 0.4978253 -0.287397 0.8182528 0.4064865 0.4064865 -0.8182528 -0.4064865 -0.4064865 0.6322642 -0.5478178 0.5478483 -0.6322642 0.5478178 -0.5478483 0.6322662 0.3874107 0.6709341 -0.6322662 -0.3874107 -0.6709341 0.4965159 -0.4340432 0.751717 -0.4965159 0.4340432 -0.751717 0.4965221 0.2247152 0.8384324 -0.4965221 -0.2247152 -0.8384324 0.04971605 -0.8649504 0.4993889 -0.04971605 0.8649504 -0.4993889 0.1815305 -0.6953584 0.6953584 -0.1815305 0.6953584 -0.6953584 0.2803813 -0.4799474 0.8312863 -0.2803813 0.4799474 -0.8312863 0.3880476 -0.2385356 0.8902359 0.3064428 -0.2463811 0.9194505 -0.3064428 0.2463811 -0.9194505 -0.3880476 0.2385356 -0.8902359 0 0.8660317 0.4999893 0 -0.8660317 -0.4999893 0.04971593 0.7062171 0.7062476 -0.04971593 -0.7062171 -0.7062476 0.1814983 0.4916966 0.8516414 -0.1814983 -0.4916966 -0.8516414 0.2803829 0.2484289 0.9271832 -0.2803829 -0.2484289 -0.9271832 0.3880475 0 0.9216395 0.3064142 0 0.9518983 -0.3064142 0 -0.9518983 -0.3880475 0 -0.9216395 0.9548124 -0.2573959 0.1485962 -0.9548124 0.2573959 -0.1485962 0.954806 0.210158 0.2101885 -0.954806 -0.210158 -0.2101885 0.8182629 -0.406461 0.4064915 -0.8182528 0.4064865 -0.4064865 0.8182796 0.2874294 0.497798 -0.8182796 -0.2874294 -0.497798 0.6322662 -0.3874107 0.6709341 -0.6322662 0.3874107 -0.6709341 0.6322671 0.2004808 0.7483622 -0.6322671 -0.2004808 -0.7483622 0.4964957 -0.2247476 0.8384394 -0.4964957 0.2247476 -0.8384394 0.496553 0 0.8680064 -0.496553 0 -0.8680064 0 -0.8660317 0.4999893 0 0.8660317 -0.4999893 0.04971593 -0.7062171 0.7062476 -0.04971593 0.7062171 -0.7062476 0.1814983 -0.4916966 0.8516414 -0.1814983 0.4916966 -0.8516414 0.2803829 -0.2484289 0.9271832 -0.2803829 0.2484289 -0.9271832 0 0.7070915 0.707122 0 -0.7070915 -0.707122 0.04971474 0.4993757 0.864958 -0.04971474 -0.4993757 -0.864958 0.1815273 0.2545289 0.9498752 -0.1815273 -0.2545289 -0.9498752 0.2803516 0 0.9598974 -0.2803516 0 -0.9598974 0.954806 -0.210158 0.2101885 -0.954806 0.210158 -0.2101885 0.954821 0.1485365 0.2573982 -0.954821 -0.1485365 -0.2573982 0.8182796 -0.2874294 0.497798 -0.8182796 0.2874294 -0.497798 0.8182747 0.1488105 0.5552316 -0.8182747 -0.1488105 -0.5552316 0.6322959 -0.2005109 0.7483297 -0.6322959 0.2005109 -0.7483297 0.632295 3.05191e-5 0.7747277 -0.632295 -3.05191e-5 -0.7747277 0.04971474 -0.4993757 0.864958 -0.04971474 0.4993757 -0.864958 0.1815273 -0.2545289 0.9498752 -0.1815273 0.2545289 -0.9498752 0 0.4999893 0.8660317 0 -0.4999893 -0.8660317 0.04971522 0.2584949 0.9647325 -0.04971522 -0.2584949 -0.9647325 0.1814067 0.06409049 0.9813175 -0.1814067 -0.06409049 -0.9813175 0.954821 -0.1485365 0.2573982 -0.954821 0.1485365 -0.2573982 0.9548235 0.07696938 0.287033 -0.9548235 -0.07696938 -0.287033 0.8182646 -0.1488142 0.5552455 -0.8182646 0.1488142 -0.5552455 0.8182515 0 0.5748605 -0.8182515 0 -0.5748605 0 -0.4999893 0.8660317 0 0.4999893 -0.8660317 0.04971522 -0.2584949 0.9647325 -0.04971522 0.2584949 -0.9647325 0.1814067 -0.06409049 0.9813175 -0.1814067 0.06409049 -0.9813175 0.04950219 0.06531113 0.9966363 -0.04950219 -0.06531113 -0.9966363 0.9548235 -0.07696938 0.287033 -0.9548235 0.07696938 -0.287033 0.9547972 0 0.2972583 -0.9547972 0 -0.2972583 0.04950219 -0.06531113 0.9966363 -0.04950219 0.06531113 -0.9966363</float_array>
          <technique_common>
            <accessor source="#ID276-mesh-normals-array" count="482" stride="3">
              <param name="X" type="float"/>
              <param name="Y" type="float"/>
              <param name="Z" type="float"/>
            </accessor>
          </technique_common>
        </source>
        <vertices id="ID276-mesh-vertices">
          <input semantic="POSITION" source="#ID276-mesh-positions"/>
        </vertices>
        <triangles material="Color_000-material" count="960">
          <input semantic="VERTEX" source="#ID276-mesh-vertices" offset="0"/>
          <input semantic="NORMAL" source="#ID276-mesh-normals" offset="1"/>
          <p>0 0 1 1 2 2 1 1 0 0 3 3 4 4 5 5 6 6 7 7 6 6 5 5 2 2 8 8 9 9 8 8 2 2 1 1 6 6 7 7 10 10 11 11 10 10 7 7 12 12 2 2 13 13 2 2 12 12 0 0 5 5 14 14 7 7 15 15 7 7 14 14 0 0 16 16 3 3 16 16 0 0 17 17 18 18 5 5 19 19 4 4 19 19 5 5 3 3 20 20 1 1 20 20 3 3 21 21 22 22 4 4 23 23 6 6 23 23 4 4 9 9 24 24 25 25 24 24 9 9 8 8 10 10 11 11 26 26 27 27 26 26 11 11 13 13 9 9 28 28 9 9 13 13 2 2 7 7 15 15 11 11 29 29 11 11 15 15 8 8 20 20 30 30 20 20 8 8 1 1 6 6 10 10 23 23 31 31 23 23 10 10 32 32 0 0 12 12 0 0 32 32 17 17 18 18 33 33 5 5 14 14 5 5 33 33 34 34 13 13 35 35 13 13 34 34 12 12 14 14 36 36 15 15 37 37 15 15 36 36 17 17 38 38 16 16 38 38 17 17 39 39 40 40 18 18 41 41 19 19 41 41 18 18 16 16 21 21 3 3 21 21 16 16 42 42 43 43 19 19 22 22 4 4 22 22 19 19 21 21 44 44 20 20 44 44 21 21 45 45 46 46 22 22 47 47 23 23 47 47 22 22 48 48 25 25 24 24 25 25 48 48 49 49 50 50 51 51 27 27 26 26 27 27 51 51 28 28 25 25 52 52 25 25 28 28 9 9 11 11 29 29 27 27 53 53 27 27 29 29 24 24 30 30 54 54 30 30 24 24 8 8 10 10 26 26 31 31 55 55 31 31 26 26 56 56 13 13 28 28 13 13 56 56 35 35 37 37 57 57 15 15 29 29 15 15 57 57 20 20 58 58 30 30 58 58 20 20 44 44 47 47 23 23 59 59 31 31 59 59 23 23 60 60 17 17 32 32 17 17 60 60 61 61 62 62 63 63 18 18 33 33 18 18 63 63 64 64 12 12 34 34 12 12 64 64 32 32 33 33 65 65 14 14 36 36 14 14 65 65 66 66 35 35 67 67 35 35 66 66 34 34 36 36 68 68 37 37 69 69 37 37 68 68 61 61 39 39 17 17 18 18 40 40 62 62 39 39 70 70 38 38 70 70 39 39 71 71 72 72 40 40 73 73 41 41 73 73 40 40 38 38 42 42 16 16 42 42 38 38 74 74 75 75 41 41 43 43 19 19 43 43 41 41 42 42 45 45 21 21 45 45 42 42 76 76 77 77 43 43 46 46 22 22 46 46 43 43 44 44 78 78 79 79 78 78 44 44 45 45 46 46 47 47 80 80 81 81 80 80 47 47 82 82 49 49 48 48 49 49 82 82 83 83 84 84 85 85 50 50 51 51 50 50 85 85 49 49 52 52 25 25 52 52 49 49 86 86 87 87 50 50 53 53 27 27 53 53 50 50 88 88 24 24 54 54 24 24 88 88 48 48 51 51 89 89 26 26 55 55 26 26 89 89 56 56 52 52 90 90 52 52 56 56 28 28 29 29 57 57 53 53 91 91 53 53 57 57 30 30 92 92 54 54 92 92 30 30 58 58 59 59 31 31 93 93 55 55 93 93 31 31 67 67 56 56 94 94 56 56 67 67 35 35 37 37 69 69 57 57 95 95 57 57 69 69 58 58 79 79 96 96 79 79 58 58 44 44 47 47 59 59 81 81 97 97 81 81 59 59 98 98 32 32 64 64 32 32 98 98 60 60 63 63 99 99 33 33 65 65 33 33 99 99 100 100 61 61 60 60 61 61 100 100 101 101 102 102 103 103 62 62 63 63 62 62 103 103 104 104 34 34 66 66 34 34 104 104 64 64 65 65 105 105 36 36 68 68 36 36 105 105 106 106 67 67 107 107 67 67 106 106 66 66 68 68 108 108 69 69 109 109 69 69 108 108 61 61 71 71 39 39 71 71 61 61 101 101 102 102 62 62 72 72 40 40 72 72 62 62 70 70 74 74 38 38 74 74 70 70 110 110 111 111 73 73 75 75 41 41 75 75 73 73 71 71 112 112 70 70 112 112 71 71 113 113 112 112 113 113 114 113 115 114 116 114 117 115 116 114 72 72 117 115 73 73 117 115 72 72 74 74 76 76 42 42 76 76 74 74 118 116 119 117 75 75 77 77 43 43 77 77 75 75 45 45 120 118 78 78 120 118 45 45 76 76 77 77 46 46 121 119 80 80 121 119 46 46 79 79 122 120 123 121 122 120 79 79 78 78 80 80 81 81 124 122 125 123 124 122 81 81 83 83 82 82 126 124 127 125 85 85 84 84 83 83 86 86 49 49 86 86 83 83 128 126 129 127 84 84 87 87 50 50 87 87 84 84 130 128 48 48 88 88 48 48 130 128 82 82 85 85 131 129 51 51 89 89 51 51 131 129 132 130 52 52 86 86 52 52 132 130 90 90 91 91 133 131 53 53 87 87 53 53 133 131 134 132 54 54 92 92 54 54 134 132 88 88 89 89 135 133 55 55 93 93 55 55 135 133 94 94 90 90 136 134 90 90 94 94 56 56 57 57 95 95 91 91 137 135 91 91 95 95 92 92 96 96 138 136 96 96 92 92 58 58 59 59 93 93 97 97 139 137 97 97 93 93 107 107 94 94 140 138 94 94 107 107 67 67 69 69 109 109 95 95 141 139 95 95 109 109 96 96 123 121 142 140 123 121 96 96 79 79 81 81 97 97 125 123 143 141 125 123 97 97 144 142 64 64 104 104 64 64 144 142 98 98 99 99 145 143 65 65 105 105 65 65 145 143 98 98 100 100 60 60 100 100 98 98 146 144 147 145 99 99 103 103 63 63 103 103 99 99 148 146 101 101 100 100 101 101 148 146 149 147 149 147 148 146 150 147 151 148 152 149 153 148 153 148 152 149 102 102 103 103 102 102 152 149 154 150 66 66 106 106 66 66 154 150 104 104 105 105 155 151 68 68 108 108 68 68 155 151 156 152 107 107 157 153 107 107 156 152 106 106 108 108 158 154 109 109 159 155 109 109 158 154 101 101 113 113 71 71 113 113 101 101 149 147 153 148 102 102 116 114 72 72 116 114 102 102 110 110 118 116 74 74 118 116 110 110 160 156 161 157 111 111 119 117 75 75 119 117 111 111 112 112 110 110 70 70 110 110 112 112 162 158 162 158 112 112 163 158 164 159 117 115 165 159 165 159 117 115 111 111 73 73 111 111 117 115 150 147 113 113 149 147 113 113 150 147 114 113 115 114 151 148 116 114 153 148 116 114 151 148 76 76 166 160 120 118 166 160 76 76 118 116 119 117 77 77 167 161 121 119 167 161 77 77 78 78 168 162 122 120 168 162 78 78 120 118 121 119 80 80 169 163 124 122 169 163 80 80 123 121 170 164 171 165 170 164 123 121 122 120 124 122 125 123 172 166 173 167 172 166 125 123 128 126 83 83 126 124 127 125 84 84 129 127 126 124 82 82 130 128 131 129 85 85 127 125 174 168 86 86 128 126 86 86 174 168 132 130 133 131 175 169 87 87 129 127 87 87 175 169 176 170 88 88 134 132 88 88 176 170 130 128 131 129 177 171 89 89 135 133 89 89 177 171 178 172 90 90 132 130 90 90 178 172 136 134 137 135 179 173 91 91 133 131 91 91 179 173 180 174 92 92 138 136 92 92 180 174 134 132 135 133 181 175 93 93 139 137 93 93 181 175 140 138 136 134 182 176 136 134 140 138 94 94 95 95 141 139 137 135 183 177 137 135 141 139 138 136 142 140 184 178 142 140 138 136 96 96 97 97 139 137 143 141 185 179 143 141 139 137 157 153 140 138 186 180 140 138 157 153 107 107 109 109 159 155 141 139 187 181 141 139 159 155 142 140 171 165 188 182 171 165 142 140 123 121 125 123 143 141 173 167 189 183 173 167 143 141 190 184 104 104 154 150 104 104 190 184 144 142 145 143 191 185 105 105 155 151 105 105 191 185 192 186 98 98 144 142 98 98 192 186 146 144 147 145 193 187 99 99 145 143 99 99 193 187 146 144 148 146 100 100 148 146 146 144 194 188 195 189 147 145 152 149 103 103 152 149 147 145 196 190 106 106 156 152 106 106 196 190 154 150 155 151 197 191 108 108 158 154 108 108 197 191 156 152 198 192 199 193 198 192 156 152 157 153 159 155 158 154 200 194 201 195 200 194 158 154 118 116 202 196 166 160 202 196 118 116 160 156 161 157 119 117 203 197 167 161 203 197 119 117 162 158 160 156 110 110 160 156 162 158 204 198 204 198 162 158 163 158 164 159 165 159 205 199 205 199 165 159 161 157 111 111 161 157 165 159 120 118 206 200 168 162 206 200 120 118 166 160 167 161 121 119 207 201 169 163 207 201 121 119 122 120 208 202 170 164 208 202 122 120 168 162 169 163 124 122 209 203 172 166 209 203 124 122 210 204 170 164 211 205 170 164 210 204 171 165 173 167 212 206 172 166 213 207 172 166 212 206 174 168 128 126 126 124 127 125 129 127 175 169 126 124 130 128 176 170 177 171 131 129 127 125 214 208 132 130 174 168 132 130 214 208 178 172 179 173 215 209 133 131 175 169 133 131 215 209 216 210 134 132 180 174 134 132 216 210 176 170 177 171 217 211 135 133 181 175 135 133 217 211 218 212 136 134 178 172 136 134 218 212 182 176 183 177 219 213 137 135 179 173 137 135 219 213 220 214 138 136 184 178 138 136 220 214 180 174 181 175 221 215 139 137 185 179 139 137 221 215 186 180 182 176 222 216 182 176 186 180 140 138 141 139 187 181 183 177 223 217 183 177 187 181 184 178 188 182 224 218 188 182 184 178 142 140 143 141 185 179 189 183 225 219 189 183 185 179 157 153 226 220 198 192 226 220 157 153 186 180 187 181 159 155 227 221 200 194 227 221 159 155 228 222 171 165 210 204 171 165 228 222 188 182 189 183 229 223 173 167 212 206 173 167 229 223 230 224 154 150 196 190 154 150 230 224 190 184 191 185 231 225 155 151 197 191 155 151 231 225 232 226 144 142 190 184 144 142 232 226 192 186 193 187 233 227 145 143 191 185 145 143 233 227 234 228 146 144 192 186 146 144 234 228 194 188 195 189 235 229 147 145 193 187 147 145 235 229 196 190 199 193 236 230 199 193 196 190 156 152 158 154 197 191 201 195 237 231 201 195 197 191 199 193 238 232 239 233 238 232 199 193 198 192 200 194 201 195 240 234 241 235 240 234 201 195 166 160 242 236 206 200 242 236 166 160 202 196 203 197 167 161 243 237 207 201 243 237 167 161 160 156 244 238 202 196 244 238 160 156 204 198 205 199 161 157 245 239 203 197 245 239 161 157 168 162 246 240 208 202 246 240 168 162 206 200 207 201 169 163 247 241 209 203 247 241 169 163 211 205 208 202 248 242 208 202 211 205 170 164 172 166 213 207 209 203 249 243 209 203 213 207 250 244 211 205 251 245 211 205 250 244 210 204 212 206 252 246 213 207 253 247 213 207 252 246 214 208 174 168 126 124 127 125 175 169 215 209 126 124 176 170 216 210 217 211 177 171 127 125 254 248 178 172 214 208 178 172 254 248 218 212 219 213 255 249 179 173 215 209 179 173 255 249 256 250 180 174 220 214 180 174 256 250 216 210 217 211 257 251 181 175 221 215 181 175 257 251 258 252 182 176 218 212 182 176 258 252 222 216 223 217 259 253 183 177 219 213 183 177 259 253 260 254 184 178 224 218 184 178 260 254 220 214 221 215 261 255 185 179 225 219 185 179 261 255 186 180 262 256 226 220 262 256 186 180 222 216 223 217 187 181 263 257 227 221 263 257 187 181 264 258 188 182 228 222 188 182 264 258 224 218 225 219 265 259 189 183 229 223 189 183 265 259 198 192 266 260 238 232 266 260 198 192 226 220 227 221 200 194 267 261 240 234 267 261 200 194 268 262 210 204 250 244 210 204 268 262 228 222 229 223 269 263 212 206 252 246 212 206 269 263 230 224 236 230 270 264 236 230 230 224 196 190 197 191 231 225 237 231 271 265 237 231 231 225 272 266 190 184 230 224 190 184 272 266 232 226 233 227 273 267 191 185 231 225 191 185 273 267 234 228 232 226 274 268 232 226 234 228 192 186 193 187 235 229 233 227 275 269 233 227 235 229 236 230 239 233 276 270 239 233 236 230 199 193 201 195 237 231 241 235 277 271 241 235 237 231 239 233 278 272 279 273 278 272 239 233 238 232 240 234 241 235 280 274 281 275 280 274 241 235 246 240 242 236 282 276 242 236 246 240 206 200 207 201 247 241 243 237 283 277 243 237 247 241 202 196 284 278 242 236 284 278 202 196 244 238 245 239 203 197 285 279 243 237 285 279 203 197 248 242 246 240 286 280 246 240 248 242 208 202 209 203 249 243 247 241 287 281 247 241 249 243 251 245 248 242 288 282 248 242 251 245 211 205 213 207 253 247 249 243 289 283 249 243 253 247 290 284 251 245 291 285 251 245 290 284 250 244 252 246 292 286 253 247 293 287 253 247 292 286 254 248 214 208 126 124 127 125 215 209 255 249 126 124 216 210 256 250 257 251 217 211 127 125 294 288 218 212 254 248 218 212 294 288 258 252 259 253 295 289 219 213 255 249 219 213 295 289 296 290 220 214 260 254 220 214 296 290 256 250 257 251 297 291 221 215 261 255 221 215 297 291 298 292 222 216 258 252 222 216 298 292 262 256 263 257 299 293 223 217 259 253 223 217 299 293 264 258 260 254 224 218 260 254 264 258 300 294 301 295 265 259 261 255 225 219 261 255 265 259 226 220 302 296 266 260 302 296 226 220 262 256 263 257 227 221 303 297 267 261 303 297 227 221 304 298 228 222 268 262 228 222 304 298 264 258 265 259 305 299 229 223 269 263 229 223 305 299 238 232 306 300 278 272 306 300 238 232 266 260 267 261 240 234 307 301 280 274 307 301 240 234 308 302 250 244 290 284 250 244 308 302 268 262 269 263 309 303 252 246 292 286 252 246 309 303 270 264 276 270 310 304 276 270 270 264 236 230 237 231 271 265 277 271 311 305 277 271 271 265 312 306 230 224 270 264 230 224 312 306 272 266 273 267 313 307 231 225 271 265 231 225 313 307 274 268 272 266 314 308 272 266 274 268 232 226 233 227 275 269 273 267 315 309 273 267 275 269 276 270 279 273 316 310 279 273 276 270 239 233 241 235 277 271 281 275 317 311 281 275 277 271 279 273 318 312 319 313 318 312 279 273 278 272 280 274 281 275 320 314 321 315 320 314 281 275 242 236 322 316 282 276 322 316 242 236 284 278 285 279 243 237 323 317 283 277 323 317 243 237 286 280 282 276 324 318 282 276 286 280 246 240 247 241 287 281 283 277 325 319 283 277 287 281 288 282 286 280 326 320 286 280 288 282 248 242 249 243 289 283 287 281 327 321 287 281 289 283 291 285 288 282 328 322 288 282 291 285 251 245 253 247 293 287 289 283 329 323 289 283 293 287 291 285 330 324 290 284 330 324 291 285 331 325 332 326 293 287 333 327 292 286 333 327 293 287 294 288 254 248 126 124 127 125 255 249 295 289 126 124 256 250 296 290 297 291 257 251 127 125 334 328 258 252 294 288 258 252 334 328 298 292 299 293 335 329 259 253 295 289 259 253 335 329 300 294 296 290 260 254 296 290 300 294 336 330 337 331 301 295 297 291 261 255 297 291 301 295 302 296 298 292 338 332 298 292 302 296 262 256 263 257 303 297 299 293 339 333 299 293 303 297 304 298 300 294 264 258 300 294 304 298 340 334 341 335 305 299 301 295 265 259 301 295 305 299 266 260 342 336 306 300 342 336 266 260 302 296 303 297 267 261 343 337 307 301 343 337 267 261 344 338 268 262 308 302 268 262 344 338 304 298 305 299 345 339 269 263 309 303 269 263 345 339 278 272 346 340 318 312 346 340 278 272 306 300 307 301 280 274 347 341 320 314 347 341 280 274 290 284 348 342 308 302 348 342 290 284 330 324 333 327 292 286 349 343 309 303 349 343 292 286 312 306 310 304 350 344 310 304 312 306 270 264 271 265 313 307 311 305 351 345 311 305 313 307 310 304 316 310 352 346 316 310 310 304 276 270 277 271 311 305 317 311 353 347 317 311 311 305 314 308 354 348 355 349 354 348 272 266 312 306 272 266 354 348 314 308 315 309 356 350 273 267 313 307 273 267 356 350 357 351 356 350 315 309 316 310 319 313 358 352 319 313 316 310 279 273 281 275 317 311 321 315 359 353 321 315 317 311 360 354 318 312 361 355 318 312 360 354 319 313 321 315 362 356 320 314 363 357 320 314 362 356 282 276 364 309 324 318 364 309 282 276 322 316 323 317 283 277 365 308 325 319 365 308 283 277 326 320 324 318 366 358 324 318 326 320 286 280 287 281 327 321 325 319 367 359 325 319 327 321 328 322 326 320 368 360 326 320 328 322 288 282 289 283 329 323 327 321 369 361 327 321 329 323 328 322 331 325 291 285 331 325 328 322 370 362 371 363 329 323 332 326 293 287 332 326 329 323 330 324 372 364 373 365 372 364 330 324 331 325 332 326 333 327 374 366 375 367 374 366 333 327 334 328 294 288 126 124 127 125 295 289 335 329 126 124 296 290 336 330 337 331 297 291 127 125 338 332 334 328 376 368 334 328 338 332 298 292 299 293 339 333 335 329 377 369 335 329 339 333 340 334 336 330 300 294 336 330 340 334 378 370 379 371 341 335 337 331 301 295 337 331 341 335 342 336 338 332 380 372 338 332 342 336 302 296 303 297 343 337 339 333 381 373 339 333 343 337 344 338 340 334 304 298 340 334 344 338 382 374 383 375 345 339 341 335 305 299 341 335 345 339 306 300 384 376 346 340 384 376 306 300 342 336 343 337 307 301 385 377 347 341 385 377 307 301 308 302 386 378 344 338 386 378 308 302 348 342 349 343 309 303 387 379 345 339 387 379 309 303 361 355 346 340 388 380 346 340 361 355 318 312 320 314 363 357 347 341 389 381 347 341 363 357 348 342 373 365 390 382 373 365 348 342 330 324 333 327 349 343 375 367 391 383 375 367 349 343 355 349 350 344 392 279 350 344 355 349 312 306 312 306 355 349 354 348 356 350 357 351 313 307 313 307 357 351 351 345 393 278 351 345 357 351 350 344 352 346 394 384 352 346 350 344 310 304 311 305 351 345 353 347 395 385 353 347 351 345 352 346 358 352 396 386 358 352 352 346 316 310 317 311 353 347 359 353 397 387 359 353 353 347 398 388 319 313 360 354 319 313 398 388 358 352 359 353 399 389 321 315 362 356 321 315 399 389 400 390 360 354 361 355 360 354 400 390 401 391 402 392 403 393 362 356 363 357 362 356 403 393 324 318 404 394 366 358 404 394 324 318 364 309 365 308 325 319 405 395 367 359 405 395 325 319 368 360 366 358 406 396 366 358 368 360 326 320 327 321 369 361 367 359 407 397 367 359 369 361 368 360 370 362 328 322 370 362 368 360 408 398 409 399 369 361 371 363 329 323 371 363 369 361 331 325 410 400 372 364 410 400 331 325 370 362 371 363 332 326 411 401 374 366 411 401 332 326 372 364 412 402 373 365 412 402 372 364 413 403 414 404 374 366 415 405 375 367 415 405 374 366 334 328 126 124 376 368 377 369 127 125 335 329 126 124 336 330 378 370 379 371 337 331 127 125 380 372 376 368 416 406 376 368 380 372 338 332 339 333 381 373 377 369 417 407 377 369 381 373 382 374 378 370 340 334 378 370 382 374 418 408 419 409 383 375 379 371 341 335 379 371 383 375 384 376 380 372 420 410 380 372 384 376 342 336 343 337 385 377 381 373 421 411 381 373 385 377 386 378 382 374 344 338 382 374 386 378 422 412 423 413 387 379 383 375 345 339 383 375 387 379 388 380 384 376 424 414 384 376 388 380 346 340 347 341 389 381 385 377 425 415 385 377 389 381 386 378 390 382 426 416 390 382 386 378 348 342 349 343 387 379 391 383 427 417 391 383 387 379 428 418 361 355 388 380 361 355 428 418 400 390 403 393 429 419 363 357 389 381 363 357 429 419 373 365 430 420 390 382 430 420 373 365 412 402 415 405 375 367 431 421 391 383 431 421 375 367 432 422 350 344 394 384 350 344 432 422 392 279 393 278 433 423 351 345 395 385 351 345 433 423 394 384 396 386 434 424 396 386 394 384 352 346 353 347 395 385 397 387 435 425 397 387 395 385 436 426 358 352 398 388 358 352 436 426 396 386 397 387 437 427 359 353 399 389 359 353 437 427 401 391 398 388 360 354 398 388 401 391 438 428 439 429 402 392 399 389 362 356 399 389 402 392 412 402 401 391 400 390 401 391 412 402 413 403 414 404 415 405 402 392 403 393 402 392 415 405 366 358 440 430 406 396 440 430 366 358 404 394 405 395 367 359 441 431 407 397 441 431 367 359 406 396 408 398 368 360 408 398 406 396 442 432 443 433 407 397 409 399 369 361 409 399 407 397 370 362 444 434 410 400 444 434 370 362 408 398 409 399 371 363 445 435 411 401 445 435 371 363 410 400 413 403 372 364 413 403 410 400 446 436 447 437 411 401 414 404 374 366 414 404 411 401 376 368 126 124 416 406 417 407 127 125 377 369 126 124 378 370 418 408 419 409 379 371 127 125 420 410 416 406 448 438 416 406 420 410 380 372 381 373 421 411 417 407 449 439 417 407 421 411 422 412 418 408 382 374 418 408 422 412 450 440 451 441 423 413 419 409 383 375 419 409 423 413 424 414 420 410 452 442 420 410 424 414 384 376 385 377 425 415 421 411 453 443 421 411 425 415 426 416 422 412 386 378 422 412 426 416 454 444 455 445 427 417 423 413 387 379 423 413 427 417 456 446 388 380 424 414 388 380 456 446 428 418 429 419 457 447 389 381 425 415 389 381 457 447 390 382 458 448 426 416 458 448 390 382 430 420 431 421 391 383 459 449 427 417 459 449 391 383 412 402 428 418 430 420 428 418 412 402 400 390 403 393 415 405 429 419 431 421 429 419 415 405 460 199 394 384 434 424 394 384 460 199 432 422 433 423 461 198 395 385 435 425 395 385 461 198 462 450 396 386 436 426 396 386 462 450 434 424 435 425 463 451 397 387 437 427 397 387 463 451 438 428 436 426 398 388 436 426 438 428 464 452 465 453 439 429 437 427 399 389 437 427 439 429 413 403 438 428 401 391 438 428 413 403 446 436 447 437 414 404 439 429 402 392 439 429 414 404 440 430 442 432 406 396 442 432 440 430 466 454 466 454 440 430 467 454 468 455 441 431 469 455 469 455 441 431 443 433 407 397 443 433 441 431 408 398 470 456 444 434 470 456 408 398 442 432 443 433 409 399 471 457 445 435 471 457 409 399 444 434 446 436 410 400 446 436 444 434 472 458 473 459 445 435 447 437 411 401 447 437 445 435 416 406 126 124 448 438 449 439 127 125 417 407 126 124 418 408 450 440 451 441 419 409 127 125 452 442 448 438 474 460 448 438 452 442 420 410 421 411 453 443 449 439 475 461 449 439 453 443 454 444 450 440 422 412 450 440 454 444 476 462 477 463 455 445 451 441 423 413 451 441 455 445 456 446 452 442 478 464 452 442 456 446 424 414 425 415 457 447 453 443 479 465 453 443 457 447 458 448 454 444 426 416 454 444 458 448 480 466 481 467 459 449 455 445 427 417 455 445 459 449 430 420 456 446 458 448 456 446 430 420 428 418 429 419 431 421 457 447 459 449 457 447 431 421 482 468 434 424 462 450 434 424 482 468 460 199 461 198 483 469 435 425 463 451 435 425 483 469 464 452 462 450 436 426 462 450 464 452 484 470 485 471 465 453 463 451 437 427 463 451 465 453 446 436 464 452 438 428 464 452 446 436 486 472 487 473 447 437 465 453 439 429 465 453 447 437 442 432 488 149 470 456 488 149 442 432 466 454 488 149 466 454 467 454 468 455 469 455 489 146 469 455 443 433 489 146 471 457 489 146 443 433 470 456 472 458 444 434 472 458 470 456 490 474 491 475 471 457 473 459 445 435 473 459 471 457 472 458 486 472 446 436 447 437 487 473 473 459 448 438 126 124 474 460 475 461 127 125 449 439 126 124 450 440 476 462 477 463 451 441 127 125 478 464 474 460 492 476 474 460 478 464 452 442 453 443 479 465 475 461 493 477 475 461 479 465 480 466 476 462 454 444 476 462 480 466 494 478 495 479 481 467 477 463 455 445 477 463 481 467 458 448 478 464 480 466 478 464 458 448 456 446 457 447 459 449 479 465 481 467 479 465 459 449 484 470 482 468 462 450 482 468 484 470 496 115 497 112 485 471 483 469 463 451 483 469 485 471 486 472 484 470 464 452 484 470 486 472 498 480 499 481 487 473 485 471 465 453 485 471 487 473 488 149 490 474 470 456 490 474 488 149 500 148 500 148 488 149 501 148 502 147 489 146 503 147 503 147 489 146 491 475 471 457 491 475 489 146 472 458 498 480 486 472 498 480 472 458 490 474 491 475 473 459 499 481 487 473 499 481 473 459 474 460 126 124 492 476 493 477 127 125 475 461 126 124 476 462 494 478 495 479 477 463 127 125 480 466 492 476 494 478 492 476 480 466 478 464 479 465 481 467 493 477 495 479 493 477 481 467 498 480 496 115 484 470 496 115 498 480 504 114 496 115 504 114 505 114 506 113 507 113 497 112 507 113 499 481 497 112 485 471 497 112 499 481 490 474 504 114 498 480 504 114 490 474 500 148 503 147 491 475 507 113 499 481 507 113 491 475 501 148 504 114 500 148 504 114 501 148 505 114 506 113 502 147 507 113 503 147 507 113 502 147 492 476 126 124 494 478 495 479 127 125 493 477</p>
        </triangles>
      </mesh>
    </geometry>
  </library_geometries>
  <library_controllers/>
  <library_visual_scenes>
    <visual_scene id="Scene" name="Scene">
      <node id="Camera" name="Camera" type="NODE">
        <matrix sid="transform">0.6859207 -0.3240135 0.6515582 7.481132 0.7276763 0.3054208 -0.6141704 -6.50764 0 0.8953956 0.4452714 5.343665 0 0 0 1</matrix>
        <instance_camera url="#Camera-camera"/>
      </node>
      <node id="Lamp" name="Lamp" type="NODE">
        <matrix sid="transform">-0.2908646 -0.7711008 0.5663932 4.076245 0.9551712 -0.1998834 0.2183912 1.005454 -0.05518906 0.6045247 0.7946723 5.903862 0 0 0 1</matrix>
        <instance_light url="#Lamp-light"/>
      </node>
      <node id="wing_nose" name="wing_nose" type="NODE">
        <matrix sid="transform">0.0254 0 0 0 0 -1.11027e-9 -0.0254 0 0 0.0254 -1.11027e-9 0 0 0 0 1</matrix>
        <instance_geometry url="#ID276-mesh" name="wing_nose">
          <bind_material>
            <technique_common>
              <instance_material symbol="Color_000-material" target="#Color_000-material"/>
            </technique_common>
          </bind_material>
        </instance_geometry>
        <node id="wing_2" name="wing_2" type="NODE">
          <matrix sid="transform">1 0 -6.05583e-9 39.13825 2.53995e-9 1 0 -307.8631 -1.06905e-6 0 1 -547.2307 0 0 0 1</matrix>
          <instance_geometry url="#ID234-mesh" name="wing_2">
            <bind_material>
              <technique_common>
                <instance_material symbol="Color_000-material" target="#Color_000-material"/>
              </technique_common>
            </bind_material>
          </instance_geometry>
        </node>
        <node id="wing_1" name="wing_1" type="NODE">
          <matrix sid="transform">1 0 -6.05583e-9 39.13825 2.53995e-9 1 0 -319.8309 -1.06905e-6 0 1 539.9677 0 0 0 1</matrix>
          <instance_geometry url="#ID246-mesh" name="wing_1">
            <bind_material>
              <technique_common>
                <instance_material symbol="Color_000-material" target="#Color_000-material"/>
              </technique_common>
            </bind_material>
          </instance_geometry>
        </node>
        <node id="wing_3" name="wing_3" type="NODE">
          <matrix sid="transform">1 -3.02792e-9 3.02792e-9 39.1384 3.02791e-9 1 0 627.8467 -3.02792e-9 0 1 6.997559 0 0 0 1</matrix>
          <instance_geometry url="#ID228-mesh" name="wing_3">
            <bind_material>
              <technique_common>
                <instance_material symbol="Color_000-material" target="#Color_000-material"/>
              </technique_common>
            </bind_material>
          </instance_geometry>
        </node>
      </node>
    </visual_scene>
  </library_visual_scenes>
  <scene>
    <instance_visual_scene url="#Scene"/>
  </scene>
</COLLADA>