<?xml version="1.0" encoding="utf-8"?>
<COLLADA xmlns="http://www.collada.org/2005/11/COLLADASchema" version="1.4.1" xmlns:xsi="http://www.w3.org/2001/XMLSchema-instance">
  <asset>
    <contributor>
      <author>Blender User</author>
      <authoring_tool>Blender 2.79.0 commit date:2017-09-11, commit time:10:43, hash:5bd8ac9abfa</authoring_tool>
    </contributor>
    <created>2022-05-18T16:01:28</created>
    <modified>2022-05-18T16:01:28</modified>
    <unit name="meter" meter="1"/>
    <up_axis>Z_UP</up_axis>
  </asset>
  <library_images/>
  <library_geometries>
    <geometry id="Original-mesh" name="Original">
      <mesh>
        <source id="Original-mesh-positions">
          <float_array id="Original-mesh-positions-array" count="2835">-0.05537235 -3.175398 0.01592254 0.02477908 -3.06834 -0.2831955 0.09946644 -3.06834 -0.2522431 0.2438514 -2.913508 -0.5023499 0.09951889 -2.913508 -0.5621185 0.1636039 -3.06834 -0.2030487 -0.05537235 -3.06834 -0.293747 -0.05537235 -2.913508 -0.5825272 0.3741292 -2.714826 -0.7279968 0.166954 -2.714826 -0.813797 0.3677967 -2.913508 -0.4072418 0.2128167 -3.06834 -0.1389236 -0.1355227 -3.06834 -0.2831955 -0.2102625 -2.913508 -0.5621185 -0.05537235 -2.714826 -0.843071 0.4869939 -2.477325 -0.9234696 0.2253764 -2.477325 -1.031845 0.5520339 -2.714826 -0.5914765 0.4629014 -2.913508 -0.2832947 0.2437539 -3.06834 -0.06421661 -0.2102113 -3.06834 -0.2522431 -0.3545969 -2.913508 -0.5023499 -0.2776988 -2.714826 -0.813797 -0.05537235 -2.477325 -1.068794 0.3391565 -1.861493 -1.456474 0.7068012 -1.861493 -1.304192 0.7116512 -2.477325 -0.751091 0.6885442 -2.714826 -0.4135666 0.5226867 -2.913508 -0.1389694 0.2543067 -3.06834 0.01592254 -0.2743477 -3.06834 -0.2030487 -0.4785401 -2.913508 -0.4072418 -0.4848734 -2.714826 -0.7279968 -0.3361221 -2.477325 -1.031845 -0.05537235 -1.861493 -1.508415 0.4329089 -1.19719 -1.806366 0.8879162 -1.19719 -1.617889 1.022504 -1.861493 -1.061943 0.8840342 -2.477325 -0.5264435 0.7743587 -2.714826 -0.2063903 0.5430789 -2.913508 0.01592254 0.2437539 -3.06834 0.09607696 -0.323561 -3.06834 -0.1389236 -0.5736456 -2.913508 -0.2832947 -0.6627789 -2.714826 -0.5914765 -0.5977393 -2.477325 -0.9234696 -0.4499021 -1.861493 -1.456474 -0.05537235 -1.19719 -1.870651 0.5052689 -0.494093 -2.076424 1.027704 -0.494093 -1.859993 1.278639 -1.19719 -1.3181 1.264752 -1.861493 -0.7462463 0.9923992 -2.477325 -0.2648239 0.8036289 -2.714826 0.01592254 0.5226867 -2.913508 0.1708297 0.2128167 -3.06834 0.1707839 -0.3544979 -3.06834 -0.06421661 -0.6334304 -2.913508 -0.1389694 -0.7992899 -2.714826 -0.4135666 -0.8223951 -2.477325 -0.751091 -0.8175464 -1.861493 -1.304192 -0.543655 -1.19719 -1.806366 -0.05537235 -0.494093 -2.150223 0.5551789 0.2375621 -2.262665 1.124124 0.2375621 -2.027023 1.476326 -0.494093 -1.515762 1.578451 -1.19719 -0.9273758 1.417034 -1.861493 -0.3785935 1.029361 -2.477325 0.01592254 0.7743587 -2.714826 0.2382583 0.4629014 -2.913508 0.3151627 0.1636039 -3.06834 0.2349014 -0.3650509 -3.06834 0.01592254 -0.6538226 -2.913508 0.01592254 -0.8851042 -2.714826 -0.2063903 -0.9947796 -2.477325 -0.5264435 -1.133249 -1.861493 -1.061943 -0.9986614 -1.19719 -1.617889 -0.6160134 -0.494093 -2.076424 -0.05537235 0.2375621 -2.343071 0.5819167 0.9871192 -2.362473 1.175774 0.9871192 -2.11647 1.612687 0.2375621 -1.652115 1.820569 -0.494093 -1.067146 1.766922 -1.19719 -0.4723435 1.468976 -1.861493 0.01592254 0.9923992 -2.477325 0.2966843 0.6885442 -2.714826 0.445427 0.3677967 -2.913508 0.4391098 0.09946644 -3.06834 0.2841263 -0.3544979 -3.06834 0.09607696 -0.6334304 -2.913508 0.1708297 -0.9143741 -2.714826 0.01592254 -1.103145 -2.477325 -0.2648239 -1.375496 -1.861493 -0.7462463 -1.389384 -1.19719 -1.3181 -1.138448 -0.494093 -1.859993 -0.6659246 0.2375621 -2.262665 -0.05537235 0.9871192 -2.446365 0.5850892 1.743662 -2.374321 1.181907 1.743662 -2.12709 1.685734 0.9871192 -1.725166 1.987574 0.2375621 -1.163567 2.036967 -0.494093 -0.5447235 1.831206 -1.19719 0.01592254 1.417034 -1.861493 0.4104538 0.8840342 -2.477325 0.5583115 0.5520339 -2.714826 0.6233292 0.2438514 -2.913508 0.5342178 0.02477908 -3.06834 0.3150559 -0.323561 -3.06834 0.1707839 -0.5736456 -2.913508 0.3151627 -0.8851042 -2.714826 0.2382583 -1.140106 -2.477325 0.01592254 -1.527779 -1.861493 -0.3785935 -1.689197 -1.19719 -0.9273758 -1.587071 -0.494093 -1.515762 -1.234868 0.2375621 -2.027023 -0.6926616 0.9871192 -2.362473 -0.05537235 1.743662 -2.458626 1.694404 1.743662 -1.733841 2.077039 0.9871192 -1.215218 2.223239 0.2375621 -0.5946198 2.110776 -0.494093 0.01592254 1.766922 -1.19719 0.5042038 1.264752 -1.861493 0.7781143 0.7116512 -2.477325 0.7829514 0.3741292 -2.714826 0.7598648 0.09951889 -2.913508 0.5939713 -0.05537235 -3.06834 0.3255997 -0.2743477 -3.06834 0.2349014 -0.7992899 -2.714826 0.445427 -0.4785401 -2.913508 0.4391098 -1.103145 -2.477325 0.2966843 -1.57972 -1.861493 0.01592254 -1.877667 -1.19719 -0.4723435 -1.931313 -0.494093 -1.067146 -1.723431 0.2375621 -1.652115 -1.28652 0.9871192 -2.11647 -0.6958349 1.743662 -2.374321 2.087657 1.743662 -1.221344 2.323022 0.9871192 -0.6213455 2.303619 0.2375621 0.01592254 2.036967 -0.494093 0.5765762 1.578451 -1.19719 0.9592362 1.022504 -1.861493 1.093803 0.4869939 -2.477325 0.9553299 0.166954 -2.714826 0.845665 -0.05537235 -2.913508 0.6143875 -0.1355227 -3.06834 0.3150559 -0.2102113 -3.06834 0.2841263 -0.9947796 -2.477325 0.5583115 -0.6627789 -2.714826 0.6233292 -0.3545969 -2.913508 0.5342178 -1.527779 -1.861493 0.4104538 -1.94195 -1.19719 0.01592254 -2.147712 -0.494093 -0.5447235 -2.098319 0.2375621 -1.163567 -1.796478 0.9871192 -1.725166 -1.292651 1.743662 -2.12709 2.334864 1.743662 -0.6245194 2.406924 0.9871192 0.01592254 2.223239 0.2375621 0.6264877 1.820569 -0.494093 1.099007 1.278639 -1.19719 1.349953 0.7068012 -1.861493 1.336052 0.2253764 -2.477325 1.063698 -0.05537235 -2.714826 0.8749313 -0.2102625 -2.913508 0.5939713 -1.375496 -1.861493 0.7781143 -0.8223951 -2.477325 0.7829514 -0.4848734 -2.714826 0.7598648 -1.877667 -1.19719 0.5042038 -2.221522 -0.494093 0.01592254 -2.333983 0.2375621 -0.5946198 -2.187783 0.9871192 -1.215218 -1.805148 1.743662 -1.733841 2.419184 1.743662 0.01592254 2.323022 0.9871192 0.6532059 1.987574 0.2375621 1.195427 1.476326 -0.494093 1.54763 0.8879162 -1.19719 1.649757 0.3391565 -1.861493 1.488335 -0.05537235 -2.477325 1.100655 -0.2776988 -2.714826 0.845665 -1.689197 -1.19719 0.9592362 -1.133249 -1.861493 1.093803 -0.5977393 -2.477325 0.9553299 -2.147712 -0.494093 0.5765762 -2.414364 0.2375621 0.01592254 -2.433767 0.9871192 -0.6213455 -2.198401 1.743662 -1.221344 2.334864 1.743662 0.6563797 2.077039 0.9871192 1.247078 1.612687 0.2375621 1.683983 1.027704 -0.494093 1.891884 0.4329089 -1.19719 1.838234 -0.05537235 -1.861493 1.540276 -0.3361221 -2.477325 1.063698 -1.931313 -0.494093 1.099007 -1.389384 -1.19719 1.349953 -0.8175464 -1.861493 1.336052 -2.333983 0.2375621 0.6264877 -2.517668 0.9871192 0.01592254 -2.44561 1.743662 -0.6245194 2.087657 1.743662 1.253212 1.685734 0.9871192 1.757027 1.124124 0.2375621 2.058876 0.5052689 -0.494093 2.108284 -0.05537235 -1.19719 1.902504 -0.4499021 -1.861493 1.488335 -2.098319 0.2375621 1.195427 -1.587071 -0.494093 1.54763 -0.9986614 -1.19719 1.649757 -2.433767 0.9871192 0.6532059 -2.529929 1.743662 0.01592254 1.694404 1.743662 1.765709 1.175774 0.9871192 2.148354 0.5551789 0.2375621 2.294533 -0.05537235 -0.494093 2.182091 -0.543655 -1.19719 1.838234 -2.187783 0.9871192 1.247078 -1.723431 0.2375621 1.683983 -1.138448 -0.494093 1.891884 -2.44561 1.743662 0.6563797 1.181907 1.743662 2.158958 0.5819167 0.9871192 2.394325 -0.05537235 0.2375621 2.374931 -0.6160134 -0.494093 2.108284 -2.198401 1.743662 1.253212 -1.796478 0.9871192 1.757027 -1.234868 0.2375621 2.058876 0.5850892 1.743662 2.406181 -0.05537235 0.9871192 2.478233 -0.6659246 0.2375621 2.294533 -1.805148 1.743662 1.765709 -1.28652 0.9871192 2.148354 -0.05537235 1.743662 2.490486 -0.6926616 0.9871192 2.394325 -1.29265 1.743662 2.158958 -0.6958349 1.743662 2.406181 -2.113424 1.823034 1.462868 -1.673753 1.823034 1.948631 0.4023332 1.823034 -2.433075 -0.8925841 1.823034 -2.327789 -0.2520551 1.823034 -2.465668 1.025988 1.823034 -2.232223 -1.475602 1.823034 -2.028816 1.576406 1.823034 -1.876762 -1.961377 1.823034 -1.589142 2.016077 1.823034 -1.390999 -2.316804 1.823034 -1.038742 2.315036 1.823034 -0.8079681 -2.517662 1.823034 -0.4150696 2.452914 1.823034 -0.1674499 -2.550263 1.823034 0.2392958 2.420314 1.823034 0.4869309 -2.412385 1.823034 0.8798294 2.219456 1.823034 1.110573 1.864026 1.823034 1.661003 1.378251 1.823034 2.100685 -1.123336 1.823034 2.304054 0.7952357 1.823034 2.399635 -0.4996829 1.823034 2.504906 0.1547057 1.823034 2.537529 4.873164 0.4858022 7.524528 4.472599 0.837297 7.321281 4.643121 0.8548646 7.657356 4.693709 0.4771323 7.193611 4.824801 0.8682094 8.002968 4.224949 1.015742 7.464256 4.525022 0.4664593 6.876701 5.021106 0.02391707 7.439125 5.061629 0.4923873 7.866234 4.560731 1.063014 8.155434 4.386141 1.04261 7.805733 4.314904 0.8156719 6.998009 4.658711 0.01877152 6.799507 4.835261 0.02161204 7.111885 5.257236 0.4968243 8.215312 5.015841 0.8771944 8.354716 1.897459 1.27783 3.66526 4.078741 0.982677 7.134361 2.521151 0.4308524 3.305183 2.347763 0.829227 3.405281 5.051476 -0.4200382 7.421577 5.214421 0.02566957 7.778038 5.413299 0.02684688 8.125206 4.746999 1.076757 8.509911 2.333833 2.481674 9.441142 2.135425 2.297547 8.670634 2.128751 1.126647 3.531731 2.622519 -0.00783348 3.246651 4.683916 -0.4200382 6.78495 5.458071 0.4990645 8.568385 5.214369 0.8817344 8.709084 2.218539 2.402194 9.057185 2.085307 2.168752 8.285258 1.439199 0.4308524 1.43119 1.540567 -0.00783348 1.372658 1.265811 0.829227 1.531288 1.046799 1.126647 1.657738 4.771141 -0.7419133 7.148903 5.446609 -0.4200382 8.10598 5.615787 0.02744436 8.477303 2.480166 2.535197 9.818657 4.943114 1.0837 8.865687 4.262174 -0.4335451 7.877296 0.8155072 1.27783 1.791252 1.748407 -0.4970479 3.75132 1.689099 1.259759 3.785561 0.6071462 1.259759 1.911552 0.4534377 1.075189 2.000298 0.3777827 0.7522168 2.043983 0.391698 0.3400097 2.035957 0.493066 -0.09867286 1.97744 0.6664542 -0.4970508 1.877327 1.554483 -0.4200382 1.364632 0.8854657 -0.7944684 1.750893 1.478827 -0.7430101 1.408302 1.116757 -0.9456511 1.617332 1.325119 -0.9275828 1.497047 4.594591 -0.7447505 6.836525 4.956986 -0.7396083 7.476128 5.150301 -0.7378559 7.815041 5.649694 -0.4200382 8.457756 5.661886 0.499362 8.922081 5.819599 0.02774178 8.831032 5.418184 0.8820319 9.062785 4.623034 -0.3993983 8.581477 2.656106 2.562242 10.18607 5.146929 1.083997 9.219386 4.436766 -0.4131379 8.227013 1.575018 -0.09867286 3.851433 1.53539 1.075189 3.874306 2.19871 -0.9456511 3.491325 1.967418 -0.7944684 3.624886 2.407071 -0.9275808 3.371025 2.560779 -0.7430101 3.28231 1.459735 0.7522168 3.917976 1.47365 0.3400097 3.90995 4.580844 -0.8668356 7.258781 5.349179 -0.7366757 8.162224 5.853509 -0.4197407 8.811455 36.46229 -0.2782931 61.85108 36.41284 -0.1292704 61.87963 36.33634 -0.008690834 61.9238 2.859919 2.562537 10.53977 4.508576 -0.7472806 7.735023 4.100984 -0.460413 7.535835 4.180356 -0.7864757 7.075676 4.412157 -0.8775082 6.941856 3.954774 -0.4934778 7.205925 4.760299 -0.8581658 7.589699 4.948761 -0.8515778 7.931404 5.551666 -0.7360807 8.514323 5.755479 -0.7357831 8.868037 36.47284 -0.4200258 61.84498 37.22552 -0.3857255 63.15456 37.22807 -0.420023 63.15308 37.17722 -0.3576632 63.07575 37.10022 -0.3321505 62.94678 36.99819 -0.3108907 62.7737 36.87599 -0.2953005 62.56473 36.73937 -0.2840304 62.32986 36.59472 -0.2797108 62.08024 36.54577 -0.1321778 62.10848 36.47004 -0.01280295 62.1522 4.819149 -0.3924556 8.937251 4.881294 -0.7249508 8.432353 36.25114 0.05453157 61.97298 35.53417 0.5150924 62.38694 5.022961 -0.392158 9.290965 4.690254 -0.7339382 8.080666 4.338051 -0.7648511 7.398964 5.144371 -0.8471432 8.280482 5.345206 -0.844903 8.633522 5.549021 -0.8446055 8.987221 37.21355 -0.3496609 63.16146 37.15547 -0.2920933 63.08829 37.06957 -0.2397556 62.96448 36.96012 -0.1961426 62.79569 36.83249 -0.1641602 62.58985 36.6921 -0.1411576 62.35715 37.2206 -0.4443355 63.15739 37.16829 -0.4642253 63.08092 37.08762 -0.4823079 62.95406 36.98254 -0.497376 62.78275 36.8581 -0.5084276 62.57508 36.71984 -0.5165334 62.34113 36.57459 -0.5194783 62.09185 36.44194 -0.5204806 61.86283 37.22702 -0.3896504 63.15793 36.3857 0.04978704 62.2009 36.61892 -0.025671 62.39941 5.283636 -0.7201128 9.140465 5.079822 -0.7204104 8.786751 37.19502 -0.3204808 63.17216 37.12182 -0.2390384 63.10776 37.21622 -0.3565731 63.16746 37.02214 -0.1649979 62.99186 36.90122 -0.1032977 62.8297 36.76517 -0.05805063 62.6287 36.51032 -0.5542207 62.12896 36.37704 -0.5555759 61.90031 36.65772 -0.5504131 62.37701 36.80097 -0.5393109 62.60802 36.93254 -0.5243983 62.81161 37.04737 -0.504065 62.97727 37.13972 -0.4796682 63.09743 37.20487 -0.4528279 63.16646 37.22277 -0.4404078 63.16041 37.2275 -0.4003778 63.16083 36.53742 0.03474712 62.44645 36.34677 -0.4137683 62.22338 35.67537 0.5062423 62.61098 36.21182 -0.4137058 61.99569 36.29367 -0.5168901 61.94846 37.08432 -0.2112207 63.1294 37.17442 -0.3051806 63.18406 37.19822 -0.3287206 63.17928 37.21702 -0.3754525 63.17251 36.96932 -0.1258006 63.02236 36.83562 -0.05461537 62.86756 36.69019 -0.002415657 62.672 36.42779 -0.515923 62.17661 36.86834 -0.4946132 62.84865 36.72762 -0.5052686 62.65041 36.99569 -0.4800806 63.00713 37.10305 -0.4626451 63.11861 37.1847 -0.4434657 63.17811 37.20872 -0.4459157 63.17179 37.22502 -0.4296832 63.16222 37.22674 -0.41503 63.16241 35.85009 0.4759045 62.84328 36.49967 -0.4147611 62.46825 37.17737 -0.3127732 63.19063 36.76824 -0.007957935 63.31191 37.19919 -0.3512278 63.18531 37.21574 -0.4012456 63.17527 36.52392 0.1606168 63.27952 36.28247 0.3010945 63.18693 36.05802 0.4041119 63.03701 36.57794 -0.5135431 62.42306 36.80535 -0.4151583 62.88503 36.65559 -0.4144635 62.69201 36.94495 -0.4161058 63.03643 37.06702 -0.4172425 63.13938 37.16489 -0.4184957 63.18955 37.18927 -0.4352284 63.18445 37.21269 -0.4270382 63.17501 37.17824 -0.3335109 63.19619 37.19764 -0.3819728 63.18861 37.16912 -0.4109058 63.19538 37.19402 -0.4127207 63.18827 37.17682 -0.3618379 63.19923 37.1735 -0.3901682 63.19894 4.228752 0.4331241 -7.769241 4.252999 0.7846198 -7.320724 4.458794 0.802187 -7.636444 4.031887 0.4244542 -7.448395 4.667261 0.8155294 -7.966598 4.500646 0.9630642 -7.177742 3.841776 0.4137821 -7.143814 4.080809 -0.02876091 -7.854668 4.430434 0.4397092 -8.10332 4.931331 1.010334 -7.814117 4.715776 0.9899321 -7.488068 4.051894 0.7629943 -7.022514 3.708086 -0.03390312 -7.221016 3.890334 -0.03106546 -7.530121 4.634949 0.4441419 -8.447276 4.876341 0.8245144 -8.307892 2.374382 1.225162 -3.262566 4.288056 0.9299994 -6.886177 1.750689 0.3781843 -3.622673 1.924077 0.7765594 -3.522568 4.050439 -0.4727154 -7.8722 4.277639 -0.02701044 -8.191544 4.478884 -0.02583014 -8.537369 5.145186 1.024077 -8.152667 7.158231 2.428995 -6.52845 6.590173 2.244869 -5.971344 2.143089 1.073979 -3.396126 1.64932 -0.06050062 -3.681198 3.682881 -0.472713 -7.235565 4.840281 0.446384 -8.797722 5.083986 0.8290544 -8.657031 6.883381 2.349517 -6.236618 6.281491 2.116077 -5.735275 0.6687377 0.3781872 -1.748672 0.5673692 -0.06049525 -1.807198 0.8421267 0.7765646 -1.648567 1.061138 1.073984 -1.522125 3.954454 -0.7945905 -7.493095 4.445574 -0.4727182 -8.556595 4.682566 -0.02523517 -8.888779 7.412019 2.482517 -6.843918 5.355239 1.031019 -8.50042 4.839741 -0.4862232 -7.416496 1.292431 1.225167 -1.388565 2.523431 -0.5497179 -3.176521 2.582741 1.207092 -3.142288 1.500791 1.207097 -1.268295 1.6545 1.022524 -1.17955 1.730155 0.6995521 -1.135872 1.716239 0.2873473 -1.14389 1.614871 -0.1513352 -1.202423 1.441481 -0.5497136 -1.302544 0.5534532 -0.472703 -1.815216 1.22247 -0.8471336 -1.42897 0.6291079 -0.7956758 -1.771538 0.9911769 -0.9983158 -1.562492 0.7828167 -0.9802456 -1.682793 3.772204 -0.7974286 -7.18399 4.144929 -0.7922855 -7.817642 4.341759 -0.7905355 -8.154526 4.648659 -0.4727182 -8.908343 5.044691 0.4466796 -9.15107 4.886976 -0.02494084 -9.242142 5.288394 0.8293519 -9.010371 5.269151 -0.4520779 -8.081126 7.642251 2.509559 -7.180023 5.559649 1.031314 -8.85377 5.055296 -0.4658184 -7.742546 2.696821 -0.1513409 -3.076424 2.736451 1.022522 -3.053543 2.073127 -0.9983177 -3.436493 2.30442 -0.8471356 -3.302971 1.864767 -0.9802513 -3.556793 1.711058 -0.7956781 -3.645554 2.812106 0.6995497 -3.009872 2.798189 0.2873416 -3.017891 4.144752 -0.9195137 -7.383224 4.543004 -0.7893558 -8.500351 4.853069 -0.4724231 -9.261729 35.48229 -0.3311086 -62.28954 35.53174 -0.1820855 -62.26099 35.60824 -0.06150519 -62.21684 7.846662 2.509857 -7.533371 4.593339 -0.7999606 -7.558769 4.624611 -0.5130906 -7.106171 4.186439 -0.8391504 -6.944839 3.954639 -0.9301853 -7.078667 4.412021 -0.5461559 -6.81459 4.341616 -0.9108429 -7.704094 4.543299 -0.9042587 -8.038142 4.746686 -0.7887607 -8.851738 4.951097 -0.7884655 -9.205124 35.47174 -0.4728403 -62.29564 36.22952 -0.4385433 -63.60227 36.22697 -0.4728427 -63.60374 36.18542 -0.410481 -63.52104 36.11222 -0.3849683 -63.38987 36.01334 -0.363708 -63.21497 35.8935 -0.3481183 -63.00467 35.75839 -0.3368459 -62.7689 35.61452 -0.3325257 -62.51881 35.66347 -0.1849932 -62.49055 35.73922 -0.06562089 -62.44684 5.479204 -0.4451356 -8.428841 5.010887 -0.7776308 -8.230217 35.69344 0.001717031 -62.16765 36.41042 0.4622769 -61.75371 5.683614 -0.4448381 -8.782196 4.801806 -0.7866154 -7.888924 4.387544 -0.8175283 -7.24305 4.747811 -0.8998261 -8.382098 4.953146 -0.897583 -8.732552 5.157554 -0.8972883 -9.085925 36.24149 -0.4024806 -63.59534 36.20719 -0.3449106 -63.5085 36.14287 -0.2925754 -63.37217 36.05142 -0.2489604 -63.19299 35.937 -0.216978 -62.97954 35.80567 -0.1939754 -62.74162 36.23444 -0.4971528 -63.59942 36.19437 -0.5170426 -63.51587 36.12482 -0.5351253 -63.38259 36.02902 -0.5501957 -63.20595 35.91139 -0.5612431 -62.99434 35.77792 -0.5693507 -62.75761 35.63467 -0.5722933 -62.50719 35.50264 -0.573298 -62.27782 36.23169 -0.442471 -63.60527 35.82354 -0.003030717 -62.39815 35.87884 -0.07848548 -62.69937 5.422939 -0.7727952 -8.932696 5.218529 -0.7730908 -8.579339 36.26002 -0.3733006 -63.58467 36.24084 -0.2918558 -63.48904 36.24534 -0.4093905 -63.60067 36.19032 -0.2178158 -63.34479 36.11032 -0.1561149 -63.159 36.00432 -0.1108684 -62.94067 35.69892 -0.6070352 -62.47009 35.56754 -0.6083903 -62.24034 35.84004 -0.6032305 -62.72177 35.96849 -0.5921283 -62.96137 36.07899 -0.5772181 -63.17707 36.16507 -0.5568857 -63.35934 36.22294 -0.5324855 -63.4994 36.25017 -0.5056453 -63.59035 36.23597 -0.4932284 -63.60282 36.23397 -0.4531956 -63.60712 35.96035 -0.01807057 -62.65232 35.86247 -0.4665828 -62.37567 36.53387 0.4534268 -61.98804 35.73277 -0.4665203 -62.14494 35.65092 -0.5697055 -62.19219 36.27832 -0.2640386 -63.46742 36.28062 -0.3580003 -63.57277 36.26459 -0.3815379 -63.59099 36.24932 -0.4282732 -63.6039 36.24314 -0.1786178 -63.31429 36.17594 -0.1074328 -63.12109 36.07929 -0.05523335 -62.89739 35.78144 -0.568738 -62.42244 36.14319 -0.5474305 -63.14002 36.04187 -0.5580831 -62.91899 36.21677 -0.5329003 -63.32952 36.25962 -0.5154657 -63.47822 36.27034 -0.4962854 -63.57869 36.25284 -0.4987354 -63.59632 36.23642 -0.4825006 -63.6057 36.23569 -0.4678478 -63.60727 36.64767 0.4230871 -62.25549 35.9981 -0.4675784 -62.63051 36.28484 -0.3655911 -63.5786 36.59442 -0.06077522 -63.28492 36.26932 -0.4040456 -63.59484 36.25234 -0.4540629 -63.60414 36.68852 0.107799 -63.05714 36.72909 0.2482771 -62.80174 36.71147 0.3512945 -62.53242 35.91982 -0.5663576 -62.67572 36.20622 -0.4679761 -63.10362 36.11389 -0.4672809 -62.87742 36.26752 -0.4689226 -63.30022 36.29562 -0.4700632 -63.45742 36.29014 -0.471313 -63.56727 36.27352 -0.4880457 -63.58584 36.25364 -0.4798555 -63.60139 36.28922 -0.3863282 -63.58214 36.27294 -0.4347935 -63.59517 36.29309 -0.4637232 -63.57384 36.27449 -0.4655385 -63.59187 36.29254 -0.4146581 -63.58242 36.29397 -0.442986 -63.57939 -8.991419 0.3934741 0.1912765 -8.615097 0.7449699 -0.05400085 -8.991419 0.762537 -0.07434844 -8.615097 0.3848043 0.201332 -9.381567 0.7758818 -0.08982849 -8.615097 0.9234171 -0.3399506 -8.256299 0.3741322 0.2137069 -8.991419 -0.06841087 0.3620987 -9.381567 0.4000592 0.1836624 -9.381567 0.9706893 -0.3947449 -8.991419 0.9502845 -0.3711014 -8.256299 0.7233443 -0.02892303 -8.256299 -0.07355546 0.3680801 -8.615097 -0.07071781 0.3647843 -9.781687 0.4044943 0.1785049 -9.781687 0.7848697 -0.1002272 -4.161339 1.185504 -0.4561234 -8.256299 0.8903494 -0.3016205 -4.161339 0.3385244 0.264061 -4.161339 0.7368994 0.06385803 -8.991419 -0.5123654 0.3971787 -9.381567 -0.0666604 0.3600845 -9.781687 -0.06548023 0.3587113 -9.781687 0.9844294 -0.4106751 -9.381567 2.389357 -2.966118 -8.615097 2.205229 -2.752716 -4.161339 1.034322 -0.1890411 -4.161339 -0.1001605 0.3811112 -8.256299 -0.5123654 0.3971787 -10.18786 0.4067373 0.1759109 -10.18786 0.7894092 -0.1054992 -8.991419 2.309879 -2.873993 -8.256299 2.076435 -2.603447 -1.997434 0.3385244 0.264061 -1.997434 -0.1001605 0.3811112 -1.997434 0.7368994 0.06385803 -1.997434 1.034322 -0.1890411 -8.615097 -0.83424 0.2907333 -9.781687 -0.5123654 0.3971787 -10.18786 -0.06488513 0.3580093 -9.781687 2.44288 -3.028168 -10.18786 0.9913721 -0.4187164 -8.991419 -0.5258708 -0.5142365 -1.997434 1.185504 -0.4561234 -4.161339 -0.5893731 -0.6282425 -4.161339 1.167437 -0.6967239 -1.997434 1.167437 -0.6967239 -1.997434 0.9828668 -0.8741989 -1.997434 0.6598945 -0.9615631 -1.997434 0.2476873 -0.945488 -1.997434 -0.1909952 -0.8284454 -1.997434 -0.5893731 -0.6282425 -1.997434 -0.5123654 0.3971787 -1.997434 -0.8867931 -0.375351 -1.997434 -0.8353386 0.3098068 -1.997434 -1.037978 -0.1082687 -1.997434 -1.019909 0.1323318 -8.256299 -0.837081 0.2940292 -8.991419 -0.8319359 0.2880631 -9.381567 -0.830183 0.2860336 -10.18786 -0.5123654 0.3971787 -10.59608 0.4070349 0.1755599 -10.59608 -0.06458854 0.3576889 -10.59608 0.7897048 -0.1058425 -9.781687 -0.4917231 -0.5538178 -10.18786 2.469924 -3.059517 -10.59608 0.9916697 -0.419075 -9.381567 -0.505465 -0.5378952 -4.161339 -0.1909952 -0.8284454 -4.161339 0.9828668 -0.8741989 -4.161339 -1.037978 -0.1082687 -4.161339 -0.8867931 -0.375351 -4.161339 -1.019909 0.1323318 -4.161339 -0.8353386 0.3098068 -4.161339 0.6598945 -0.9615631 -4.161339 0.2476873 -0.945488 -8.615097 -0.9591637 0.07099914 -9.781687 -0.8290062 0.2846451 -10.59608 -0.5120678 0.3968277 -71.83413 -0.3706331 0.3849869 -71.83413 -0.2216105 0.3279038 -71.83413 -0.1010303 0.2395858 -10.59608 2.470222 -3.059868 -8.991419 -0.8396082 -0.229721 -8.615097 -0.5527377 -0.4831009 -8.256299 -0.8788004 -0.1842955 -8.256299 -0.9698362 0.08338165 -8.256299 -0.5858026 -0.4447708 -8.991419 -0.9504929 0.06095886 -9.381567 -0.9439058 0.05329895 -10.18786 -0.8284083 0.2839737 -10.59608 -0.8281107 0.2836228 -71.83413 -0.5123654 0.3971787 -73.34458 -0.478066 0.3942337 -73.34458 -0.5123654 0.3971787 -73.25222 -0.4500032 0.3918076 -73.10202 -0.4244905 0.3896256 -72.90111 -0.4032307 0.3877945 -72.65904 -0.3876405 0.3864517 -72.38732 -0.3763704 0.3855515 -72.0988 -0.3720508 0.385109 -72.0988 -0.2245182 0.3285904 -72.0988 -0.1051454 0.2411575 -10.18786 -0.4847803 -0.5618744 -9.781687 -0.8172779 -0.2556 -71.83413 -0.03780794 0.1411819 -71.83413 0.4227543 -0.6866989 -10.59608 -0.4844828 -0.5622025 -9.381567 -0.8262634 -0.2451934 -8.615097 -0.8571777 -0.2093428 -9.781687 -0.9394703 0.04817187 -10.18786 -0.9372301 0.045578 -10.59608 -0.9369335 0.04523468 -73.34458 -0.4420033 0.3804093 -73.25222 -0.3844333 0.3667069 -73.10202 -0.332098 0.3542099 -72.90111 -0.2884832 0.3438339 -72.65904 -0.2565007 0.3362045 -72.38732 -0.2335 0.3309555 -73.34458 -0.5366755 0.3885574 -73.25222 -0.5565686 0.3814774 -73.10202 -0.5746479 0.3750534 -72.90111 -0.5897184 0.3697128 -72.65904 -0.6007676 0.3657761 -72.38732 -0.6088734 0.3630295 -72.0988 -0.6118183 0.3618546 -71.83413 -0.612823 0.3615036 -73.34828 -0.4819932 0.393837 -72.0988 -0.04255342 0.1437606 -72.38732 -0.11801 0.2464828 -10.59608 -0.8124409 -0.2612 -10.18786 -0.8127384 -0.2608719 -73.34458 -0.4128232 0.3590317 -73.25222 -0.3313775 0.3278275 -73.35111 -0.4489131 0.3797379 -73.10202 -0.2573381 0.2994614 -72.90111 -0.1956377 0.275795 -72.65904 -0.1503911 0.2584763 -72.0988 -0.6465602 0.2876511 -71.83413 -0.6479182 0.2865524 -72.38732 -0.6427531 0.2912827 -72.65904 -0.6316509 0.2998428 -72.90111 -0.6167407 0.3120041 -73.10202 -0.5964084 0.3286057 -73.25222 -0.5720081 0.3485031 -73.34458 -0.5451679 0.3703995 -73.34828 -0.5327501 0.3889389 -73.35102 -0.4927182 0.3927994 -72.38732 -0.05759274 0.1523513 -72.0988 -0.5061083 0.09880828 -72.0988 0.4139042 -0.676445 -71.83413 -0.506043 0.09578704 -71.83413 -0.6092305 0.1902847 -73.25222 -0.3035607 0.284523 -73.34458 -0.3975229 0.3352432 -73.35237 -0.4210606 0.3582382 -73.35588 -0.4677959 0.3779068 -73.10202 -0.2181406 0.2384567 -72.90111 -0.1469583 0.2000502 -72.65904 -0.09475564 0.1719131 -72.0988 -0.608263 0.1923599 -72.90111 -0.5869532 0.2378921 -72.65904 -0.5976076 0.2151107 -73.10202 -0.572423 0.268898 -73.25222 -0.5549855 0.30616 -73.34458 -0.5358081 0.3470993 -73.35111 -0.5382581 0.3710709 -73.35102 -0.5220256 0.3899613 -73.35202 -0.5073705 0.3913803 -72.38732 0.3835669 -0.6412659 -72.38732 -0.5071001 0.1087875 -73.35176 -0.4051128 0.3344803 -73.25222 -0.1002955 -0.08045196 -73.35807 -0.4435678 0.3560562 -73.35765 -0.4935856 0.3754044 -73.10202 0.06827974 -0.2758484 -72.90111 0.2087569 -0.4386673 -72.65904 0.3117743 -0.558075 -72.38732 -0.6058831 0.19915 -72.90111 -0.5074978 0.1651077 -72.65904 -0.5068035 0.1319503 -73.10202 -0.5084481 0.2103042 -73.25222 -0.509583 0.2645645 -73.34458 -0.5108357 0.3242264 -73.35237 -0.5275707 0.347908 -73.35588 -0.5193782 0.3729019 -73.35701 -0.4258504 0.3324814 -73.36016 -0.4743161 0.3530808 -73.35176 -0.5032458 0.3249893 -73.35807 -0.5050607 0.3500748 -73.35894 -0.4541783 0.3297348 -73.35701 -0.4825082 0.3269882 -0.6958354 1.743667 -2.374321 0.5850907 1.743667 -2.374321 -0.0553717 1.743667 -2.458626 -1.292651 1.743667 -2.12709 1.181906 1.743667 -2.12709 -1.805149 1.743667 -1.733841 1.694404 1.743667 -1.733841 -2.198401 1.743667 -1.221344 2.087656 1.743667 -1.221344 2.334866 1.743667 -0.6245194 -2.44561 1.743667 -0.6245194 -2.529929 1.743667 0.01592254 2.419184 1.743667 0.01592254 -2.44561 1.743667 0.6563797 2.334866 1.743667 0.6563797 -2.198401 1.743667 1.253212 2.087656 1.743667 1.253212 -1.805149 1.743667 1.765709 1.694404 1.743667 1.765709 -1.29265 1.743667 2.158958 1.181906 1.743667 2.158958 -0.6958354 1.743667 2.406181 0.5850907 1.743667 2.406181 -0.0553717 1.743667 2.490486 -2.55338 3.185181 1.326012 -1.889808 3.185181 2.246605 -2.120895 3.185181 1.991295 -2.451394 3.185181 1.532814 -2.625849 3.185181 0.989357 -2.595721 3.185181 0.1941146 -2.578586 3.185181 -0.1498184 1.925696 3.185181 2.110039 2.387861 3.185181 1.461891 -2.185171 3.185181 1.948341 2.285875 3.185181 1.668709 -2.53232 3.185181 -0.955246 2.099063 3.185181 1.958 -2.336349 3.185181 -1.509079 1.670376 3.185181 2.341133 -2.42675 3.185181 -1.283043 -0.2946885 3.185181 2.625465 1.452024 3.185181 2.41526 -0.9772337 3.185181 2.618156 0.04925304 3.185181 2.642601 2.493431 3.185181 1.134102 2.37564 3.185181 -0.9985962 2.361894 3.185181 -1.241661 1.785623 3.185181 -2.064926 -2.096525 3.185181 -1.860741 -1.632701 3.185181 -2.217499 2.174366 3.185181 -1.624107 -2.034145 3.185181 -1.913757 2.132106 3.185181 -1.694221 1.71551 3.185181 -2.107185 -1.471049 3.185181 -2.239876 0.731799 3.185181 2.649925 2.47227 3.185181 0.3315811 -1.38216 3.185181 2.507545 1.145595 3.185181 2.57238 2.448108 3.185181 -0.6619492 -1.305021 3.185181 2.512596 1.068457 3.185181 2.577446 2.489404 3.185181 -0.01235949 -2.294262 3.185181 1.839256 -0.4922269 3.185181 -2.38839 2.513568 3.185181 0.981163 2.363012 3.185181 1.535103 1.601045 3.185181 2.375328 -1.08321 3.185181 -2.38839 0.7793544 3.185181 -2.443726 2.048092 3.185181 2.016121 -2.645986 3.185181 0.8363876 1.989973 3.185181 2.067101 0.1883718 3.185181 -2.443726 2.328821 3.185181 1.604439 1.350204 3.185181 -2.324409 1.107143 3.185181 -2.338158 -1.552782 3.185181 -2.23526 -2.409008 3.185181 -1.362961 2.384259 3.185181 -1.080002 -2.528321 3.185181 -0.7920914 -0.1555696 3.185181 -2.460854 -1.671455 3.185181 2.320732 2.379638 3.185181 -1.161743 -2.378609 3.185181 -1.438965 -2.536942 3.185181 -0.8735046 -1.389639 3.185181 -2.231247 1.188552 3.185181 -2.346779 2.204763 3.185181 -1.548103 -1.708712 3.185181 -2.187103 1.270286 3.185181 -2.342171 2.079092 3.185181 -1.756592 1.527842 3.185181 2.400169 -1.964031 3.185181 -1.956017 -2.243292 3.185181 1.897377 1.848004 3.185181 -2.011909 -1.820476 3.185181 2.2808 1.6395 3.185181 -2.137581 -2.149539 3.185181 -1.79837 -1.747274 3.185181 2.305641 -2.494342 3.185181 1.468544 -2.64093 3.185181 0.9135208 -2.528532 3.185181 1.399208 2.508512 3.185181 1.058296</float_array>
          <technique_common>
            <accessor source="#Original-mesh-positions-array" count="945" stride="3">
              <param name="X" type="float"/>
              <param name="Y" type="float"/>
              <param name="Z" type="float"/>
            </accessor>
          </technique_common>
        </source>
        <source id="Original-mesh-normals">
          <float_array id="Original-mesh-normals-array" count="5136">0.1260585 -0.9442386 -0.3041757 0.1820012 -0.8796069 -0.4395082 0.1821067 -0.8796306 -0.439417 0.2003889 -0.9442397 -0.261258 0.04297405 -0.9442402 -0.3264411 0.0621404 -0.8796139 -0.4716122 0.06208866 -0.8796038 -0.4716379 0.2332687 -0.7926735 -0.5632536 0.2332529 -0.792665 -0.5632721 0.289574 -0.879623 -0.377373 0.289515 -0.8796051 -0.3774601 0.2611944 -0.9442445 -0.2004493 -0.04297477 -0.9442408 -0.3264394 -0.06214094 -0.8796139 -0.4716122 -0.0620895 -0.8796028 -0.4716396 0.07958865 -0.7926553 -0.604453 0.07963883 -0.792675 -0.6044204 0.2785305 -0.6858126 -0.6723704 0.2784817 -0.6857749 -0.672429 0.3711495 -0.7926681 -0.4836585 0.3711421 -0.7926625 -0.4836732 0.3773989 -0.8796116 -0.289575 0.3773832 -0.8796039 -0.2896187 0.3041976 -0.944243 -0.1259726 -0.1260569 -0.9442387 -0.3041762 -0.1819992 -0.8796071 -0.4395084 -0.182104 -0.8796305 -0.4394183 -0.07958865 -0.7926553 -0.604453 -0.07963949 -0.7926761 -0.6044189 0.09496581 -0.6857914 -0.7215758 0.09500664 -0.6858174 -0.7215458 0.3123912 -0.5776923 -0.754111 0.3123615 -0.5777028 -0.7541154 0.4430494 -0.6857817 -0.5774173 0.4430675 -0.6858037 -0.5773773 0.4836829 -0.792662 -0.3711305 0.4836832 -0.7926614 -0.3711314 0.4394851 -0.8796081 -0.1820506 0.4394894 -0.8796168 -0.1819984 0.3264309 -0.9442429 -0.04299032 -0.2003911 -0.9442394 -0.2612574 -0.289577 -0.8796228 -0.3773711 -0.2895183 -0.879606 -0.3774552 -0.2332686 -0.7926727 -0.5632547 -0.2332509 -0.7926649 -0.563273 -0.09496247 -0.6858143 -0.7215545 -0.09501039 -0.6857885 -0.7215728 0.1065417 -0.5777045 -0.8092629 0.1065087 -0.5776915 -0.8092765 0.3366348 -0.4755716 -0.8127169 0.3366499 -0.4755641 -0.812715 0.4968869 -0.5777035 -0.6475818 0.4969048 -0.5776966 -0.6475742 0.5773862 -0.6858036 -0.4430561 0.57739 -0.6858161 -0.4430317 0.5632544 -0.7926619 -0.2333057 0.5632553 -0.7926564 -0.2333228 0.4716216 -0.8796123 -0.06209123 0.4716237 -0.8796097 -0.06211173 0.326431 -0.9442434 0.04298049 -0.2611936 -0.9442436 -0.2004544 -0.3773976 -0.8796105 -0.2895799 -0.3773818 -0.879603 -0.2896233 -0.3711491 -0.7926671 -0.4836602 -0.3711447 -0.7926634 -0.4836696 -0.2785306 -0.6858133 -0.6723695 -0.2784824 -0.6857762 -0.6724273 -0.1065429 -0.5776936 -0.8092705 -0.1065064 -0.5777069 -0.8092659 0.1148238 -0.4755726 -0.8721504 0.1148218 -0.4755715 -0.8721513 0.3560258 -0.3667696 -0.8594917 0.3560625 -0.3667461 -0.8594864 0.5355182 -0.4755636 -0.6978965 0.5354839 -0.4755824 -0.69791 0.6475687 -0.5776971 -0.4969114 0.6475709 -0.5776962 -0.4969097 0.6723823 -0.6858108 -0.2785063 0.6723819 -0.6858103 -0.2785081 0.6044452 -0.7926619 -0.07958322 0.6044437 -0.7926635 -0.07957774 0.4716245 -0.8796111 0.0620855 0.4716213 -0.8796118 0.06209963 0.3041924 -0.9442448 0.1259716 -0.3041986 -0.944243 -0.1259701 -0.4394856 -0.8796076 -0.182052 -0.4394906 -0.8796172 -0.1819939 -0.4836806 -0.7926633 -0.3711311 -0.4836807 -0.7926632 -0.3711306 -0.4430508 -0.6857826 -0.5774152 -0.4430669 -0.685802 -0.5773798 -0.3123618 -0.5777028 -0.7541152 -0.3123916 -0.5776921 -0.7541111 -0.1148236 -0.4755717 -0.8721508 -0.1148215 -0.4755727 -0.8721506 0.1214135 -0.3667574 -0.92236 0.1214331 -0.3667706 -0.9223521 0.3703006 -0.2527887 -0.8938542 0.370217 -0.2528511 -0.8938712 0.5663154 -0.3667482 -0.738094 0.5663379 -0.3667328 -0.7380844 0.6978851 -0.4755804 -0.5355182 0.6978944 -0.4755749 -0.535511 0.7541193 -0.5776973 -0.3123621 0.7541221 -0.5776957 -0.3123579 0.7215569 -0.6858064 -0.0950011 0.7215597 -0.6858041 -0.09499722 0.6044439 -0.7926635 0.07957488 0.6044464 -0.7926621 0.07957029 0.4394894 -0.8796165 0.1819996 0.439486 -0.8796096 0.1820418 0.2611777 -0.9442473 0.2004581 -0.3264315 -0.9442431 -0.04298418 -0.4716219 -0.8796121 -0.06209123 -0.4716246 -0.8796097 -0.06210565 -0.5632528 -0.7926632 -0.233305 -0.5632535 -0.7926581 -0.2333209 -0.5773852 -0.6858021 -0.4430598 -0.5773897 -0.6858159 -0.4430323 -0.4969047 -0.577697 -0.647574 -0.496889 -0.5777034 -0.6475803 -0.3366504 -0.4755644 -0.8127147 -0.336635 -0.4755714 -0.8127169 -0.1214129 -0.3667696 -0.9223552 -0.1214335 -0.3667564 -0.9223577 0.1263243 -0.2528311 -0.9592282 0.1262686 -0.2527875 -0.9592469 0.3791282 -0.1354126 -0.9153826 0.379186 -0.1353623 -0.9153661 0.588971 -0.2528485 -0.7675813 0.5890052 -0.2528198 -0.7675644 0.7380768 -0.3667388 -0.566344 0.738067 -0.3667463 -0.5663517 0.81272 -0.4755705 -0.3366291 0.8127237 -0.4755675 -0.3366242 0.8092677 -0.5776973 -0.1065446 0.8092659 -0.5776992 -0.1065479 0.7215601 -0.6858044 0.09499174 0.7215605 -0.685804 0.09499216 0.5632548 -0.7926606 0.2333096 0.563255 -0.7926591 0.2333141 0.3773639 -0.879605 0.2896405 0.3773894 -0.8796177 0.2895689 0.2004566 -0.9442455 0.2611852 -0.3264316 -0.9442434 0.04297602 -0.4716249 -0.8796103 0.06209552 -0.4716235 -0.8796117 0.06208539 -0.604443 -0.7926636 -0.0795809 -0.6044414 -0.7926651 -0.07957744 -0.6723818 -0.6858108 -0.2785074 -0.6723818 -0.6858106 -0.278508 -0.6475681 -0.5776948 -0.4969149 -0.6475708 -0.5776979 -0.4969077 -0.535484 -0.4755823 -0.69791 -0.5355187 -0.4755635 -0.6978963 -0.356063 -0.3667457 -0.8594863 -0.3560264 -0.3667686 -0.8594917 -0.1263251 -0.2527897 -0.959239 -0.1262677 -0.252833 -0.9592352 0.1293117 -0.1353705 -0.9823204 0.1293635 -0.1354147 -0.9823075 0.3826591 -0.01607114 -0.9237499 0.3826625 -0.01606905 -0.9237486 0.6031791 -0.1353635 -0.7860355 0.6031547 -0.135387 -0.7860502 0.7675731 -0.2528214 -0.5889931 0.767571 -0.2528235 -0.588995 0.8595095 -0.3667505 -0.3560025 0.8594959 -0.3667647 -0.3560205 0.8721527 -0.4755673 -0.1148276 0.8721537 -0.4755662 -0.1148256 0.8092668 -0.5776996 0.1065387 0.8092675 -0.5776977 0.106544 0.672383 -0.6858049 0.2785191 0.6723813 -0.6858151 0.2784978 0.4836885 -0.7926567 0.3711345 0.4836853 -0.7926522 0.3711483 0.2896096 -0.879621 0.3773504 0.2895833 -0.8796145 0.3773856 0.1259703 -0.9442471 0.3041857 -0.3041934 -0.944245 0.1259675 -0.4394906 -0.879617 0.1819944 -0.4394864 -0.8796094 0.1820414 -0.6044418 -0.7926656 0.07956969 -0.6044432 -0.7926642 0.07957315 -0.7215599 -0.6858032 -0.09500235 -0.7215574 -0.6858069 -0.094994 -0.7541207 -0.5776944 -0.3123638 -0.7541212 -0.5776962 -0.3123597 -0.6978882 -0.4755756 -0.5355184 -0.6978916 -0.4755798 -0.5355103 -0.5663371 -0.3667328 -0.7380849 -0.5663157 -0.3667474 -0.7380942 -0.370218 -0.2528512 -0.8938708 -0.3703009 -0.252789 -0.893854 -0.1293104 -0.1354136 -0.9823147 -0.1293647 -0.1353695 -0.9823136 0.1304884 -0.01606577 -0.9913197 0.1304967 -0.01607191 -0.9913185 0.6086809 -0.01606976 -0.7932525 0.6086794 -0.0160712 -0.7932536 0.7860406 -0.1353864 -0.6031675 0.7860431 -0.1353834 -0.6031647 0.8938626 -0.2528243 -0.3702561 0.8938665 -0.2528192 -0.3702505 0.9223564 -0.3667591 -0.1214352 0.9223591 -0.3667547 -0.1214283 0.8721539 -0.4755663 0.1148231 0.8721536 -0.4755671 0.1148221 0.7541232 -0.5776959 0.3123551 0.7541238 -0.577697 0.3123517 0.5773762 -0.6858224 0.44304 0.5773727 -0.6858119 0.4430608 0.3711525 -0.7926481 0.4836888 0.3711776 -0.7926659 0.4836403 0.1820036 -0.8796135 0.4394938 0.1819639 -0.8796045 0.4395282 0.04294162 -0.944244 0.3264344 -0.2611768 -0.9442458 0.2004664 -0.5632532 -0.7926624 0.2333071 -0.5632532 -0.7926604 0.2333137 -0.3773628 -0.8796051 0.2896419 -0.3773884 -0.8796172 0.2895716 -0.7215602 -0.6858044 0.09499096 -0.7215605 -0.6858041 0.09499055 -0.8092672 -0.5776987 -0.1065413 -0.8092678 -0.5776968 -0.1065465 -0.812721 -0.4755669 -0.3366316 -0.8127222 -0.4755719 -0.3366217 -0.7380738 -0.3667454 -0.5663436 -0.7380701 -0.366739 -0.5663524 -0.5890052 -0.2528196 -0.7675645 -0.5889703 -0.2528482 -0.7675819 -0.3791853 -0.1353632 -0.9153663 -0.3791293 -0.1354122 -0.9153822 -0.1304892 -0.01607203 -0.9913195 -0.1304957 -0.01606577 -0.9913187 0.7932447 -0.01607024 -0.608691 0.7932509 -0.01606214 -0.6086831 0.9153741 -0.1353833 -0.3791593 0.9153785 -0.1353766 -0.3791511 0.9592357 -0.2528232 -0.1262831 0.9592344 -0.2528266 -0.1262864 0.9223588 -0.3667544 0.1214318 0.922358 -0.3667577 0.1214265 0.812724 -0.4755672 0.336624 0.8127238 -0.4755675 0.3366239 0.6475617 -0.5776953 0.4969226 0.647564 -0.5776973 0.4969174 0.4430913 -0.6858161 0.5773442 0.4430551 -0.6857717 0.5774248 0.2332035 -0.7926618 0.563297 0.2332608 -0.7926896 0.5632341 0.06204599 -0.8795961 0.4716579 0.06216162 -0.8796179 0.4716019 -0.04294234 -0.9442445 0.3264327 -0.2004589 -0.9442455 0.2611837 -0.6723829 -0.6858052 0.2785187 -0.672381 -0.685815 0.278499 -0.4836862 -0.7926585 0.3711338 -0.4836827 -0.7926532 0.3711495 -0.289613 -0.8796222 0.3773446 -0.2895864 -0.8796143 0.3773837 -0.8092696 -0.5776963 0.1065364 -0.8092669 -0.5776989 0.1065419 -0.8721535 -0.4755665 -0.1148256 -0.8721535 -0.4755668 -0.1148238 -0.8595045 -0.3667658 -0.3559984 -0.8595007 -0.3667499 -0.3560243 -0.7675732 -0.2528248 -0.5889915 -0.7675707 -0.2528207 -0.5889965 -0.6031562 -0.1353869 -0.7860491 -0.603179 -0.1353652 -0.7860352 -0.3826633 -0.0160681 -0.9237482 -0.3826584 -0.01607161 -0.9237502 0.9237644 -0.01606339 -0.3826245 0.9237636 -0.0160644 -0.3826263 0.9823173 -0.1353795 -0.1293254 0.9823159 -0.1353843 -0.1293308 0.9592353 -0.2528257 0.1262813 0.9592351 -0.252826 0.1262818 0.8595052 -0.3667622 0.3560005 0.8595027 -0.3667515 0.3560178 0.6978838 -0.4755687 0.5355303 0.6978889 -0.4755759 0.5355171 0.4968871 -0.5777032 0.647582 0.4969047 -0.5776963 0.6475746 0.278486 -0.6857633 0.6724391 0.2785218 -0.6857914 0.6723955 0.07966494 -0.7926937 0.6043925 0.07956796 -0.7926566 0.604454 -0.06204682 -0.879595 0.4716597 -0.0621621 -0.8796179 0.471602 -0.1259685 -0.9442472 0.3041862 -0.7541227 -0.5776964 0.3123555 -0.7541242 -0.5776951 0.3123544 -0.5773757 -0.6858225 0.4430405 -0.5773715 -0.6858105 0.4430644 -0.3711553 -0.7926496 0.4836843 -0.3711772 -0.792665 0.4836422 -0.1820009 -0.8796134 0.4394952 -0.1819618 -0.8796048 0.4395284 -0.872154 -0.4755667 0.114821 -0.8721542 -0.4755665 0.1148205 -0.9223577 -0.3667564 -0.1214336 -0.9223571 -0.366759 -0.12143 -0.8938637 -0.2528172 -0.370258 -0.8938656 -0.2528247 -0.3702486 -0.7860402 -0.1353817 -0.603169 -0.7860427 -0.1353863 -0.6031645 -0.6086794 -0.01607143 -0.7932536 -0.6086823 -0.01606786 -0.7932514 0.9913161 -0.01606422 -0.1305158 0.9913161 -0.01606458 -0.1305159 0.9823173 -0.1353846 0.1293205 0.9823172 -0.1353788 0.1293278 0.8938643 -0.2528262 0.3702508 0.8938636 -0.2528234 0.3702544 0.7380689 -0.366747 0.5663488 0.7380702 -0.3667495 0.5663456 0.5355159 -0.4755702 0.6978938 0.5355024 -0.475578 0.6978989 0.3123705 -0.5777003 0.7541135 0.3123639 -0.5777026 0.7541145 0.09498524 -0.6857911 0.7215736 0.0949859 -0.6857917 0.7215729 -0.0796656 -0.7926946 0.6043911 -0.07956796 -0.7926566 0.6044539 -0.8127223 -0.4755692 0.3366251 -0.8127243 -0.4755678 0.3366226 -0.6475575 -0.577699 0.4969238 -0.6475666 -0.5776946 0.496917 -0.4430908 -0.6858144 0.5773467 -0.4430567 -0.6857728 0.5774223 -0.2332014 -0.7926617 0.5632978 -0.2332608 -0.7926889 0.5632353 -0.9223576 -0.366758 0.1214298 -0.9223582 -0.3667566 0.1214286 -0.959235 -0.2528252 -0.126285 -0.959235 -0.2528232 -0.1262884 -0.9153754 -0.1353783 -0.3791581 -0.9153771 -0.1353824 -0.3791524 -0.7932449 -0.0160619 -0.6086909 -0.7932506 -0.01607042 -0.6086832 0.9913165 -0.0160638 0.1305126 0.9913164 -0.0160647 0.1305128 0.9153736 -0.1353722 0.3791644 0.9153776 -0.135383 0.379151 0.7675771 -0.2528233 0.5889871 0.7675761 -0.2528211 0.5889893 0.5663287 -0.3667681 0.7380739 0.566358 -0.3667477 0.7380615 0.3366362 -0.4755778 0.8127127 0.3366481 -0.4755718 0.8127112 0.1065294 -0.5777056 0.8092637 0.1065428 -0.5777004 0.8092656 -0.0949856 -0.6857917 0.7215729 -0.09498524 -0.6857911 0.7215736 -0.8595108 -0.3667486 0.356001 -0.8594982 -0.3667622 0.3560175 -0.6978812 -0.4755766 0.5355266 -0.6978907 -0.4755706 0.5355195 -0.4969044 -0.5776969 0.6475742 -0.4968892 -0.5777029 0.6475806 -0.2784864 -0.6857646 0.6724377 -0.2785221 -0.6857923 0.6723945 -0.9592352 -0.2528247 0.1262834 -0.959235 -0.2528254 0.1262837 -0.9823167 -0.135383 -0.1293272 -0.9823167 -0.1353811 -0.129329 -0.9237636 -0.01606583 -0.3826261 -0.9237625 -0.01606243 -0.3826292 0.9237642 -0.01606488 0.3826248 0.9237653 -0.01606714 0.382622 0.7860454 -0.1353833 0.6031616 0.7860441 -0.1353808 0.6031641 0.5890017 -0.25281 0.7675703 0.5889905 -0.2528196 0.7675759 0.356027 -0.3667612 0.8594947 0.3560154 -0.3667684 0.8594964 0.1148214 -0.4755643 0.8721552 0.114797 -0.4755772 0.8721513 -0.1065427 -0.5777004 0.8092657 -0.106529 -0.5777056 0.8092639 -0.8938643 -0.2528234 0.3702524 -0.8938637 -0.2528255 0.3702528 -0.7380673 -0.3667495 0.5663493 -0.7380723 -0.3667454 0.5663453 -0.5355025 -0.4755777 0.6978989 -0.5355162 -0.4755704 0.6978935 -0.3123642 -0.5777025 0.7541144 -0.3123708 -0.5777 0.7541136 -0.9823176 -0.1353801 0.1293225 -0.9823169 -0.1353827 0.1293259 -0.9913163 -0.01606565 -0.1305139 -0.9913163 -0.01606607 -0.1305141 0.7932457 -0.01606851 0.6086896 0.7932506 -0.01607602 0.6086831 0.6031616 -0.1353954 0.7860434 0.6031771 -0.1353803 0.7860341 0.3702534 -0.2527993 0.8938708 0.3702422 -0.2528083 0.8938728 0.1214045 -0.3667747 0.9223542 0.1214259 -0.3667614 0.9223567 -0.1147967 -0.4755773 0.8721514 -0.1148213 -0.4755645 0.8721551 -0.9153729 -0.1353824 0.3791623 -0.915378 -0.1353743 0.3791531 -0.7675786 -0.2528204 0.5889865 -0.7675747 -0.2528238 0.5889901 -0.5663572 -0.3667477 0.7380621 -0.5663291 -0.3667672 0.7380741 -0.3366487 -0.4755719 0.812711 -0.3366364 -0.4755779 0.8127126 -0.9913168 -0.01606529 0.1305108 -0.9913167 -0.01606667 0.130511 0.6087035 -0.0160529 0.7932354 0.608679 -0.01607888 0.7932537 0.3791485 -0.1353932 0.9153771 0.3791427 -0.1353985 0.9153787 0.1262806 -0.2528229 0.959236 0.1263139 -0.2527987 0.9592381 -0.1214259 -0.3667613 0.9223567 -0.1214042 -0.3667748 0.9223542 -0.9237635 -0.01606678 0.3826264 -0.9237642 -0.01606565 0.382625 -0.7860449 -0.1353806 0.603163 -0.7860441 -0.135382 0.6031638 -0.5889906 -0.2528188 0.767576 -0.5890009 -0.25281 0.767571 -0.3560158 -0.366768 0.8594964 -0.3560277 -0.3667603 0.8594948 0.3826171 -0.01608121 0.923767 0.3826513 -0.01604956 0.9237534 0.1293526 -0.1353799 0.9823137 0.1293354 -0.1353936 0.9823141 -0.1263137 -0.2527989 0.9592381 -0.1262806 -0.2528229 0.959236 -0.7932455 -0.01607608 0.6086897 -0.7932509 -0.01606851 0.6086831 -0.6031787 -0.1353805 0.786033 -0.6031615 -0.1353973 0.7860431 -0.3702433 -0.2528083 0.8938725 -0.3702537 -0.2527999 0.8938705 0.1305208 -0.0160551 0.9913156 0.1304889 -0.01608252 0.9913194 -0.1293354 -0.1353935 0.9823141 -0.1293524 -0.1353799 0.9823138 -0.6086782 -0.01607853 0.7932543 -0.608705 -0.01605033 0.7932344 -0.3791419 -0.1353995 0.9153789 -0.3791496 -0.1353928 0.9153767 -0.1304887 -0.01608264 0.9913194 -0.1305208 -0.0160551 0.9913156 -0.3826528 -0.01604801 0.9237529 -0.3826165 -0.01608163 0.9237673 -0.7167734 -0.2556101 0.6487676 0 -1 2.14592e-6 0 -1 -7.3191e-7 0 -1 0 0 -1 -1.29225e-7 0 -1 -7.2481e-7 0 -1 6.4984e-7 0 -1 5.67735e-7 0 -1 -1.16992e-6 0 -1 9.84812e-7 0 -1 -6.05569e-7 0 -1 -4.46787e-7 0 -1 3.62399e-7 0 -1 0 0 -1 -1.46386e-6 0 -1 2.14536e-6 0.4446346 -0.2243442 0.867162 0.2074958 -0.1674318 0.9638009 -0.8644343 -0.2372404 0.44325 -0.9637595 -0.1677135 0.2074605 -0.9981508 -0.03495973 -0.04972827 -0.9436913 -0.1306791 -0.3039242 -0.8238573 -0.1955215 -0.5320062 -0.21039 0.01835703 -0.9774453 0.305258 -0.09189969 -0.9478248 0.5333612 -0.1828435 -0.82589 0.7249341 -0.2096441 -0.6561402 0.876387 -0.173227 -0.4493753 0.9750154 -0.07275259 -0.2098858 0.998237 -0.03240281 0.04972875 0.9339469 -0.1930451 0.3007938 0.812393 -0.2545617 0.5246104 0.6470726 -0.2649667 0.7149054 -0.7236223 -0.2714183 0.6345888 0.06487113 -0.1419487 0.9877461 0.1899507 -0.2306765 0.9543098 -0.01069736 -0.07772743 0.9969174 -0.01066756 -0.08656394 0.9961892 -0.1885784 -0.2584938 0.9474277 -0.7985106 -0.2786614 0.5335998 -0.9682002 -0.1597423 0.1925382 -0.927941 -0.1992339 0.3150104 -0.9963113 -0.03583514 -0.07797253 -0.9965211 -0.02938354 -0.07798892 -0.9695437 -0.1168614 -0.2152409 -0.9978578 -0.03311234 -0.05642288 -0.7464638 -0.200571 -0.6344786 -0.8413243 -0.1871652 -0.5070923 0.1041655 -0.1526261 -0.9827792 0 -0.04444533 -0.9990119 0 -0.007819116 -0.9999694 -0.1050479 -0.07088506 -0.9919377 0.3644465 -0.1913815 -0.9113462 0.2154735 -0.116898 -0.9694875 0.7458218 -0.2046467 -0.6339319 0.6344404 -0.2005645 -0.746498 0.9711294 -0.1020599 -0.215619 0.9151438 -0.1689801 -0.3660022 0.9977955 -0.01950705 -0.06343227 0.994009 -0.02949589 0.1052436 0.9969627 -0.0452556 -0.06338304 0.92856 -0.1960847 0.3151622 0.9705809 -0.1438391 0.1930881 0.7252075 -0.2638017 0.6359897 0.8030782 -0.2590377 0.5366235 0.4288073 -0.2454326 0.8694177 0.5321577 -0.2867032 0.7966238 0.3122177 -0.2365788 0.9200819 -0.8711014 -0.2380623 0.4295449 -0.9930241 -0.09831708 0.06509327 -0.9942134 0.02135974 0.1052789 -0.918047 -0.1495419 -0.3671879 -0.05572032 -0.1527 -0.9867007 0.05606138 -0.09031349 -0.9943342 0.50642 -0.1938487 -0.8402151 0.8417342 -0.184636 -0.5073393 0.996492 -0.06189024 -0.05633413 0.9936586 -0.0916543 0.06513243 0.8736069 -0.2263321 0.4307956 0.634158 -0.2741725 0.7229614 0.711112 0.5840963 -0.3913457 0.7107095 0.5783062 -0.4005671 0.7089336 0.5841333 -0.3952233 0.4529687 0.8483199 -0.2741768 0.7119253 0.5782912 -0.3984239 0.8206588 0.3468251 -0.4541271 0.7031962 0.5883616 -0.3991815 0.4624885 0.8426845 -0.2756578 0.4549307 0.8449545 -0.2812295 0.4513583 0.8482863 -0.2769229 0.8299449 0.3259048 -0.4527446 0.7225229 0.5704239 -0.3906116 0.8174384 0.3377351 -0.466615 0.8184438 0.3468487 -0.4580893 0.7021868 0.5883638 -0.4009512 0.4637941 0.8426959 -0.2734203 0.4571113 0.8450046 -0.2775187 0.6732995 0.6411269 -0.3682718 0.4407767 0.8525648 -0.2808012 0.8230806 0.3259782 -0.4650555 0.8181046 0.3377318 -0.4654482 0.721315 0.5704549 -0.3927924 0.8666158 0.078758 -0.4927213 0.8117302 0.3535821 -0.4648376 0.8126028 0.3580101 -0.4598975 0.7023794 0.5910951 -0.3965726 0.4646221 0.8411491 -0.2767574 0.4100382 0.8754644 -0.2557944 0.6596112 0.6605753 -0.3585435 0.4172285 0.8864262 -0.2004225 0.4739948 0.8519492 -0.2225122 0.83745 0.257807 -0.481885 0.7773245 0.4490317 -0.4406099 0.8684097 0.06618255 -0.4914109 0.6693379 0.6476576 -0.3640418 0.8637029 0.07316464 -0.4986624 0.8657554 0.07875907 -0.4942313 0.8111397 0.3535824 -0.4658672 0.8106241 0.3580173 -0.4633704 0.700433 0.5911105 -0.3999776 0.4128991 0.8755329 -0.2509112 0.4671156 0.8411683 -0.2724685 0.3793951 0.8768032 -0.2954244 0.4482598 0.8693944 -0.207886 -0.8432118 0.5331948 -0.06853598 0.3666245 0.8751505 -0.3157502 0.8367503 0.2578072 -0.4830988 0.8367505 0.2578072 -0.4830987 0.8654963 0.06618499 -0.4965237 0.7738021 0.4490435 -0.4467555 0.7738022 0.449043 -0.4467557 0.6597625 0.6477788 -0.3809148 0.6597623 0.6477792 -0.3809146 0.8222337 -0.3139622 -0.4747205 0.8630425 0.08298033 -0.4982688 0.8643864 0.085747 -0.4954632 0.8084049 0.3602433 -0.4655174 0.6986419 0.5924267 -0.4011609 0.4004795 0.8728045 -0.2789776 0.4675002 0.8404235 -0.2741019 -0.6903806 -0.6388156 0.3395429 0.4266273 0.8702405 -0.2463141 0.4266377 0.8702346 -0.2463174 -0.9579777 -0.2104433 0.194916 -0.1869439 0.9659841 -0.1786802 -0.6989217 -0.6380946 0.3230229 -0.5000063 -2.1701e-6 -0.8660218 -0.4999765 -7.92528e-5 -0.866039 -0.49998 -2.11707e-5 -0.8660371 -0.4999947 1.46967e-5 -0.8660284 -0.4999929 -1.6732e-5 -0.8660296 -0.4999943 -1.3112e-5 -0.8660288 -0.4999945 -1.36556e-5 -0.8660286 -0.5000051 1.25542e-5 -0.8660225 -0.5000052 1.31118e-5 -0.8660224 -0.4999924 -1.74351e-5 -0.8660297 -0.4999919 -2.81077e-5 -0.8660302 -0.5000174 3.27177e-5 -0.8660154 -0.5000215 9.85551e-5 -0.8660131 -0.4999564 -5.78695e-5 -0.8660506 0.8653678 0.03895258 -0.4996211 0.8653677 0.03894352 -0.4996221 0.8309022 -0.3027255 -0.4668606 0.8238856 -0.3230908 -0.4656448 0.8174823 -0.3301079 -0.4719658 0.86285 0.08574581 -0.498134 0.8635107 0.08712965 -0.4967471 0.8081457 0.3602125 -0.4659909 0.8081563 0.3602443 -0.4659478 0.69781 0.5924301 -0.4026013 0.6978098 0.5924276 -0.4026054 -0.6778775 -0.6442771 0.3541033 0.4111271 0.8733667 -0.2611612 0.469235 0.840431 -0.2710981 0.4692368 0.84043 -0.2710985 0.4204533 0.8725368 -0.2487944 -0.6698667 -0.6426139 0.3719221 -0.06486421 0.9971912 0.03744906 -0.06486415 0.9971913 0.037449 -0.8351323 -0.4448009 0.3235834 -0.6578111 -0.6314903 0.4104931 -0.7804898 0.622561 -0.05704104 -0.426608 -0.8702531 0.2463027 -0.4266076 -0.8702536 0.2463021 0.06485635 -0.9971919 -0.03744411 0.06486147 -0.9971914 -0.03744792 0.6242373 -0.6931369 -0.3604015 0.6242575 -0.6931102 -0.3604178 0.8359861 -0.2610908 -0.4826583 0.8359706 -0.2611657 -0.4826443 -0.6242318 0.6931438 0.3603977 -0.6242315 0.6931437 0.3603981 -0.8359885 0.2610882 0.4826554 -0.8359821 0.261109 0.4826554 -0.8653682 -0.03894037 0.4996213 -0.8653681 -0.0389409 0.4996215 -0.8367535 -0.2577934 0.4831006 -0.8367534 -0.2577942 0.4831006 -0.7737954 -0.4490575 0.4467528 -0.7737976 -0.4490537 0.4467529 -0.6597723 -0.6477655 0.3809205 -0.6597689 -0.6477694 0.3809196 0.4336803 -0.8692822 -0.2372128 0.827151 -0.3027415 -0.4734649 0.432401 -0.8693048 -0.2394553 0.8227589 -0.3230975 -0.467628 0.818136 -0.3347863 -0.4675164 0.8160636 -0.3347891 -0.4711227 0.8631339 0.08716732 -0.4973949 0.8631158 0.08712732 -0.4974334 0.8085793 0.360216 -0.4652354 0.6997215 0.5924259 -0.3992761 -0.6700314 -0.6445288 0.3682942 -0.6676861 -0.6426432 0.3757727 0.4738806 0.8403946 -0.2630097 0.4229637 0.8725484 -0.2444605 0.4229645 0.87255 -0.244454 -0.6463648 -0.671751 0.3618886 -0.9396356 -0.2485033 0.2352252 -0.4045116 -0.8768121 0.2599444 -0.9698317 0.2356293 0.06249237 -0.4141382 -0.8699898 0.2675954 0.07139992 -0.997106 -0.02611023 0.6254971 -0.6931087 -0.3582649 -0.9875224 -0.03631889 0.1532336 -0.6420385 -0.6473746 0.4107223 0.4830505 -0.8452121 -0.2286456 0.4169169 -0.8860138 -0.2028794 0.3833838 -0.8984464 -0.2140354 0.382293 -0.8984565 -0.2159354 0.8163663 -0.3371453 -0.4689128 0.8158378 -0.3371421 -0.469834 0.8158404 -0.3371688 -0.4698105 0.8627265 0.08716499 -0.4981016 0.8627824 0.08558869 -0.4982784 0.8628361 0.08594471 -0.4981239 0.8628724 0.08591467 -0.4980664 0.8628135 0.08593541 -0.4981647 0.8628813 0.08787125 -0.4977094 0.8628895 0.0825358 -0.4986075 0.8628138 0.08638882 -0.4980856 0.8628408 0.08570849 -0.4981564 0.8628344 0.08565574 -0.4981766 0.8094775 0.3576846 -0.4656266 0.8094606 0.3577884 -0.465576 0.8093727 0.3577837 -0.4657327 0.7008063 0.5909294 -0.3995909 0.7007904 0.5909731 -0.3995544 0.7006249 0.59098 -0.3998342 -0.6634258 -0.645565 0.3783015 -0.6416503 -0.6754636 0.3633646 0.4727987 0.8412095 -0.2623512 0.4281737 0.8725039 -0.2353812 -0.6614782 -0.6455689 0.3816903 -0.6614717 -0.6455703 0.3816993 -0.6481125 -0.6717232 0.358801 -0.6428703 -0.6739996 0.3639263 -0.4345834 -0.8565084 0.2784433 -0.6287343 -0.6639898 0.4047355 -0.2633216 -0.946291 0.1876036 0.4700261 -0.845895 -0.2520661 -0.2879333 -0.9396313 0.1848987 -0.2897678 -0.93968 0.1817586 0.4126507 -0.886232 -0.2105047 0.374201 -0.9059241 -0.1981801 0.3606393 -0.9097034 -0.2058613 0.3601297 -0.9097051 -0.2067449 0.3601369 -0.909699 -0.2067584 0.8153108 -0.3371697 -0.470728 0.8478559 0.3565575 -0.3924375 0.847827 0.3563129 -0.3927218 0.8313075 0.3571911 -0.4258432 0.8313368 0.3573312 -0.4256685 0.8230575 0.3575279 -0.4413051 0.8230516 0.3576236 -0.4412386 0.8175147 0.3577268 -0.4513331 0.8175187 0.3576539 -0.4513834 0.8145622 0.3577126 -0.4566511 0.8109076 0.3569117 -0.4637275 0.8161672 -0.3344136 -0.4712098 0.8160818 -0.3346658 -0.4711787 0.8159418 -0.3351222 -0.4710968 0.8161367 -0.3345162 -0.4711899 0.8159505 -0.3350841 -0.471109 0.8170358 -0.3320755 -0.4713583 0.8156723 -0.3354867 -0.4713038 0.8160498 -0.3347408 -0.4711809 0.8160541 -0.3347404 -0.4711737 0.9427945 0.08425265 -0.3225525 0.8104186 0.3577138 -0.4639641 0.4731 0.8412119 -0.2617997 0.4730719 0.8412289 -0.2617956 0.7045745 0.5904827 -0.3935798 0.7044674 0.5908681 -0.3931929 -0.6401188 -0.6754741 0.3660364 -0.6417723 -0.674009 0.3658419 -0.6573582 -0.6455488 0.3887764 -0.6380985 -0.6761829 0.3682488 -0.6381015 -0.6761808 0.3682473 -0.6484484 -0.6685963 0.3639969 -0.299732 -0.934172 0.1936066 -0.6564263 -0.664306 0.3574942 -0.2614264 -0.9461757 0.1908087 -0.2964203 -0.9340427 0.1992471 -0.3132529 -0.9303246 0.1907058 -0.3147214 -0.930344 0.1881774 0.3703446 -0.9060072 -0.2049292 -0.3257721 -0.9264664 0.1885016 -0.3257671 -0.9264704 0.1884901 0.3609643 -0.9096972 -0.2053193 0.7984151 0.5739646 -0.1819291 0.7985998 0.5734894 -0.1826156 0.9451031 0.323145 -0.04855543 0.9457833 0.3215663 -0.04570788 0.7607073 0.5854425 -0.2803244 0.7607924 0.5852902 -0.2804109 0.739172 0.5887247 -0.3271515 0.7391132 0.5888087 -0.3271332 0.7239716 0.5901623 -0.3571748 0.7240021 0.5900949 -0.3572241 0.8150551 0.3568286 -0.4564633 0.368584 -0.9056737 -0.2095258 0.368753 -0.905596 -0.2095638 0.3685808 -0.9056128 -0.2097946 0.3735355 -0.9042314 -0.2069706 0.3785406 -0.90538 -0.1923382 0.3841261 -0.9051634 -0.1820063 0.3843057 -0.9050757 -0.1820635 0.3949152 -0.9041942 -0.1627106 0.3948349 -0.9042328 -0.162692 0.4108815 -0.9019792 -0.1327024 0.4109858 -0.9019252 -0.1327473 0.4422999 -0.8941307 -0.07000881 0.4427217 -0.8939069 -0.07019931 0.9161832 -0.3227189 -0.2376152 0.9989848 0.03822642 -0.02383714 0.48148 0.8411718 -0.2461851 0.4818606 0.8409444 -0.2462174 0.7156309 0.5905182 -0.3730426 0.7156772 0.5901959 -0.3734636 -0.6390301 -0.6761789 0.3666369 -0.3176074 -0.9276949 0.1962345 -0.6579236 -0.6443621 0.3897874 -0.6582484 -0.6442728 0.3893863 -0.6582959 -0.6442803 0.3892936 -0.6341676 -0.6761709 0.3749994 -0.649768 -0.668579 0.3616681 -0.3245979 -0.9264628 0.1905333 -0.3230098 -0.9264549 0.1932514 0.6525652 0.7343547 0.1867668 0.6529062 0.734161 0.1863365 0.8589149 0.4823616 0.172025 0.858869 0.4821359 0.1728848 0.8789826 0.1574793 0.4501 0.8799097 0.160273 0.4472935 0.5959792 0.8029997 4.43897e-4 0.5959808 0.8029987 3.78051e-4 0.5551424 0.8257488 -0.09977972 0.5551661 0.8257305 -0.09979897 0.5238217 0.835395 -0.1665117 0.5237525 0.835442 -0.1664937 -0.3197814 -0.9278557 0.191895 -0.3197436 -0.9278677 0.1919001 -0.3199868 -0.9278718 0.1914746 0.3704777 -0.9056527 -0.2062518 0.3814603 -0.9039918 -0.1930981 -0.2841879 -0.9252151 0.2514246 -0.2841288 -0.9252367 0.251412 -0.2584444 -0.9207767 0.2921929 -0.2585612 -0.9207374 0.2922136 -0.2186499 -0.9097909 0.3528072 -0.2184275 -0.9098973 0.3526703 -0.1353378 -0.8735967 0.4674533 -0.1355758 -0.8735213 0.4675253 0.609429 -0.6665537 0.4293048 0.6076464 -0.6690485 0.4279486 0.971209 -0.2197735 0.09193867 0.9867307 -0.03419363 0.1587246 0.504843 0.8388689 -0.2035503 0.504575 0.8390415 -0.2035033 0.4360785 0.8736197 -0.2159265 -0.3204253 -0.9277393 0.1913831 -0.6345196 -0.6753607 0.3758627 -0.6345085 -0.6753531 0.3758951 -0.6348152 -0.6753484 0.3753855 -0.6499292 -0.6442047 0.4032276 0.6839883 0.6109783 0.3985795 0.6842144 0.6103358 0.3991754 0.6218261 0.7420069 0.2505157 0.7380687 0.2039546 0.6431618 0.7380684 0.20328 0.6433758 0.7741834 0.02917855 0.6322885 0.7741246 0.02810704 0.632409 0.5621915 0.825206 0.05455106 0.5621435 0.8252404 0.05452662 0.5176633 0.8538512 -0.05443465 0.5176415 0.8538647 -0.05442762 0.4830763 0.8661654 -0.1280422 0.483069 0.8661695 -0.1280429 -0.3133214 -0.9282562 0.2004251 -0.3146759 -0.9277436 0.2006768 -0.2976979 -0.9267514 0.2291459 -0.2963892 -0.9272342 0.2288892 -0.5863698 -0.6719776 0.4523457 -0.5861276 -0.672189 0.4523453 -0.5499819 -0.6666316 0.5031127 -0.5501574 -0.666495 0.5031017 -0.4916154 -0.6533921 0.5756676 -0.4915413 -0.6535238 0.5755813 -0.366904 -0.6120821 0.7005263 -0.3669417 -0.6117469 0.7007992 0.1308152 -0.6493773 0.7491306 0.1303187 -0.6500682 0.7486177 0.6678658 -0.2594217 0.6976072 0.667322 -0.2580754 0.6986262 0.9726788 -0.1165166 0.200798 0.461979 0.870549 -0.1694693 0.4602656 0.871118 -0.1711989 0.4372047 0.8733396 -0.2147789 -0.6272699 -0.6748797 0.3886772 -0.6269091 -0.6751953 0.388711 -0.6494864 -0.6439306 0.404377 0.5958763 0.2313402 0.769034 0.5955021 0.2315393 0.7692639 0.6138631 0.639274 0.4631423 0.6277454 0.05185103 0.77669 0.6275912 0.05181252 0.7768172 0.7067309 -0.09061968 0.7016549 0.707002 -0.09204107 0.7011966 -0.5081954 -0.6220334 0.5956609 -0.5081567 -0.6220607 0.5956655 -0.5696299 -0.6355102 0.5211992 -0.5696225 -0.6355142 0.5212025 -0.6074628 -0.6411177 0.468996 -0.6074753 -0.6411393 0.46895 -0.6054764 -0.6740537 0.423143 -0.6058923 -0.6736961 0.4231172 -0.1903374 -0.5292074 0.8268684 -0.1904292 -0.5298976 0.8264051 -0.3774788 -0.5799079 0.7219534 0.4338074 -0.2389653 0.8687386 0.4336242 -0.239315 0.8687338 -0.6291297 -0.642821 0.4370093 0.5039899 0.06720966 0.8610907 0.5041107 0.0669701 0.8610386 0.4416257 0.2496145 0.8617768 0.5402702 -0.07283914 0.8383333 0.5401053 -0.07231849 0.8384847 -0.6278639 -0.6431207 0.4383867 0.2538254 -0.2154741 0.9429441 0.2537744 -0.2138295 0.9433322 -0.2568093 -0.4949416 0.8301096 0.4091601 -0.05719971 0.910668 0.4093077 -0.05818963 0.9105389 0.3317967 0.08413624 0.9395915 0.09546357 -0.1879671 0.977525 0.2353698 -0.03748476 0.9711829 -0.6944824 0.5840718 -0.4201839 -0.7022305 0.5783084 -0.4152491 -0.6967588 0.5841095 -0.4163452 -0.4639238 0.8483215 -0.2551969 -0.7010259 0.5782943 -0.4172989 -0.8035801 0.3468496 -0.4836883 -0.697321 0.5883512 -0.4093732 -0.4699648 0.8426898 -0.262692 -0.4710149 0.8449549 -0.2533696 -0.4655085 0.848287 -0.2524105 -0.8070816 0.3259168 -0.4923388 -0.6995566 0.5704204 -0.4303966 -0.812808 0.337735 -0.474635 -0.8059497 0.3468729 -0.4797128 -0.6983293 0.588357 -0.4076424 -0.4686817 0.8427028 -0.2649334 -0.4688908 0.845005 -0.2571144 -0.6555522 0.6411685 -0.3989413 -0.4635789 0.8525581 -0.2413279 -0.8142857 0.3259891 -0.4802811 -0.8121577 0.3377343 -0.4757474 -0.7008283 0.5704491 -0.4282844 -0.8600053 0.07874023 -0.5041735 -0.8084392 0.3536095 -0.4705172 -0.8045843 0.3580057 -0.473789 -0.6946507 0.5910749 -0.4099891 -0.4719708 0.8411621 -0.2639883 -0.4265413 0.875464 -0.2272118 -0.6403178 0.6605723 -0.3919662 -0.3821842 0.8864268 -0.2611187 -0.4297093 0.8519409 -0.2992435 -0.8360504 0.257802 -0.4843117 -0.7702381 0.4490372 -0.4528787 -0.8597982 0.06617528 -0.5063279 -0.6499416 0.6476518 -0.397647 -0.8637088 0.07312577 -0.498658 -0.8609203 0.07874286 -0.5026091 -0.8089904 0.3536123 -0.469567 -0.8066143 0.3580147 -0.4703179 -0.6966178 0.5910888 -0.4066174 -0.423745 0.8755317 -0.2321304 -0.4695022 0.8411823 -0.268291 -0.4455522 0.876802 -0.1808357 -0.4041421 0.8694084 -0.2842501 0.3623714 0.5329769 0.7646062 -0.4567627 0.8751506 -0.1596223 -0.8367524 0.257802 -0.483098 -0.8367516 0.2578044 -0.483098 -0.8627506 0.06617665 -0.5012806 -0.7738001 0.4490491 -0.4467533 -0.7738005 0.4490488 -0.4467529 -0.6597666 0.6477735 -0.3809168 -0.659767 0.647773 -0.3809169 -0.8222483 -0.3139246 -0.4747202 -0.8630425 0.08292901 -0.4982776 -0.8612508 0.08574467 -0.5008943 -0.8073603 0.3602202 -0.4673445 -0.696749 0.5924234 -0.4044443 -0.441828 0.8728052 -0.2073624 -0.4711315 0.8404272 -0.2678005 0.6392633 -0.6388147 0.4280866 -0.4266071 0.8702535 -0.2463034 -0.4266077 0.8702533 -0.246303 0.6477496 -0.2102948 0.7322545 -0.06125992 0.965983 0.2512453 0.6292195 -0.6380946 0.4437546 -0.4999095 1.05617e-4 0.8660776 -0.5000048 -1.22432e-4 0.8660227 -0.4999977 -3.2993e-6 0.8660268 -0.4999933 6.24613e-6 0.8660294 -0.4999917 3.43079e-5 0.8660302 -0.5000039 4.76793e-6 0.8660231 -0.5000054 -1.43163e-5 0.8660224 -0.4999997 -1.98226e-6 0.8660256 -0.5000017 -3.00379e-5 0.8660244 -0.499975 3.34644e-5 0.8660399 -0.499975 3.39867e-5 0.8660399 -0.499989 -5.49884e-7 0.8660318 -0.4999857 5.76613e-5 0.8660337 -0.5000131 -1.01271e-5 0.866018 -0.8653694 0.0389378 -0.4996195 -0.8653697 0.03893202 -0.4996196 -0.8197822 -0.3027173 -0.4861271 -0.8151779 -0.3231004 -0.4807193 -0.8174935 -0.3300637 -0.4719772 -0.8628316 0.08574789 -0.4981656 -0.8619487 0.08714711 -0.4994497 -0.8076133 0.3602328 -0.4668974 -0.8076242 0.3602231 -0.4668862 -0.6975607 0.5924241 -0.4030418 -0.6975595 0.592427 -0.4030397 0.6455757 -0.6442785 0.4100454 -0.4317345 0.8733664 -0.22547 -0.4693838 0.8404335 -0.2708332 -0.4693832 0.8404338 -0.2708329 -0.4256932 0.8725381 -0.2397136 0.6570327 -0.6426118 0.394155 0.06486481 0.9971913 0.03744655 0.0648657 0.9971911 0.03744721 0.6977971 -0.4447849 0.5614674 0.6844022 -0.6314914 0.3644341 0.3408465 0.6225636 0.7044419 0.4266289 -0.8702397 0.2463143 0.4266296 -0.8702394 0.2463144 -0.06486254 -0.9971914 -0.03744512 -0.06484818 -0.9971926 -0.03743928 -0.624233 -0.6931437 -0.3603955 -0.6242238 -0.6931537 -0.3603922 -0.835986 -0.2610985 -0.4826542 -0.8360025 -0.2610344 -0.4826601 0.6242302 0.6931452 0.3603976 0.6242353 0.6931383 0.3604022 0.835987 0.2610903 0.482657 0.8359853 0.2611003 0.4826545 0.8653696 -0.03893613 0.4996191 0.8653696 -0.03893327 0.4996197 0.8367506 -0.2578098 0.4830968 0.7738004 -0.4490433 0.4467586 0.7737936 -0.4490642 0.4467492 0.6597619 -0.6477807 0.3809126 0.6597747 -0.6477599 0.3809259 -0.4222866 -0.8692777 -0.2569637 -0.8236089 -0.3027349 -0.479604 -0.4235696 -0.8693008 -0.2547647 -0.8163838 -0.3231056 -0.478665 -0.8139336 -0.3347894 -0.4747929 -0.8160457 -0.3347916 -0.471152 -0.8623411 0.0871728 -0.4987673 -0.8623583 0.08714878 -0.4987419 -0.8071909 0.3602296 -0.4676299 -0.695649 0.592418 -0.4063416 0.6539685 -0.6445319 0.3961111 0.6592782 -0.6426419 0.3903381 -0.4647082 0.840398 -0.2788864 -0.4231806 0.8725505 -0.2440779 -0.4231834 0.87255 -0.2440751 0.6365911 -0.6717507 0.3788177 0.6735325 -0.2485182 0.6961269 0.4272829 -0.8768692 0.2202953 0.5390441 0.2356132 0.8086519 0.4388356 -0.869975 0.2248708 -0.05829918 -0.9971072 -0.04876935 -0.6229797 -0.6931509 -0.362544 0.6264612 -0.03629827 0.7786071 0.6767023 -0.647391 0.350655 -0.4395515 -0.8452101 -0.3039972 -0.3841655 -0.8860044 -0.2596406 -0.3770571 -0.8984524 -0.2249696 -0.3781347 -0.898463 -0.2231113 -0.8142465 -0.3371903 -0.4725519 -0.8148047 -0.33719 -0.4715891 -0.8147998 -0.337196 -0.4715933 -0.8627324 0.08716505 -0.4980916 -0.86289 0.08561426 -0.4980875 -0.8628507 0.08579713 -0.498124 -0.8627814 0.08591318 -0.4982241 -0.8629462 0.0851739 -0.4980655 -0.862415 0.08829641 -0.4984418 -0.8632024 0.0829575 -0.4979956 -0.8628358 0.08574098 -0.4981596 -0.8628492 0.08561587 -0.4981579 -0.8628504 0.08566653 -0.4981471 -0.8079827 0.3577401 -0.468173 -0.8079489 0.3577845 -0.4681973 -0.8080133 0.3578125 -0.4680651 -0.6964035 0.5909764 -0.4071475 -0.6964175 0.5909726 -0.4071291 -0.6966105 0.5909307 -0.4068597 0.6593232 -0.6455663 0.385405 0.6355254 -0.6754481 0.374002 -0.4635574 0.8412426 -0.2782544 -0.4179318 0.8725042 -0.2531194 0.6612935 -0.6455727 0.3820037 0.6612924 -0.6455697 0.3820107 0.6347795 -0.6717211 0.3818978 0.63661 -0.6740248 0.3747246 0.4585424 -0.856432 0.2371986 0.6648744 -0.6639931 0.3421334 0.2941313 -0.9462904 0.1342437 -0.4533129 -0.8458933 -0.2810196 0.3041038 -0.9396284 0.1569063 0.3022954 -0.9396772 0.1600754 -0.3886442 -0.8862245 -0.2521147 -0.3587423 -0.905919 -0.2249774 -0.3586027 -0.9096996 -0.2094059 -0.3591301 -0.9097011 -0.2084931 -0.3591255 -0.9097027 -0.2084946 -0.8153153 -0.3371801 -0.4707127 -0.7635681 0.3570067 -0.5380616 -0.7638946 0.3564597 -0.5379605 -0.7842385 0.3574488 -0.5071493 -0.784253 0.3573819 -0.507174 -0.7936798 0.3576115 -0.4921244 -0.7936431 0.3576298 -0.4921702 -0.7996627 0.3577421 -0.482245 -0.7997273 0.3576162 -0.4822313 -0.8027383 0.3576999 -0.4771395 -0.8070339 0.3569216 -0.470429 -0.8162097 -0.3342703 -0.471238 -0.8159735 -0.3350552 -0.4710896 -0.8162386 -0.334136 -0.4712832 -0.8160287 -0.3348917 -0.4711102 -0.816027 -0.3349041 -0.4711043 -0.8166782 -0.3322597 -0.4718478 -0.8160117 -0.335501 -0.4707061 -0.8160893 -0.3345965 -0.471215 -0.8161188 -0.3346033 -0.471159 -0.7531372 0.08380979 -0.6525031 -0.8069788 0.3577867 -0.4698659 -0.463329 0.8411487 -0.278918 -0.4632554 0.8412267 -0.2788051 -0.6932321 0.5903975 -0.4133524 -0.6926949 0.590937 -0.4134818 0.6370611 -0.6754589 0.3713605 0.6376687 -0.6740345 0.3729022 0.6653673 -0.6455512 0.3749001 0.6379666 -0.6761791 0.3684841 0.6379636 -0.676183 0.368482 0.6394314 -0.6686049 0.3795984 0.3175415 -0.9341746 0.1627429 0.6378269 -0.6643124 0.3896999 0.2959661 -0.9461746 0.1309878 0.320746 -0.9340463 0.1570979 0.3218072 -0.9303116 0.1759558 0.3203539 -0.9303308 0.1784887 -0.3626524 -0.9060004 -0.2182812 0.3261397 -0.926463 0.1878812 0.3261265 -0.9264671 0.1878839 -0.3582866 -0.9097017 -0.2099374 -0.5572928 0.5736187 -0.600322 -0.5572991 0.5736051 -0.6003291 -0.5168825 0.323718 -0.7924893 -0.5137388 0.3230227 -0.7948137 -0.6230124 0.5855207 -0.5186724 -0.6231783 0.5853236 -0.5186957 -0.652778 0.5888472 -0.476592 -0.652951 0.5886832 -0.4765576 -0.6714373 0.59008 -0.4483052 -0.6713562 0.5901809 -0.448294 -0.8027976 0.3569111 -0.4776304 -0.365823 -0.9056171 -0.2145489 -0.3657836 -0.9056422 -0.2145103 -0.3659272 -0.9056404 -0.2142724 -0.3661748 -0.9041456 -0.2200837 -0.3558866 -0.905361 -0.23166 -0.3497771 -0.9051236 -0.2416764 -0.3498961 -0.9050442 -0.2418007 -0.3382803 -0.9042359 -0.2606224 -0.3382864 -0.9042292 -0.2606374 -0.3205913 -0.901843 -0.2896558 -0.3203993 -0.9019578 -0.2895108 -0.2820193 -0.8940247 -0.3481166 -0.2823162 -0.8938733 -0.3482645 -0.6654454 -0.3239827 -0.6724713 -0.5169897 0.03746682 -0.8551714 -0.4539054 0.8412156 -0.2938135 -0.4542598 0.8408687 -0.2942585 -0.6807364 0.5906507 -0.433278 -0.6813254 0.5900866 -0.4331208 0.6370355 -0.6761811 0.3700877 0.3287363 -0.9276936 0.1769663 0.6665403 -0.6443662 0.3748549 0.6663168 -0.6442898 0.3753834 0.6662902 -0.6442743 0.3754571 0.641856 -0.6761538 0.3617137 0.6381112 -0.6685853 0.3818481 0.32731 -0.9264608 0.1858461 0.3288768 -0.9264492 0.1831173 -0.1649723 0.7343197 -0.6584518 -0.1650381 0.7342285 -0.658537 -0.2803494 0.481526 -0.8303836 -0.2814337 0.4829428 -0.8291932 -0.05130976 0.1580417 -0.9860985 -0.05147433 0.1591326 -0.9859144 -0.2979074 0.8028244 -0.5164536 -0.2977052 0.8029641 -0.5163528 -0.3639468 0.8257366 -0.4309314 -0.3637766 0.8258656 -0.4308279 -0.4059681 0.8355216 -0.3702616 -0.4060915 0.8354122 -0.3703732 0.3261107 -0.92784 0.1810107 0.3260488 -0.9278795 0.1809197 0.3257646 -0.9278947 0.1813532 -0.3639732 -0.9055958 -0.2177608 -0.3580654 -0.9039338 -0.2338654 0.3598462 -0.9252134 0.1203783 0.3597899 -0.9252416 0.1203305 0.382299 -0.920755 0.07783359 0.3823049 -0.9207513 0.07784593 0.4146521 -0.9098894 0.01284813 0.4146801 -0.9098769 0.01282793 0.4726021 -0.8735686 -0.1162976 0.4724789 -0.8736281 -0.1163514 0.06730061 -0.668421 -0.7407321 0.06709408 -0.6669846 -0.7420445 -0.4093291 -0.2204512 -0.8853536 -0.3588082 -0.03272086 -0.9328377 -0.4287722 0.8387871 -0.3355453 -0.4284451 0.8391 -0.3351808 -0.4050191 0.873624 -0.2697051 0.3259627 -0.927737 0.1818031 0.642799 -0.6753641 0.3615146 0.6427699 -0.6753963 0.3615061 0.6424539 -0.6754071 0.3620473 0.6741456 -0.644192 0.3613093 0.004272878 0.6107037 -0.7918477 0.004335343 0.610008 -0.7923834 -0.09388279 0.7419763 -0.6638202 0.1881838 0.2038911 -0.9607369 0.1882761 0.2040362 -0.9606881 0.1611459 0.02808505 -0.986531 0.1610447 0.02894628 -0.9865226 -0.2338476 0.8252496 -0.5140802 -0.2338498 0.8252285 -0.5141131 -0.3059995 0.8538638 -0.4210474 -0.3059911 0.8538724 -0.4210363 -0.3524144 0.8661534 -0.3543761 -0.3524042 0.8661602 -0.3543696 0.3302003 -0.9282711 0.1711158 0.3311535 -0.9277317 0.1721958 0.3472632 -0.9267644 0.1432343 0.3464478 -0.9272175 0.1422736 0.6847593 -0.6722072 0.2814999 0.6848177 -0.672113 0.2815829 0.7106608 -0.6666495 0.2248103 0.7106184 -0.6667047 0.2247809 0.7443511 -0.6533965 0.1378936 0.7442641 -0.6535192 0.1377809 0.7904617 -0.6116495 -0.03248751 0.7903188 -0.6118352 -0.03246712 0.5832859 -0.6489256 -0.4885419 0.5836294 -0.6482223 -0.4890651 0.2721579 -0.2603621 -0.9263594 0.2721277 -0.2600866 -0.9264457 -0.3133296 -0.1164833 -0.9424735 -0.3777699 0.8705435 -0.3153473 -0.3784028 0.8711138 -0.3130049 -0.4046126 0.8733393 -0.2712326 0.6501857 -0.6749374 0.3488814 0.6500669 -0.6751879 0.3486179 0.6749712 -0.6439265 0.3602398 0.3684256 0.2314441 -0.9003868 0.3684328 0.2315575 -0.9003546 0.09449881 0.6390681 -0.7633231 0.3588866 0.05217289 -0.931922 0.3585279 0.05070662 -0.9321408 0.2552772 -0.08979594 -0.9626892 0.2546113 -0.0905134 -0.9627982 0.7699639 -0.6220524 0.142149 0.7699306 -0.6220651 0.1422742 0.7362737 -0.6354475 0.2326107 0.7362438 -0.6354945 0.2325766 0.7098169 -0.641143 0.2917115 0.7098466 -0.6411258 0.2916773 0.6691964 -0.6740326 0.3128199 0.6693302 -0.6737771 0.313084 0.8110371 -0.5299084 -0.2478229 0.811033 -0.5293356 -0.2490573 0.8139629 -0.5799199 -0.03402209 0.534787 -0.2402513 -0.8101125 0.53464 -0.2400063 -0.8102822 0.6930204 -0.6428396 0.3263127 0.4941379 0.06639403 -0.8668447 0.4944036 0.06751596 -0.8666065 0.5256393 0.2498186 -0.8131999 0.4543095 -0.07252675 -0.8878867 0.4545911 -0.07161235 -0.8878168 0.6935888 -0.643138 0.3245122 0.6907132 -0.2141348 -0.6906965 0.6904721 -0.2147093 -0.6907592 0.8471016 -0.4955878 -0.1918641 0.5848835 -0.05698525 -0.8091132 0.5848516 -0.05752635 -0.809098 0.6482009 0.08354783 -0.7568721 0.79843 -0.1870163 -0.5723063 0.7233829 -0.0373162 -0.6894381 -0.01661354 0.5840781 0.8115274 -0.008474111 0.5783224 0.8157644 -0.01222193 0.5841164 0.811578 0.01097607 0.8483082 0.5293893 -0.01093363 0.5783094 0.8157444 -0.01706749 0.3468237 0.9377751 -0.005848467 0.5883966 0.8085514 0.007461965 0.8426729 0.5383741 0.01607453 0.8449616 0.5345853 0.01412791 0.8482757 0.5293664 -0.02290362 0.3259012 0.9451265 -0.02300274 0.5704348 0.8210207 -0.004646718 0.3377365 0.9412293 -0.01244843 0.3468486 0.9378386 -0.00390017 0.5883983 0.8085619 0.004937052 0.8426865 0.5383819 0.01179581 0.8450139 0.5346143 -0.01772278 0.6412195 0.7671529 0.02279609 0.8525634 0.5221266 -0.008789896 0.3259746 0.9453377 -0.00597459 0.3377338 0.9412227 -0.02049148 0.5704688 0.8210636 -0.006631135 0.0787698 0.9968708 -0.00324285 0.3535827 0.9353976 -0.008066833 0.3580097 0.933683 -0.007685661 0.5910569 0.8065933 0.007358074 0.8411719 0.5407177 0.01651597 0.8754615 0.4830057 -0.01929599 0.6605767 0.7505106 -0.03504341 0.8864238 0.4615461 -0.04429721 0.8519482 0.5217493 -0.001399695 0.2578014 0.966197 -0.007082402 0.4490236 0.8934919 -0.008641779 0.06616467 0.9977714 -0.01940155 0.6476602 0.7616823 0 0.07315248 0.9973208 -0.004793286 0.07877093 0.9968813 -0.002167224 0.3535858 0.9353997 -0.003985881 0.3580194 0.9337056 -0.003863513 0.5910703 0.8066108 0.01083403 0.8755298 0.4830429 0.002382993 0.8411938 0.5407286 0.06615006 0.8767992 0.4762849 -0.04409664 0.8694059 0.4921271 0.4809434 0.5333105 -0.6958976 0.09016388 0.8751441 0.4753876 0 0.2578016 0.966198 0 0.2578017 0.9661979 -0.00274533 0.06616693 0.9978048 0 0.4490347 0.8935145 0 0.4490349 0.8935142 0 0.6477821 0.7618257 0 0.6477822 0.7618256 0 -0.3139808 0.9494293 0 0.08293908 0.9965547 -0.003166198 0.08576136 0.9963107 -0.001084387 0.3601926 0.9328774 -0.001873373 0.5924342 0.8056167 0.04133468 0.8728019 0.4863213 0.003636777 0.8404287 0.5419099 0.05113446 -0.6388095 -0.767664 0 0.8702524 0.4926063 0 0.8702522 0.4926066 0.3101135 -0.2105516 -0.927091 0.2482048 0.965988 -0.07253676 0.06967121 -0.6380908 -0.7668025 1 0 0 1 9.53598e-7 0 1 -8.81009e-7 0 1 -7.34827e-7 0 1 -1.01603e-6 0 1 2.89336e-6 0 0 0.03894978 0.9992412 0 0.03894978 0.9992412 -0.01115149 -0.302734 0.9530099 -0.00869292 -0.3231158 0.9463195 0 -0.3301093 0.9439427 0 0.08576208 0.9963157 -0.001594007 0.08719933 0.9961897 -5.39633e-4 0.3602465 0.932857 -4.70475e-4 0.360194 0.9328774 -2.48555e-4 0.5924302 0.8056218 -2.608e-4 0.5924378 0.8056161 0.03231507 -0.6442713 -0.7641141 0.02059155 0.8733643 0.4866321 1.52795e-4 0.8404342 0.5419138 1.36727e-4 0.840444 0.5418986 0.005242764 0.8725351 0.4885233 0.01284623 -0.6426057 -0.7660895 0 0.9971925 -0.07488071 0.1373546 -0.4447766 -0.8850467 -0.0265932 -0.631488 -0.7749296 0.4396485 0.622536 -0.6474242 0 -0.8702479 -0.4926143 0 -0.8702482 -0.4926136 0 -0.997192 0.07488888 0 -0.997192 0.07488888 0 -0.693116 0.7208262 0 -0.6931154 0.7208267 0 -0.2611371 0.9653018 0 -0.2611372 0.9653018 0 0.6931164 -0.7208257 0 0.6931164 -0.7208257 0 0.2611163 -0.9653074 0 0.2611162 -0.9653074 0 -0.03896808 -0.9992405 0 -0.03896808 -0.9992405 0 -0.2577873 -0.9662018 0 -0.2577873 -0.9662018 0 -0.449032 -0.8935158 0 -0.449032 -0.8935157 0 -0.6477742 -0.7618325 0 -0.6477741 -0.7618325 -0.01142263 -0.8692732 0.4942 -0.003543198 -0.302751 0.9530632 -0.008829176 -0.8692957 0.4942138 -0.006374537 -0.3231215 0.946336 -0.004254579 -0.334875 0.9422531 0 -0.3348788 0.9422613 -7.1886e-4 0.08713245 0.9961965 -7.92804e-4 0.08719998 0.9961906 -0.001384496 0.3602455 0.9328565 -0.004077374 0.5924231 0.8056167 0.01608383 -0.6445267 -0.7644127 0.008415937 -0.6426392 -0.7661228 -0.009167492 0.8404089 0.5418756 2.06868e-4 0.8725481 0.4885284 2.16903e-4 0.8725472 0.4885298 0.009784221 -0.6717364 -0.7407257 0.2661153 -0.2484915 -0.9313617 -0.02286368 -0.8768237 -0.4802682 0.4308 0.235643 -0.8711394 -0.02467453 -0.8699831 -0.4924637 -0.01308763 -0.9971066 0.0748822 -0.002482354 -0.6931135 0.7208243 0.3610514 -0.03633916 -0.9318376 -0.03467726 -0.6473845 -0.7613744 -0.04352366 -0.8452032 0.53267 -0.03275448 -0.8860003 0.4625263 -0.006320357 -0.8984549 0.4390207 -0.004166007 -0.8984668 0.4390217 -0.002052605 -0.3372136 0.941426 -0.001055359 -0.3372137 0.9414277 -0.001055002 -0.3372136 0.9414276 5.28714e-6 0.08713239 0.9961968 1.78087e-4 0.0855565 0.9963334 -1.35533e-4 0.08602935 0.9962926 2.67273e-5 0.08555579 0.9963334 1.29405e-5 0.08562022 0.9963279 -3.2849e-4 0.08747935 0.9961663 2.82586e-4 0.08320873 0.9965321 4.19733e-7 0.08569931 0.9963212 0 0.08570319 0.9963207 1.58138e-5 0.08570337 0.9963207 -0.00150752 0.3577692 0.9338088 -0.001485466 0.3576821 0.9338423 -0.001348912 0.3577051 0.9338337 -0.004396259 0.5909016 0.8067317 -0.004398882 0.590879 0.8067483 -0.004044115 0.5908908 0.8067414 0.004113495 -0.64556 -0.7636986 0.006145298 -0.6754554 -0.7373752 -0.00919789 0.8412879 0.5405092 -0.01024061 0.8725014 0.4885044 1.43711e-4 -0.6455711 -0.7637003 1.8598e-4 -0.6455668 -0.7637038 0.01332724 -0.6717076 -0.7406965 0.006241381 -0.6740015 -0.7387037 -0.02384811 -0.8564946 -0.515605 -0.03614252 -0.6639766 -0.7468795 -0.03080892 -0.9462959 -0.3218305 -0.01671594 -0.845888 0.5330986 -0.0161522 -0.9396242 -0.3418267 -0.0125305 -0.939673 -0.3418449 -0.02404576 -0.8862217 0.462637 -0.0154649 -0.9059125 0.4231825 -0.002025485 -0.909702 0.4152567 -0.001020133 -0.909703 0.4152584 -0.001010179 -0.9096969 0.4152718 7.03518e-6 -0.3372145 0.9414278 -0.08428472 0.3567024 0.9304082 -0.0837965 0.3562568 0.9306231 -0.04681348 0.3570959 0.9328939 -0.04717952 0.3575342 0.9327076 -0.02946299 0.3577641 0.9333472 -0.02933311 0.3576057 0.9334119 -0.01783263 0.3577018 0.9336656 -0.01786053 0.3577493 0.9336469 -0.01174545 0.3577696 0.933736 -0.003911554 0.3569723 0.9341068 0 -0.3342428 0.9424871 1.78243e-5 -0.3352223 0.9421392 2.71886e-6 -0.3347894 0.942293 -2.42049e-5 -0.3343169 0.9424607 3.19787e-5 -0.3350009 0.9422178 -3.60504e-4 -0.3317425 0.9433699 4.09806e-4 -0.3356704 0.9419795 -2.05969e-5 -0.3346549 0.9423408 2.19503e-5 -0.3346499 0.9423425 -0.1938518 0.08406037 0.9774229 -0.003481745 0.3577221 0.9338217 -0.009868741 0.8412231 0.5405983 -0.009817957 0.8412755 0.5405176 -0.01142489 0.5903397 0.8070742 -0.01178079 0.5908285 0.8067113 0.003080308 -0.6754665 -0.7373843 0.00407654 -0.674014 -0.7387073 -0.008011162 -0.6455495 -0.7636764 9.92211e-5 -0.6761809 -0.7367357 9.92212e-5 -0.6761811 -0.7367355 0.009048283 -0.6686136 -0.7435551 -0.01782059 -0.9341796 -0.3563579 0.01860892 -0.6642941 -0.7472396 -0.0345571 -0.9461794 -0.3217926 -0.02431386 -0.9340518 -0.3563091 -0.008508443 -0.9303175 -0.3666567 -0.005614697 -0.9303358 -0.3666659 -0.007699608 -0.9059945 0.4232193 -3.5659e-4 -0.9264699 -0.3763688 -3.72758e-4 -0.926463 -0.3763859 -0.00266993 -0.9096942 0.4152704 -0.2412521 0.5735498 0.7828397 -0.2414042 0.5736139 0.7827459 -0.4288024 0.3236063 0.8434497 -0.4321232 0.3219037 0.8424058 -0.1377145 0.5854309 0.7989403 -0.1374226 0.5852436 0.7991276 -0.08608859 0.5886415 0.8037972 -0.08633673 0.5888894 0.803589 -0.05270528 0.5902519 0.8054966 -0.05257755 0.5901376 0.8055888 -0.01217037 0.3569273 0.9340528 -0.002875387 -0.905651 0.424014 -0.002886474 -0.9056318 0.424055 -0.002603113 -0.905633 0.4240544 -0.007490336 -0.9042314 0.426977 -0.02272039 -0.9053528 0.4240521 -0.03442066 -0.905096 0.4238119 -0.03444898 -0.9050433 0.4239222 -0.05655616 -0.9041019 0.4235581 -0.05651867 -0.904183 0.4233895 -0.09050548 -0.901914 0.4223271 -0.09053009 -0.9018389 0.4224818 -0.1605189 -0.8940715 0.4181745 -0.1605288 -0.8939086 0.4185189 -0.2491511 -0.3251999 0.9122328 -0.4803408 0.03783106 0.8762657 -0.02754318 0.8412561 0.5399348 -0.02774327 0.8409339 0.5404263 -0.03479355 0.5905948 0.806218 -0.03436189 0.5899836 0.8066837 0.002005279 -0.6761791 -0.7367346 -0.01112776 -0.9276975 -0.3731672 -0.008569896 -0.6443678 -0.7646678 -0.008084356 -0.6442759 -0.7647505 -0.007990181 -0.6442794 -0.7647485 -0.00767523 -0.6761614 -0.7367135 0.01161229 -0.6686019 -0.7435299 -0.00270617 -0.9264666 -0.3763674 -0.00585556 -0.926447 -0.37638 -0.4880738 0.7343277 0.4717488 -0.4878836 0.7341527 0.4722175 -0.5770668 0.4833503 0.6583058 -0.5779395 0.4819354 0.6585775 -0.8294335 0.1573282 0.5359926 -0.8281947 0.1595983 0.5372354 -0.2984365 0.8030193 0.5158445 -0.2984089 0.8029841 0.5159153 -0.1911062 0.8257879 0.5306157 -0.1911171 0.825729 0.5307033 -0.1177343 0.8354115 0.5368672 -0.1177442 0.8353834 0.5369088 -0.006308794 -0.9278505 -0.372899 -0.006315588 -0.9278518 -0.3728958 -0.005828082 -0.9278593 -0.3728851 -0.006612956 -0.9056299 0.4240173 -0.02348941 -0.903994 0.4268996 -0.07567185 -0.9251962 -0.3718678 -0.07570677 -0.9252504 -0.3717262 -0.123747 -0.9207975 -0.3698901 -0.1237013 -0.9207304 -0.3700726 -0.196264 -0.9097737 -0.3657765 -0.196299 -0.9098807 -0.3654915 -0.337082 -0.8736194 -0.3509486 -0.3370283 -0.8735515 -0.3511692 -0.6745545 -0.6689497 0.3122221 -0.6752277 -0.6680526 0.3126876 -0.5631641 -0.2197167 0.7965996 -0.6279299 -0.0329349 0.7775728 -0.07616251 0.8387937 0.5390961 -0.07599478 0.8391261 0.5386022 -0.03107762 0.8736183 0.4856185 -0.005524933 -0.9277415 -0.3731827 -0.008250713 -0.6753593 -0.7374427 -0.008251607 -0.675338 -0.7374623 -0.007686018 -0.6753523 -0.7374553 -0.02422714 -0.6441796 -0.7644906 -0.6872246 0.611149 0.3927076 -0.6871601 0.6109578 0.3931179 -0.5279106 0.7419932 0.4132271 -0.9260636 0.2030881 0.318059 -0.9259535 0.2038723 0.3178777 -0.9345167 0.02944511 0.3546993 -0.9345239 0.02898794 0.354718 -0.3283582 0.8251993 0.4595944 -0.3283216 0.8252228 0.4595783 -0.2116051 0.853891 0.475493 -0.2116538 0.8538457 0.4755525 -0.1307162 0.8661622 0.4823656 -0.130675 0.8661665 0.482369 -0.01692438 -0.9282874 -0.3714781 -0.01642793 -0.927739 -0.3728682 -0.04959481 -0.926772 -0.3723362 -0.05003768 -0.9272527 -0.3710777 -0.09864407 -0.6721808 -0.7337862 -0.09859591 -0.6720934 -0.7338728 -0.1605458 -0.6666343 -0.72789 -0.1605737 -0.6667059 -0.7278183 -0.2528671 -0.6535196 -0.7134217 -0.2528013 -0.6535086 -0.713455 -0.4233578 -0.6117326 -0.668245 -0.423178 -0.6120966 -0.6680255 -0.7136872 -0.6501042 -0.2607972 -0.7142252 -0.649439 -0.2609816 -0.9386555 -0.2594381 0.2271958 -0.9377932 -0.2608597 0.2291203 -0.658283 -0.1159241 0.7437911 -0.08416098 0.8705627 0.484807 -0.08190476 0.8710936 0.4842393 -0.03256922 0.8733325 0.4860347 -0.02292579 -0.6747962 -0.737648 -0.0231803 -0.6751665 -0.7373011 -0.02552539 -0.643938 -0.7646518 -0.9640649 0.2313581 0.1305848 -0.9638847 0.2321236 0.1305569 -0.7085603 0.6386038 0.3002127 -0.986347 0.05152404 0.1564133 -0.9863273 0.05238842 0.1562497 -0.9612541 -0.09135246 0.2600869 -0.9615029 -0.08943223 0.259835 -0.2618685 -0.622039 -0.7378974 -0.2618369 -0.6220321 -0.7379143 -0.1665869 -0.6355266 -0.7538931 -0.1666173 -0.6354904 -0.7539169 -0.1023413 -0.6411429 -0.760567 -0.1023315 -0.6411308 -0.7605785 -0.06375658 -0.6740266 -0.7359507 -0.06350773 -0.6735805 -0.7363804 -0.6209871 -0.5291271 -0.5782731 -0.6201281 -0.5301423 -0.578265 -0.4365034 -0.5798562 -0.6879184 -0.9689702 -0.2404066 -0.05745702 -0.9693626 -0.2387619 -0.05769765 -0.06386238 -0.6428278 -0.763344 -0.9977319 0.06706511 0.005789339 -0.9977167 0.06728518 0.005852878 -0.9671587 0.2494585 -0.04872977 -0.996173 -0.0721212 0.04937553 -0.996095 -0.07300299 0.0496518 -0.06573659 -0.6431486 -0.7629145 -0.9434862 -0.2142782 -0.2528216 -0.9433764 -0.2147891 -0.2527977 -0.5909892 -0.4948925 -0.6370348 -0.9931061 -0.05814474 -0.1017814 -0.9931676 -0.05694526 -0.1018596 -0.9796182 0.08487856 -0.1820549 -0.8945482 -0.1874126 -0.4057835 -0.9586142 -0.03804183 -0.2821552 0 1 0 0 1 1.55883e-6 0 1 -1.22503e-7 0 1 -6.92979e-7 0 1 -3.98802e-7 0 1 3.72817e-7 0 1 -3.34258e-7 0 1 5.45114e-7 0 1 -6.01759e-7 0 1 6.76963e-7 0 1 -6.22972e-7 0 1 3.34254e-7 0 1 0 0 1 5.31736e-7 0 1 1.73245e-7 0 1 7.79442e-7 -0.3105845 -0.256643 0.9152441 -0.6578887 -0.1970536 -0.7268785 0.04974561 4.12662e-6 -0.998762 -0.4538933 -0.1028975 -0.885095 -0.5288283 -0.2228242 0.8189567 -0.06450444 -0.1594202 0.9851012 -0.5028941 -0.225703 -0.8343595 -0.365963 -0.1689739 -0.9151606 -0.2142136 -0.158222 -0.9638872 -0.6329773 -0.2113033 -0.7447755 -0.30135 -0.183444 0.935701 -0.04962819 -0.08064007 0.9955071 -0.6310212 -0.2897182 0.7196357 -0.5283248 -0.309595 0.7905846 -0.4274334 -0.2573754 0.8666365 -0.7167761 -0.2556107 0.6487644 0.4446477 -0.2243396 0.8671565 0.2074884 -0.1674325 0.9638024 -0.8644341 -0.2372401 0.4432503 -0.9637609 -0.1677137 0.2074541 -0.9981508 -0.03496021 -0.04972845 -0.9436917 -0.1306795 -0.3039227 -0.8238533 -0.1955204 -0.5320128 -0.2104033 0.01835489 -0.9774424 0.3052532 -0.09190082 -0.9478264 0.5333613 -0.1828435 -0.8258899 0.7249304 -0.2096422 -0.6561449 0.8763844 -0.1732257 -0.4493811 0.9750162 -0.07275331 -0.209882 0.9982369 -0.03240394 0.04973012 0.9339455 -0.1930446 0.3007982 0.8124026 -0.2545644 0.5245941 0.6470718 -0.2649666 0.7149062 -0.6578928 -0.1970551 -0.7268744 0.04973721 6.60849e-6 -0.9987624 -0.453882 -0.1028926 -0.8851013 -0.5288373 -0.2228283 0.8189497 -0.3013322 -0.1834468 0.9357063 -0.04959946 -0.08063042 0.9955093</float_array>
          <technique_common>
            <accessor source="#Original-mesh-normals-array" count="1712" stride="3">
              <param name="X" type="float"/>
              <param name="Y" type="float"/>
              <param name="Z" type="float"/>
            </accessor>
          </technique_common>
        </source>
        <vertices id="Original-mesh-vertices">
          <input semantic="POSITION" source="#Original-mesh-positions"/>
        </vertices>
        <triangles count="1735">
          <input semantic="VERTEX" source="#Original-mesh-vertices" offset="0"/>
          <input semantic="NORMAL" source="#Original-mesh-normals" offset="1"/>
          <p>0 0 1 0 2 0 3 1 1 1 4 1 1 2 3 2 2 2 0 3 2 3 5 3 0 4 6 4 1 4 4 5 6 5 7 5 6 6 4 6 1 6 8 7 4 7 9 7 4 8 8 8 3 8 10 9 2 9 3 9 2 10 10 10 5 10 0 11 5 11 11 11 0 12 12 12 6 12 6 13 13 13 7 13 13 14 6 14 12 14 9 15 7 15 14 15 7 16 9 16 4 16 15 17 9 17 16 17 9 18 15 18 8 18 17 19 3 19 8 19 3 20 17 20 10 20 18 21 5 21 10 21 5 22 18 22 11 22 0 23 11 23 19 23 0 24 20 24 12 24 12 25 21 25 13 25 21 26 12 26 20 26 7 27 22 27 14 27 22 28 7 28 13 28 16 29 14 29 23 29 14 30 16 30 9 30 24 31 15 31 16 31 15 32 24 32 25 32 26 33 8 33 15 33 8 34 26 34 17 34 27 35 10 35 17 35 10 36 27 36 18 36 28 37 11 37 18 37 11 38 28 38 19 38 0 39 19 39 29 39 0 40 30 40 20 40 20 41 31 41 21 41 31 42 20 42 30 42 13 43 32 43 22 43 32 44 13 44 21 44 23 45 22 45 33 45 22 46 23 46 14 46 24 47 23 47 34 47 23 48 24 48 16 48 35 49 25 49 24 49 25 50 35 50 36 50 25 51 26 51 15 51 26 52 25 52 37 52 38 53 17 53 26 53 17 54 38 54 27 54 39 55 18 55 27 55 18 56 39 56 28 56 40 57 19 57 28 57 19 58 40 58 29 58 41 59 0 59 29 59 0 60 42 60 30 60 30 61 43 61 31 61 43 62 30 62 42 62 21 63 44 63 32 63 44 64 21 64 31 64 22 65 45 65 33 65 45 66 22 66 32 66 34 67 33 67 46 67 33 68 34 68 23 68 35 69 34 69 47 69 34 70 35 70 24 70 48 71 36 71 35 71 36 72 48 72 49 72 36 73 37 73 25 73 37 74 36 74 50 74 37 75 38 75 26 75 38 76 37 76 51 76 52 77 27 77 38 77 27 78 52 78 39 78 53 79 28 79 39 79 28 80 53 80 40 80 54 81 29 81 40 81 29 82 54 82 41 82 55 83 0 83 41 83 0 84 56 84 42 84 42 85 57 85 43 85 57 86 42 86 56 86 31 87 58 87 44 87 58 88 31 88 43 88 32 89 59 89 45 89 59 90 32 90 44 90 46 91 45 91 60 91 45 92 46 92 33 92 47 93 46 93 61 93 46 94 47 94 34 94 48 95 47 95 62 95 47 96 48 96 35 96 63 97 49 97 48 97 49 98 63 98 64 98 49 99 50 99 36 99 50 100 49 100 65 100 50 101 51 101 37 101 51 102 50 102 66 102 51 103 52 103 38 103 52 104 51 104 67 104 52 105 53 105 39 105 53 106 52 106 68 106 69 107 40 107 53 107 40 108 69 108 54 108 54 109 55 109 41 109 55 110 54 110 70 110 71 111 0 111 55 111 72 112 56 112 0 112 56 113 73 113 57 113 73 114 56 114 72 114 43 115 74 115 58 115 74 116 43 116 57 116 44 117 75 117 59 117 75 118 44 118 58 118 60 119 59 119 76 119 59 120 60 120 45 120 61 121 60 121 77 121 60 122 61 122 46 122 62 123 61 123 78 123 61 124 62 124 47 124 63 125 62 125 79 125 62 126 63 126 48 126 80 127 64 127 63 127 64 128 80 128 81 128 64 129 65 129 49 129 65 130 64 130 82 130 65 131 66 131 50 131 66 132 65 132 83 132 66 133 67 133 51 133 67 134 66 134 84 134 67 135 68 135 52 135 68 136 67 136 85 136 68 137 69 137 53 137 69 138 68 138 86 138 69 139 70 139 54 139 70 140 69 140 87 140 70 141 71 141 55 141 71 142 70 142 88 142 89 143 0 143 71 143 90 144 72 144 0 144 90 145 73 145 72 145 73 146 90 146 91 146 57 147 92 147 74 147 92 148 57 148 73 148 58 149 93 149 75 149 93 150 58 150 74 150 94 151 59 151 75 151 59 152 94 152 76 152 77 153 76 153 95 153 76 154 77 154 60 154 78 155 77 155 96 155 77 156 78 156 61 156 79 157 78 157 97 157 78 158 79 158 62 158 80 159 79 159 98 159 79 160 80 160 63 160 99 161 81 161 80 161 81 162 99 162 100 162 81 163 82 163 64 163 82 164 81 164 101 164 82 165 83 165 65 165 83 166 82 166 102 166 83 167 84 167 66 167 84 168 83 168 103 168 84 169 85 169 67 169 85 170 84 170 104 170 85 171 86 171 68 171 86 172 85 172 105 172 86 173 87 173 69 173 87 174 86 174 106 174 87 175 88 175 70 175 88 176 87 176 107 176 88 177 89 177 71 177 89 178 88 178 108 178 109 179 0 179 89 179 110 180 90 180 0 180 110 181 91 181 90 181 91 182 110 182 111 182 91 183 92 183 73 183 92 184 91 184 112 184 113 185 74 185 92 185 74 186 113 186 93 186 114 187 75 187 93 187 75 188 114 188 94 188 115 189 76 189 94 189 76 190 115 190 95 190 96 191 95 191 116 191 95 192 96 192 77 192 97 193 96 193 117 193 96 194 97 194 78 194 98 195 97 195 118 195 97 196 98 196 79 196 99 197 98 197 119 197 98 198 99 198 80 198 100 199 101 199 81 199 101 200 100 200 120 200 101 201 102 201 82 201 102 202 101 202 121 202 102 203 103 203 83 203 103 204 102 204 122 204 103 205 104 205 84 205 104 206 103 206 123 206 104 207 105 207 85 207 105 208 104 208 124 208 105 209 106 209 86 209 106 210 105 210 125 210 106 211 107 211 87 211 107 212 106 212 126 212 107 213 108 213 88 213 108 214 107 214 127 214 108 215 109 215 89 215 109 216 108 216 128 216 129 217 0 217 109 217 130 218 110 218 0 218 111 219 112 219 91 219 112 220 111 220 131 220 130 221 111 221 110 221 111 222 130 222 132 222 133 223 92 223 112 223 92 224 133 224 113 224 134 225 93 225 113 225 93 226 134 226 114 226 135 227 94 227 114 227 94 228 135 228 115 228 136 229 95 229 115 229 95 230 136 230 116 230 117 231 116 231 137 231 116 232 117 232 96 232 118 233 117 233 138 233 117 234 118 234 97 234 119 235 118 235 139 235 118 236 119 236 98 236 120 237 121 237 101 237 121 238 120 238 140 238 121 239 122 239 102 239 122 240 121 240 141 240 122 241 123 241 103 241 123 242 122 242 142 242 123 243 124 243 104 243 124 244 123 244 143 244 124 245 125 245 105 245 125 246 124 246 144 246 125 247 126 247 106 247 126 248 125 248 145 248 126 249 127 249 107 249 127 250 126 250 146 250 127 251 128 251 108 251 128 252 127 252 147 252 128 253 129 253 109 253 129 254 128 254 148 254 129 255 149 255 0 255 150 256 130 256 0 256 131 257 133 257 112 257 133 258 131 258 151 258 132 259 131 259 111 259 131 260 132 260 152 260 150 261 132 261 130 261 132 262 150 262 153 262 154 263 113 263 133 263 113 264 154 264 134 264 155 265 114 265 134 265 114 266 155 266 135 266 156 267 115 267 135 267 115 268 156 268 136 268 157 269 116 269 136 269 116 270 157 270 137 270 138 271 137 271 158 271 137 272 138 272 117 272 139 273 138 273 159 273 138 274 139 274 118 274 140 275 141 275 121 275 141 276 140 276 160 276 141 277 142 277 122 277 142 278 141 278 161 278 142 279 143 279 123 279 143 280 142 280 162 280 143 281 144 281 124 281 144 282 143 282 163 282 144 283 145 283 125 283 145 284 144 284 164 284 126 285 165 285 146 285 165 286 126 286 145 286 146 287 147 287 127 287 147 288 146 288 166 288 147 289 148 289 128 289 148 290 147 290 167 290 129 291 168 291 149 291 168 292 129 292 148 292 149 293 150 293 0 293 169 294 133 294 151 294 133 295 169 295 154 295 152 296 151 296 131 296 151 297 152 297 170 297 153 298 152 298 132 298 152 299 153 299 171 299 149 300 153 300 150 300 153 301 149 301 168 301 172 302 134 302 154 302 134 303 172 303 155 303 173 304 135 304 155 304 135 305 173 305 156 305 174 306 136 306 156 306 136 307 174 307 157 307 175 308 137 308 157 308 137 309 175 309 158 309 159 310 158 310 176 310 158 311 159 311 138 311 160 312 161 312 141 312 161 313 160 313 177 313 161 314 162 314 142 314 162 315 161 315 178 315 162 316 163 316 143 316 163 317 162 317 179 317 163 318 164 318 144 318 164 319 163 319 180 319 145 320 181 320 165 320 181 321 145 321 164 321 146 322 182 322 166 322 182 323 146 323 165 323 147 324 183 324 167 324 183 325 147 325 166 325 148 326 184 326 168 326 184 327 148 327 167 327 185 328 154 328 169 328 154 329 185 329 172 329 186 330 151 330 170 330 151 331 186 331 169 331 171 332 170 332 152 332 170 333 171 333 187 333 168 334 171 334 153 334 171 335 168 335 184 335 188 336 155 336 172 336 155 337 188 337 173 337 189 338 156 338 173 338 156 339 189 339 174 339 190 340 157 340 174 340 157 341 190 341 175 341 191 342 158 342 175 342 158 343 191 343 176 343 177 344 178 344 161 344 178 345 177 345 192 345 178 346 179 346 162 346 179 347 178 347 193 347 179 348 180 348 163 348 180 349 179 349 194 349 164 350 195 350 181 350 195 351 164 351 180 351 165 352 196 352 182 352 196 353 165 353 181 353 166 354 197 354 183 354 197 355 166 355 182 355 184 356 183 356 198 356 183 357 184 357 167 357 199 358 172 358 185 358 172 359 199 359 188 359 200 360 169 360 186 360 169 361 200 361 185 361 170 362 201 362 186 362 201 363 170 363 187 363 184 364 187 364 171 364 187 365 184 365 198 365 202 366 173 366 188 366 173 367 202 367 189 367 203 368 174 368 189 368 174 369 203 369 190 369 204 370 175 370 190 370 175 371 204 371 191 371 192 372 193 372 178 372 193 373 192 373 205 373 193 374 194 374 179 374 194 375 193 375 206 375 180 376 207 376 195 376 207 377 180 377 194 377 181 378 208 378 196 378 208 379 181 379 195 379 182 380 209 380 197 380 209 381 182 381 196 381 198 382 197 382 210 382 197 383 198 383 183 383 211 384 188 384 199 384 188 385 211 385 202 385 212 386 185 386 200 386 185 387 212 387 199 387 186 388 213 388 200 388 213 389 186 389 201 389 187 390 210 390 201 390 210 391 187 391 198 391 214 392 189 392 202 392 189 393 214 393 203 393 215 394 190 394 203 394 190 395 215 395 204 395 205 396 206 396 193 396 206 397 205 397 216 397 194 398 217 398 207 398 217 399 194 399 206 399 195 400 218 400 208 400 218 401 195 401 207 401 196 402 219 402 209 402 219 403 196 403 208 403 210 404 209 404 220 404 209 405 210 405 197 405 221 406 202 406 211 406 202 407 221 407 214 407 222 408 199 408 212 408 199 409 222 409 211 409 200 410 223 410 212 410 223 411 200 411 213 411 201 412 220 412 213 412 220 413 201 413 210 413 224 414 203 414 214 414 203 415 224 415 215 415 206 416 225 416 217 416 225 417 206 417 216 417 207 418 226 418 218 418 226 419 207 419 217 419 208 420 227 420 219 420 227 421 208 421 218 421 220 422 219 422 228 422 219 423 220 423 209 423 229 424 214 424 221 424 214 425 229 425 224 425 230 426 211 426 222 426 211 427 230 427 221 427 212 428 231 428 222 428 231 429 212 429 223 429 213 430 228 430 223 430 228 431 213 431 220 431 217 432 232 432 226 432 232 433 217 433 225 433 218 434 233 434 227 434 233 435 218 435 226 435 228 436 227 436 234 436 227 437 228 437 219 437 235 438 221 438 230 438 221 439 235 439 229 439 222 440 236 440 230 440 236 441 222 441 231 441 223 442 234 442 231 442 234 443 223 443 228 443 226 444 237 444 233 444 237 445 226 445 232 445 234 446 233 446 238 446 233 447 234 447 227 447 230 448 239 448 235 448 239 449 230 449 236 449 231 450 238 450 236 450 238 451 231 451 234 451 238 452 237 452 240 452 237 453 238 453 233 453 236 454 240 454 239 454 240 455 236 455 238 455 867 456 242 456 866 456 243 457 244 457 245 457 244 458 243 458 246 458 244 459 246 459 247 459 247 459 246 459 248 459 247 459 248 459 249 459 249 460 248 460 250 460 249 459 250 459 251 459 251 461 250 461 252 461 251 462 252 462 253 462 253 463 252 463 254 463 253 464 254 464 255 464 255 465 254 465 256 465 255 466 256 466 257 466 257 467 256 467 258 467 257 468 258 468 241 468 241 469 258 469 259 469 241 459 259 459 242 459 242 459 259 459 260 459 242 459 260 459 261 459 261 459 260 459 262 459 261 470 262 470 263 470 263 471 262 471 264 471 899 472 260 472 882 472 896 473 262 473 902 473 868 474 241 474 904 474 869 475 257 475 865 475 871 476 255 476 870 476 251 477 876 477 880 477 249 478 878 478 939 478 245 479 905 479 922 479 246 480 910 480 917 480 248 481 916 481 938 481 932 482 248 482 936 482 887 483 250 483 929 483 900 484 252 484 886 484 897 485 254 485 903 485 258 486 885 486 873 486 259 487 875 487 877 487 260 488 872 488 879 488 904 489 241 489 935 489 899 490 902 490 262 490 933 491 882 491 260 491 896 492 884 492 264 492 881 493 883 493 263 493 923 494 940 494 242 494 941 495 257 495 868 495 942 496 255 496 869 496 865 497 257 497 943 497 870 498 255 498 912 498 921 499 253 499 871 499 919 500 251 500 880 500 876 501 253 501 926 501 889 502 249 502 939 502 878 503 251 503 925 503 927 504 247 504 895 504 905 505 244 505 909 505 910 506 243 506 914 506 928 507 246 507 917 507 894 508 248 508 938 508 916 509 246 509 931 509 893 510 250 510 932 510 936 511 248 511 888 511 924 512 252 512 887 512 929 513 250 513 891 513 903 514 254 514 900 514 886 515 252 515 920 515 906 516 256 516 897 516 907 517 258 517 873 517 885 518 256 518 944 518 911 519 259 519 877 519 875 520 258 520 915 520 879 521 908 521 260 521 913 522 872 522 259 522 908 523 933 523 260 523 943 524 257 524 941 524 912 525 255 525 942 525 926 526 253 526 921 526 925 527 251 527 919 527 895 528 247 528 918 528 931 529 246 529 928 529 888 530 248 530 894 530 891 531 250 531 893 531 920 532 252 532 924 532 944 533 256 533 906 533 915 534 258 534 907 534 911 535 913 535 259 535 265 536 266 536 267 536 268 537 266 537 265 537 265 538 267 538 269 538 270 539 267 539 266 539 268 540 271 540 266 540 272 541 268 541 265 541 273 542 265 542 269 542 274 543 269 543 267 543 270 544 275 544 267 544 270 545 266 545 276 545 277 546 271 546 268 546 271 547 276 547 266 547 278 548 268 548 272 548 272 549 265 549 273 549 273 550 269 550 279 550 274 551 280 551 269 551 275 552 274 552 267 552 270 553 281 553 275 553 282 554 270 554 276 554 277 555 283 555 271 555 278 556 277 556 268 556 271 557 284 557 276 557 285 558 278 558 272 558 286 559 272 559 273 559 287 560 273 560 279 560 279 561 269 561 280 561 274 562 288 562 280 562 289 563 274 563 275 563 282 564 281 564 270 564 281 565 290 565 275 565 291 566 282 566 276 566 292 567 283 567 277 567 283 568 284 568 271 568 293 569 277 569 278 569 284 570 291 570 276 570 293 571 278 571 285 571 285 572 272 572 286 572 286 573 273 573 287 573 287 574 279 574 294 574 279 575 280 575 295 575 289 576 288 576 274 576 288 577 295 577 280 577 296 578 289 578 275 578 281 579 282 579 291 579 297 580 290 580 281 580 290 581 296 581 275 581 283 582 292 582 298 582 299 583 298 583 292 583 293 584 292 584 277 584 284 585 283 585 300 585 298 586 300 586 283 586 291 587 284 587 301 587 300 588 301 588 284 588 285 589 302 589 293 589 285 590 286 590 303 590 303 591 286 591 287 591 304 592 287 592 294 592 294 593 279 593 295 593 289 594 305 594 288 594 288 595 306 595 295 595 296 596 307 596 289 596 291 597 301 597 281 597 308 598 281 598 301 598 297 599 309 599 290 599 310 600 297 600 281 600 296 601 290 601 307 601 311 602 308 602 312 602 308 603 301 603 312 603 312 604 301 604 313 604 301 605 300 605 313 605 313 606 300 606 314 606 300 607 298 607 314 607 314 608 298 608 315 608 298 609 299 609 315 609 315 610 299 610 316 610 299 611 317 611 316 611 316 612 317 612 318 612 317 613 319 613 318 613 318 614 319 614 320 614 321 615 320 615 319 615 292 616 293 616 299 616 317 617 299 617 293 617 302 618 322 618 293 618 323 619 302 619 285 619 303 620 324 620 285 620 303 621 287 621 325 621 325 622 287 622 304 622 326 623 327 623 294 623 304 624 294 624 327 624 328 625 326 625 295 625 294 626 295 626 326 626 305 627 289 627 329 627 305 628 330 628 288 628 295 629 306 629 328 629 331 630 328 630 306 630 330 631 306 631 288 631 289 632 307 632 332 632 281 633 308 633 310 633 311 634 310 634 308 634 333 635 309 635 297 635 290 636 309 636 307 636 334 637 297 637 310 637 320 638 335 638 318 638 336 639 318 639 335 639 321 640 337 640 320 640 335 641 320 641 337 641 319 642 338 642 321 642 337 643 321 643 338 643 317 644 293 644 319 644 338 645 319 645 293 645 310 646 311 646 334 646 312 647 334 647 311 647 334 648 312 648 339 648 313 649 339 649 312 649 340 650 339 650 314 650 313 651 314 651 339 651 333 652 340 652 315 652 314 653 315 653 340 653 309 654 333 654 316 654 315 655 316 655 333 655 336 656 309 656 318 656 316 657 318 657 309 657 302 658 341 658 322 658 322 659 338 659 293 659 323 660 341 660 302 660 324 661 323 661 285 661 342 662 324 662 303 662 325 663 342 663 303 663 327 664 343 664 304 664 325 665 304 665 343 665 327 666 326 666 344 666 326 667 328 667 345 667 305 668 329 668 330 668 289 669 332 669 329 669 328 670 331 670 346 670 306 671 330 671 331 671 347 672 331 672 330 672 307 673 348 673 332 673 340 674 333 674 297 674 307 675 309 675 349 675 339 676 297 676 334 676 350 677 336 677 335 677 351 678 335 678 337 678 322 679 337 679 338 679 339 680 340 680 297 680 309 681 336 681 352 681 341 682 351 682 322 682 353 683 341 683 323 683 324 684 354 684 323 684 342 685 354 685 324 685 355 686 342 686 325 686 325 687 343 687 355 687 356 688 355 688 343 688 343 689 327 689 357 689 358 690 359 690 360 690 360 691 359 691 361 691 361 692 359 692 362 692 362 693 359 693 363 693 363 694 359 694 364 694 364 695 359 695 365 695 365 696 359 696 344 696 359 697 357 697 344 697 327 698 344 698 357 698 366 699 365 699 345 699 365 700 344 700 345 700 326 701 345 701 344 701 367 702 366 702 346 702 366 703 345 703 346 703 328 704 346 704 345 704 330 705 329 705 368 705 329 706 332 706 369 706 331 707 370 707 346 707 347 708 371 708 331 708 372 709 347 709 368 709 330 710 368 710 347 710 307 711 349 711 348 711 332 712 348 712 373 712 349 713 309 713 352 713 352 714 336 714 350 714 350 715 335 715 351 715 351 716 337 716 322 716 341 717 374 717 351 717 353 718 374 718 341 718 354 719 353 719 323 719 375 720 354 720 342 720 355 721 376 721 342 721 355 722 356 722 376 722 377 723 376 723 356 723 356 724 343 724 357 724 378 725 358 725 379 725 360 726 379 726 358 726 379 727 360 727 380 727 361 728 380 728 360 728 380 729 361 729 381 729 362 730 381 730 361 730 381 731 362 731 382 731 363 732 382 732 362 732 363 733 364 733 382 733 364 734 365 734 383 734 359 735 384 735 357 735 384 736 385 736 357 736 385 737 386 737 357 737 386 738 387 738 357 738 387 739 388 739 357 739 388 740 389 740 357 740 389 741 390 741 357 741 390 742 391 742 357 742 356 743 357 743 391 743 359 744 358 744 392 744 365 745 366 745 383 745 367 746 346 746 393 746 370 747 393 747 346 747 394 748 383 748 367 748 366 749 367 749 383 749 329 750 369 750 368 750 332 751 373 751 369 751 347 752 372 752 371 752 395 753 372 753 396 753 368 754 396 754 372 754 349 755 374 755 348 755 373 756 348 756 353 756 352 757 350 757 349 757 374 758 350 758 351 758 348 759 374 759 353 759 354 760 373 760 353 760 375 761 373 761 354 761 376 762 375 762 342 762 376 763 377 763 396 763 395 764 396 764 377 764 377 765 356 765 391 765 397 766 378 766 398 766 379 767 398 767 378 767 378 768 399 768 358 768 392 769 358 769 399 769 398 770 379 770 400 770 380 771 400 771 379 771 400 772 380 772 401 772 381 773 401 773 380 773 401 774 381 774 402 774 382 775 402 775 381 775 364 776 383 776 382 776 390 777 403 777 391 777 403 778 404 778 391 778 377 779 391 779 404 779 405 780 390 780 389 780 406 781 389 781 388 781 387 782 407 782 388 782 406 783 388 783 407 783 386 784 408 784 387 784 407 785 387 785 408 785 385 786 409 786 386 786 408 787 386 787 409 787 384 788 410 788 385 788 409 789 385 789 410 789 411 790 384 790 359 790 412 791 359 791 392 791 394 792 367 792 413 792 393 793 413 793 367 793 402 794 382 794 394 794 383 795 394 795 382 795 368 796 369 796 396 796 369 797 373 797 375 797 414 798 415 798 416 798 415 799 371 799 416 799 372 800 416 800 371 800 372 801 395 801 417 801 349 802 350 802 374 802 376 803 396 803 375 803 395 804 377 804 404 804 418 805 419 805 398 805 397 806 398 806 419 806 397 807 420 807 378 807 399 808 378 808 420 808 399 809 421 809 392 809 412 810 392 810 421 810 398 811 400 811 418 811 422 812 418 812 400 812 400 813 401 813 422 813 423 814 422 814 401 814 401 815 402 815 423 815 424 816 423 816 402 816 403 817 425 817 404 817 425 818 417 818 404 818 395 819 404 819 417 819 405 820 403 820 390 820 406 821 405 821 389 821 407 822 426 822 406 822 427 823 406 823 426 823 408 824 428 824 407 824 426 825 407 825 428 825 409 826 429 826 408 826 428 827 408 827 429 827 410 828 430 828 409 828 429 829 409 829 430 829 411 830 431 830 384 830 410 831 384 831 431 831 432 832 411 832 359 832 433 833 359 833 412 833 402 834 394 834 424 834 413 835 424 835 394 835 393 836 434 836 413 836 396 837 369 837 375 837 425 838 414 838 417 838 416 839 417 839 414 839 416 840 372 840 417 840 415 841 414 841 435 841 419 842 436 842 397 842 420 843 397 843 436 843 419 844 418 844 437 844 420 845 438 845 399 845 421 846 399 846 438 846 421 847 439 847 412 847 433 848 412 848 439 848 418 849 422 849 437 849 440 850 437 850 422 850 422 851 423 851 440 851 441 852 440 852 423 852 423 853 424 853 441 853 442 854 441 854 424 854 405 855 443 855 403 855 425 856 403 856 443 856 406 857 427 857 405 857 443 858 405 858 427 858 426 859 444 859 427 859 445 860 427 860 444 860 428 861 446 861 426 861 444 862 426 862 446 862 429 863 447 863 428 863 446 864 428 864 447 864 448 865 447 865 430 865 429 866 430 866 447 866 449 867 430 867 431 867 410 868 431 868 430 868 450 869 431 869 432 869 411 870 432 870 431 870 432 871 359 871 433 871 413 872 442 872 424 872 434 873 442 873 413 873 415 874 434 874 393 874 443 875 435 875 425 875 414 876 425 876 435 876 434 877 415 877 435 877 436 878 451 878 420 878 438 879 420 879 451 879 436 880 419 880 437 880 438 881 452 881 421 881 439 882 421 882 452 882 439 883 450 883 433 883 432 884 433 884 450 884 447 885 437 885 446 885 440 886 446 886 437 886 446 887 440 887 444 887 441 888 444 888 440 888 444 889 441 889 445 889 442 890 445 890 441 890 427 891 445 891 443 891 435 892 443 892 445 892 453 893 448 893 449 893 430 894 449 894 448 894 447 895 448 895 437 895 454 896 449 896 450 896 431 897 450 897 449 897 434 898 435 898 442 898 451 899 455 899 438 899 452 900 438 900 455 900 451 901 436 901 437 901 452 902 454 902 439 902 450 903 439 903 454 903 442 904 435 904 445 904 456 905 453 905 454 905 449 906 454 906 453 906 448 907 453 907 437 907 455 908 456 908 452 908 454 909 452 909 456 909 455 910 451 910 437 910 453 911 456 911 437 911 456 912 455 912 437 912 457 913 458 913 459 913 460 914 458 914 457 914 457 915 459 915 461 915 462 916 459 916 458 916 460 917 463 917 458 917 464 918 460 918 457 918 465 919 457 919 461 919 466 920 461 920 459 920 462 921 467 921 459 921 462 922 458 922 468 922 469 923 463 923 460 923 463 924 468 924 458 924 470 925 460 925 464 925 464 926 457 926 465 926 465 927 461 927 471 927 466 928 472 928 461 928 467 929 466 929 459 929 462 930 473 930 467 930 474 931 462 931 468 931 469 932 475 932 463 932 470 933 469 933 460 933 463 934 476 934 468 934 477 935 470 935 464 935 478 936 464 936 465 936 479 937 465 937 471 937 471 938 461 938 472 938 466 939 480 939 472 939 481 940 466 940 467 940 474 941 473 941 462 941 473 942 482 942 467 942 483 943 474 943 468 943 484 944 475 944 469 944 475 945 476 945 463 945 485 946 469 946 470 946 476 947 483 947 468 947 485 948 470 948 477 948 477 949 464 949 478 949 478 950 465 950 479 950 479 951 471 951 486 951 471 952 472 952 487 952 481 953 480 953 466 953 480 954 487 954 472 954 488 955 481 955 467 955 473 956 474 956 483 956 489 957 482 957 473 957 482 958 488 958 467 958 475 959 484 959 490 959 491 960 490 960 484 960 485 961 484 961 469 961 476 962 475 962 492 962 490 963 492 963 475 963 483 964 476 964 493 964 492 965 493 965 476 965 477 966 494 966 485 966 477 967 478 967 495 967 495 968 478 968 479 968 496 969 479 969 486 969 486 970 471 970 487 970 481 971 497 971 480 971 480 972 498 972 487 972 488 973 499 973 481 973 483 974 493 974 473 974 500 975 473 975 493 975 489 976 501 976 482 976 502 977 489 977 473 977 488 978 482 978 499 978 503 979 500 979 504 979 500 980 493 980 504 980 504 981 493 981 505 981 493 982 492 982 505 982 505 983 492 983 506 983 492 984 490 984 506 984 506 985 490 985 507 985 490 986 491 986 507 986 507 987 491 987 508 987 491 988 509 988 508 988 508 989 509 989 510 989 509 990 511 990 510 990 510 991 511 991 512 991 513 992 512 992 511 992 484 993 485 993 491 993 509 994 491 994 485 994 494 995 514 995 485 995 515 996 494 996 477 996 495 997 516 997 477 997 495 998 479 998 517 998 517 999 479 999 496 999 518 1000 519 1000 486 1000 496 1001 486 1001 519 1001 520 1002 518 1002 487 1002 486 1003 487 1003 518 1003 497 1004 481 1004 521 1004 497 1005 522 1005 480 1005 487 1006 498 1006 520 1006 523 1007 520 1007 498 1007 522 1008 498 1008 480 1008 481 1009 499 1009 524 1009 473 1010 500 1010 502 1010 503 1011 502 1011 500 1011 525 1012 501 1012 489 1012 482 1013 501 1013 499 1013 526 1014 489 1014 502 1014 512 1015 527 1015 510 1015 528 1016 510 1016 527 1016 513 1017 529 1017 512 1017 527 1018 512 1018 529 1018 511 1019 530 1019 513 1019 529 1020 513 1020 530 1020 509 1021 485 1021 511 1021 530 1022 511 1022 485 1022 502 1023 503 1023 526 1023 504 1024 526 1024 503 1024 526 1025 504 1025 531 1025 505 1026 531 1026 504 1026 532 1027 531 1027 506 1027 505 1028 506 1028 531 1028 525 1029 532 1029 507 1029 506 1029 507 1029 532 1029 501 1030 525 1030 508 1030 507 1031 508 1031 525 1031 528 1032 501 1032 510 1032 508 1033 510 1033 501 1033 494 1034 533 1034 514 1034 514 1035 530 1035 485 1035 515 1036 533 1036 494 1036 516 1037 515 1037 477 1037 534 1038 516 1038 495 1038 517 1039 534 1039 495 1039 519 1040 535 1040 496 1040 517 1041 496 1041 535 1041 519 1042 518 1042 536 1042 518 1043 520 1043 537 1043 497 1044 521 1044 522 1044 481 1045 524 1045 521 1045 520 1046 523 1046 538 1046 498 1047 522 1047 523 1047 539 1048 523 1048 522 1048 499 1049 540 1049 524 1049 532 1050 525 1050 489 1050 499 1051 501 1051 541 1051 531 1052 489 1052 526 1052 542 1053 528 1053 527 1053 543 1054 527 1054 529 1054 514 1055 529 1055 530 1055 531 1056 532 1056 489 1056 501 1057 528 1057 544 1057 533 1058 543 1058 514 1058 545 1059 533 1059 515 1059 516 1060 546 1060 515 1060 534 1061 546 1061 516 1061 547 1062 534 1062 517 1062 517 1063 535 1063 547 1063 548 1064 547 1064 535 1064 535 1065 519 1065 549 1065 550 1066 551 1066 552 1066 552 1067 551 1067 553 1067 553 1068 551 1068 554 1068 554 1069 551 1069 555 1069 555 1070 551 1070 556 1070 556 1071 551 1071 557 1071 557 1072 551 1072 536 1072 551 1073 549 1073 536 1073 519 1074 536 1074 549 1074 558 1075 557 1075 537 1075 557 1076 536 1076 537 1076 518 1077 537 1077 536 1077 559 1078 558 1078 538 1078 558 1079 537 1079 538 1079 520 1080 538 1080 537 1080 522 1081 521 1081 560 1081 521 1082 524 1082 561 1082 523 1083 562 1083 538 1083 539 1084 563 1084 523 1084 564 1085 539 1085 560 1085 522 1086 560 1086 539 1086 499 1087 541 1087 540 1087 524 1088 540 1088 565 1088 541 1089 501 1089 544 1089 544 1090 528 1090 542 1090 542 1091 527 1091 543 1091 543 1092 529 1092 514 1092 533 1093 566 1093 543 1093 545 1094 566 1094 533 1094 546 1095 545 1095 515 1095 567 1096 546 1096 534 1096 547 1097 568 1097 534 1097 547 1098 548 1098 568 1098 569 1099 568 1099 548 1099 548 1100 535 1100 549 1100 570 1101 550 1101 571 1101 552 1102 571 1102 550 1102 571 1103 552 1103 572 1103 553 1104 572 1104 552 1104 572 1105 553 1105 573 1105 554 1106 573 1106 553 1106 573 1107 554 1107 574 1107 555 1108 574 1108 554 1108 555 1109 556 1109 574 1109 556 1110 557 1110 575 1110 551 1111 576 1111 549 1111 576 1112 577 1112 549 1112 577 1113 578 1113 549 1113 578 1114 579 1114 549 1114 579 1115 580 1115 549 1115 580 1116 581 1116 549 1116 581 1117 582 1117 549 1117 582 1118 583 1118 549 1118 548 1119 549 1119 583 1119 551 1120 550 1120 584 1120 557 1121 558 1121 575 1121 559 1122 538 1122 585 1122 562 1123 585 1123 538 1123 586 1124 575 1124 559 1124 558 1125 559 1125 575 1125 521 1126 561 1126 560 1126 524 1127 565 1127 561 1127 539 1128 564 1128 563 1128 587 1129 564 1129 588 1129 560 1130 588 1130 564 1130 541 1131 566 1131 540 1131 565 1132 540 1132 545 1132 544 1133 542 1133 541 1133 566 1134 542 1134 543 1134 540 1135 566 1135 545 1135 546 1136 565 1136 545 1136 567 1137 565 1137 546 1137 568 1138 567 1138 534 1138 568 1139 569 1139 588 1139 587 1140 588 1140 569 1140 569 1141 548 1141 583 1141 589 1142 570 1142 590 1142 571 1143 590 1143 570 1143 570 1144 591 1144 550 1144 584 1145 550 1145 591 1145 590 1146 571 1146 592 1146 572 1147 592 1147 571 1147 592 1148 572 1148 593 1148 573 1149 593 1149 572 1149 593 1150 573 1150 594 1150 574 1151 594 1151 573 1151 556 1152 575 1152 574 1152 582 1153 595 1153 583 1153 595 1154 596 1154 583 1154 569 1155 583 1155 596 1155 597 1156 582 1156 581 1156 598 1157 581 1157 580 1157 579 1158 599 1158 580 1158 598 1159 580 1159 599 1159 578 1160 600 1160 579 1160 599 1161 579 1161 600 1161 577 1162 601 1162 578 1162 600 1163 578 1163 601 1163 576 1164 602 1164 577 1164 601 1165 577 1165 602 1165 603 1166 576 1166 551 1166 604 1167 551 1167 584 1167 586 1168 559 1168 605 1168 585 1169 605 1169 559 1169 594 1170 574 1170 586 1170 575 1171 586 1171 574 1171 560 1172 561 1172 588 1172 561 1173 565 1173 567 1173 606 1174 607 1174 608 1174 607 1175 563 1175 608 1175 564 1176 608 1176 563 1176 564 1177 587 1177 609 1177 541 1178 542 1178 566 1178 568 1179 588 1179 567 1179 587 1180 569 1180 596 1180 610 1181 611 1181 590 1181 589 1182 590 1182 611 1182 589 1183 612 1183 570 1183 591 1184 570 1184 612 1184 591 1185 613 1185 584 1185 604 1186 584 1186 613 1186 590 1187 592 1187 610 1187 614 1188 610 1188 592 1188 592 1189 593 1189 614 1189 615 1190 614 1190 593 1190 593 1191 594 1191 615 1191 616 1192 615 1192 594 1192 595 1193 617 1193 596 1193 617 1194 609 1194 596 1194 587 1195 596 1195 609 1195 597 1196 595 1196 582 1196 598 1197 597 1197 581 1197 599 1198 618 1198 598 1198 619 1199 598 1199 618 1199 600 1200 620 1200 599 1200 618 1201 599 1201 620 1201 601 1202 621 1202 600 1202 620 1203 600 1203 621 1203 602 1204 622 1204 601 1204 621 1205 601 1205 622 1205 603 1206 623 1206 576 1206 602 1207 576 1207 623 1207 624 1208 603 1208 551 1208 625 1209 551 1209 604 1209 594 1210 586 1210 616 1210 605 1211 616 1211 586 1211 585 1212 626 1212 605 1212 588 1213 561 1213 567 1213 617 1214 606 1214 609 1214 608 1215 609 1215 606 1215 608 1216 564 1216 609 1216 607 1217 606 1217 627 1217 611 1218 628 1218 589 1218 612 1219 589 1219 628 1219 611 1220 610 1220 629 1220 612 1221 630 1221 591 1221 613 1222 591 1222 630 1222 613 1223 631 1223 604 1223 625 1224 604 1224 631 1224 610 1225 614 1225 629 1225 632 1226 629 1226 614 1226 614 1227 615 1227 632 1227 633 1228 632 1228 615 1228 615 1229 616 1229 633 1229 634 1230 633 1230 616 1230 597 1231 635 1231 595 1231 617 1232 595 1232 635 1232 598 1233 619 1233 597 1233 635 1234 597 1234 619 1234 618 1235 636 1235 619 1235 637 1236 619 1236 636 1236 620 1237 638 1237 618 1237 636 1238 618 1238 638 1238 621 1239 639 1239 620 1239 638 1240 620 1240 639 1240 640 1241 639 1241 622 1241 621 1242 622 1242 639 1242 641 1243 622 1243 623 1243 602 1244 623 1244 622 1244 642 1245 623 1245 624 1245 603 1246 624 1246 623 1246 624 1247 551 1247 625 1247 605 1248 634 1248 616 1248 626 1249 634 1249 605 1249 607 1250 626 1250 585 1250 635 1251 627 1251 617 1251 606 1252 617 1252 627 1252 626 1253 607 1253 627 1253 628 1254 643 1254 612 1254 630 1255 612 1255 643 1255 628 1256 611 1256 629 1256 630 1257 644 1257 613 1257 631 1258 613 1258 644 1258 631 1259 642 1259 625 1259 624 1260 625 1260 642 1260 639 1261 629 1261 638 1261 632 1262 638 1262 629 1262 638 1263 632 1263 636 1263 633 1264 636 1264 632 1264 636 1265 633 1265 637 1265 634 1266 637 1266 633 1266 619 1267 637 1267 635 1267 627 1268 635 1268 637 1268 645 1269 640 1269 641 1269 622 1270 641 1270 640 1270 639 1271 640 1271 629 1271 646 1272 641 1272 642 1272 623 1273 642 1273 641 1273 626 1274 627 1274 634 1274 643 1275 647 1275 630 1275 644 1276 630 1276 647 1276 643 1277 628 1277 629 1277 644 1278 646 1278 631 1278 642 1279 631 1279 646 1279 634 1280 627 1280 637 1280 648 1281 645 1281 646 1281 641 1282 646 1282 645 1282 640 1283 645 1283 629 1283 647 1284 648 1284 644 1284 646 1285 644 1285 648 1285 647 1286 643 1286 629 1286 645 1287 648 1287 629 1287 648 1288 647 1288 629 1288 649 1289 650 1289 651 1289 652 1290 650 1290 649 1290 649 1291 651 1291 653 1291 654 1292 651 1292 650 1292 652 1293 655 1293 650 1293 656 1294 652 1294 649 1294 657 1295 649 1295 653 1295 658 1296 653 1296 651 1296 654 1297 659 1297 651 1297 654 1298 650 1298 660 1298 661 1299 655 1299 652 1299 655 1300 660 1300 650 1300 662 1301 652 1301 656 1301 656 1302 649 1302 657 1302 657 1303 653 1303 663 1303 658 1304 664 1304 653 1304 659 1305 658 1305 651 1305 654 1306 665 1306 659 1306 666 1307 654 1307 660 1307 661 1308 667 1308 655 1308 662 1309 661 1309 652 1309 655 1310 668 1310 660 1310 669 1311 662 1311 656 1311 670 1312 656 1312 657 1312 671 1313 657 1313 663 1313 663 1314 653 1314 664 1314 658 1315 672 1315 664 1315 673 1316 658 1316 659 1316 666 1317 665 1317 654 1317 665 1318 674 1318 659 1318 675 1319 666 1319 660 1319 676 1320 667 1320 661 1320 667 1321 668 1321 655 1321 677 1322 661 1322 662 1322 668 1323 675 1323 660 1323 677 1324 662 1324 669 1324 669 1325 656 1325 670 1325 670 1326 657 1326 671 1326 671 1327 663 1327 678 1327 663 1328 664 1328 679 1328 673 1329 672 1329 658 1329 672 1330 679 1330 664 1330 680 1331 673 1331 659 1331 665 1332 666 1332 675 1332 681 1333 674 1333 665 1333 674 1334 680 1334 659 1334 667 1335 676 1335 682 1335 683 1336 682 1336 676 1336 677 1337 676 1337 661 1337 668 1338 667 1338 684 1338 682 1339 684 1339 667 1339 675 1340 668 1340 685 1340 684 1341 685 1341 668 1341 669 1342 686 1342 677 1342 669 1343 670 1343 687 1343 687 1344 670 1344 671 1344 688 1345 671 1345 678 1345 678 1346 663 1346 679 1346 673 1347 689 1347 672 1347 672 1348 690 1348 679 1348 680 1349 691 1349 673 1349 675 1350 685 1350 665 1350 692 1351 665 1351 685 1351 681 1352 693 1352 674 1352 694 1353 681 1353 665 1353 680 1354 674 1354 691 1354 695 1355 692 1355 696 1355 692 1355 685 1355 696 1355 696 1355 685 1355 697 1355 685 1355 684 1355 697 1355 697 1355 684 1355 698 1355 684 1356 682 1356 698 1356 698 1357 682 1357 699 1357 682 1355 683 1355 699 1355 699 1355 683 1355 700 1355 683 1355 701 1355 700 1355 700 1358 701 1358 702 1358 701 1355 703 1355 702 1355 702 1359 703 1359 704 1359 705 1360 704 1360 703 1360 676 1361 677 1361 683 1361 701 1362 683 1362 677 1362 686 1363 706 1363 677 1363 707 1364 686 1364 669 1364 687 1365 708 1365 669 1365 687 1366 671 1366 709 1366 709 1367 671 1367 688 1367 710 1368 711 1368 678 1368 688 1369 678 1369 711 1369 712 1370 710 1370 679 1370 678 1371 679 1371 710 1371 689 1372 673 1372 713 1372 689 1373 714 1373 672 1373 679 1374 690 1374 712 1374 715 1375 712 1375 690 1375 714 1376 690 1376 672 1376 673 1377 691 1377 716 1377 665 1378 692 1378 694 1378 695 1378 694 1378 692 1378 717 1379 693 1379 681 1379 674 1380 693 1380 691 1380 718 1381 681 1381 694 1381 704 1382 719 1382 702 1382 720 1383 702 1383 719 1383 705 1384 721 1384 704 1384 719 1385 704 1385 721 1385 703 1386 722 1386 705 1386 721 1387 705 1387 722 1387 701 1388 677 1388 703 1388 722 1389 703 1389 677 1389 694 1390 695 1390 718 1390 696 1391 718 1391 695 1391 718 1392 696 1392 723 1392 697 1393 723 1393 696 1393 724 1394 723 1394 698 1394 697 1395 698 1395 723 1395 717 1396 724 1396 699 1396 698 1397 699 1397 724 1397 693 1398 717 1398 700 1398 699 1399 700 1399 717 1399 720 1400 693 1400 702 1400 700 1401 702 1401 693 1401 686 1402 725 1402 706 1402 706 1403 722 1403 677 1403 707 1404 725 1404 686 1404 708 1405 707 1405 669 1405 726 1406 708 1406 687 1406 709 1407 726 1407 687 1407 711 1408 727 1408 688 1408 709 1409 688 1409 727 1409 711 1410 710 1410 728 1410 710 1411 712 1411 729 1411 689 1412 713 1412 714 1412 673 1413 716 1413 713 1413 712 1414 715 1414 730 1414 690 1415 714 1415 715 1415 731 1416 715 1416 714 1416 691 1417 732 1417 716 1417 724 1418 717 1418 681 1418 691 1419 693 1419 733 1419 723 1420 681 1420 718 1420 734 1421 720 1421 719 1421 735 1422 719 1422 721 1422 706 1423 721 1423 722 1423 723 1424 724 1424 681 1424 693 1425 720 1425 736 1425 725 1426 735 1426 706 1426 737 1427 725 1427 707 1427 708 1428 738 1428 707 1428 726 1429 738 1429 708 1429 739 1430 726 1430 709 1430 709 1431 727 1431 739 1431 740 1432 739 1432 727 1432 727 1433 711 1433 741 1433 742 1434 743 1434 744 1434 744 1435 743 1435 745 1435 745 1436 743 1436 746 1436 746 1437 743 1437 747 1437 747 1438 743 1438 748 1438 748 1439 743 1439 749 1439 749 1440 743 1440 728 1440 743 1441 741 1441 728 1441 711 1442 728 1442 741 1442 750 1443 749 1443 729 1443 749 1444 728 1444 729 1444 710 1445 729 1445 728 1445 751 1446 750 1446 730 1446 750 1447 729 1447 730 1447 712 1448 730 1448 729 1448 714 1449 713 1449 752 1449 713 1450 716 1450 753 1450 715 1451 754 1451 730 1451 731 1452 755 1452 715 1452 756 1453 731 1453 752 1453 714 1454 752 1454 731 1454 691 1455 733 1455 732 1455 716 1456 732 1456 757 1456 733 1457 693 1457 736 1457 736 1458 720 1458 734 1458 734 1459 719 1459 735 1459 735 1460 721 1460 706 1460 725 1461 758 1461 735 1461 737 1462 758 1462 725 1462 738 1463 737 1463 707 1463 759 1464 738 1464 726 1464 739 1465 760 1465 726 1465 739 1466 740 1466 760 1466 761 1467 760 1467 740 1467 740 1468 727 1468 741 1468 762 1469 742 1469 763 1469 744 1470 763 1470 742 1470 763 1471 744 1471 764 1471 745 1472 764 1472 744 1472 764 1473 745 1473 765 1473 746 1474 765 1474 745 1474 765 1475 746 1475 766 1475 747 1476 766 1476 746 1476 747 1477 748 1477 766 1477 748 1478 749 1478 767 1478 743 1479 768 1479 741 1479 768 1480 769 1480 741 1480 769 1481 770 1481 741 1481 770 1482 771 1482 741 1482 771 1483 772 1483 741 1483 772 1484 773 1484 741 1484 773 1485 774 1485 741 1485 774 1486 775 1486 741 1486 740 1487 741 1487 775 1487 743 1488 742 1488 776 1488 749 1489 750 1489 767 1489 751 1490 730 1490 777 1490 754 1491 777 1491 730 1491 778 1492 767 1492 751 1492 750 1493 751 1493 767 1493 713 1494 753 1494 752 1494 716 1495 757 1495 753 1495 731 1496 756 1496 755 1496 779 1497 756 1497 780 1497 752 1498 780 1498 756 1498 733 1499 758 1499 732 1499 757 1500 732 1500 737 1500 736 1501 734 1501 733 1501 758 1502 734 1502 735 1502 732 1503 758 1503 737 1503 738 1504 757 1504 737 1504 759 1505 757 1505 738 1505 760 1506 759 1506 726 1506 760 1507 761 1507 780 1507 779 1508 780 1508 761 1508 761 1509 740 1509 775 1509 781 1510 762 1510 782 1510 763 1511 782 1511 762 1511 762 1512 783 1512 742 1512 776 1513 742 1513 783 1513 782 1514 763 1514 784 1514 764 1515 784 1515 763 1515 784 1516 764 1516 785 1516 765 1517 785 1517 764 1517 785 1518 765 1518 786 1518 766 1519 786 1519 765 1519 748 1520 767 1520 766 1520 774 1521 787 1521 775 1521 787 1522 788 1522 775 1522 761 1523 775 1523 788 1523 789 1524 774 1524 773 1524 790 1525 773 1525 772 1525 771 1526 791 1526 772 1526 790 1527 772 1527 791 1527 770 1528 792 1528 771 1528 791 1529 771 1529 792 1529 769 1530 793 1530 770 1530 792 1531 770 1531 793 1531 768 1532 794 1532 769 1532 793 1533 769 1533 794 1533 795 1534 768 1534 743 1534 796 1535 743 1535 776 1535 778 1536 751 1536 797 1536 777 1537 797 1537 751 1537 786 1538 766 1538 778 1538 767 1539 778 1539 766 1539 752 1540 753 1540 780 1540 753 1541 757 1541 759 1541 798 1542 799 1542 800 1542 799 1543 755 1543 800 1543 756 1544 800 1544 755 1544 756 1545 779 1545 801 1545 733 1546 734 1546 758 1546 760 1547 780 1547 759 1547 779 1548 761 1548 788 1548 802 1549 803 1549 782 1549 781 1550 782 1550 803 1550 781 1551 804 1551 762 1551 783 1552 762 1552 804 1552 783 1553 805 1553 776 1553 796 1554 776 1554 805 1554 782 1555 784 1555 802 1555 806 1556 802 1556 784 1556 784 1557 785 1557 806 1557 807 1558 806 1558 785 1558 785 1559 786 1559 807 1559 808 1560 807 1560 786 1560 787 1561 809 1561 788 1561 809 1562 801 1562 788 1562 779 1563 788 1563 801 1563 789 1564 787 1564 774 1564 790 1565 789 1565 773 1565 791 1566 810 1566 790 1566 811 1567 790 1567 810 1567 792 1568 812 1568 791 1568 810 1569 791 1569 812 1569 793 1570 813 1570 792 1570 812 1571 792 1571 813 1571 794 1572 814 1572 793 1572 813 1573 793 1573 814 1573 795 1574 815 1574 768 1574 794 1575 768 1575 815 1575 816 1576 795 1576 743 1576 817 1577 743 1577 796 1577 786 1578 778 1578 808 1578 797 1579 808 1579 778 1579 777 1580 818 1580 797 1580 780 1581 753 1581 759 1581 809 1582 798 1582 801 1582 800 1583 801 1583 798 1583 800 1584 756 1584 801 1584 799 1585 798 1585 819 1585 803 1586 820 1586 781 1586 804 1587 781 1587 820 1587 803 1588 802 1588 821 1588 804 1589 822 1589 783 1589 805 1590 783 1590 822 1590 805 1591 823 1591 796 1591 817 1592 796 1592 823 1592 802 1593 806 1593 821 1593 824 1594 821 1594 806 1594 806 1595 807 1595 824 1595 825 1596 824 1596 807 1596 807 1597 808 1597 825 1597 826 1598 825 1598 808 1598 789 1599 827 1599 787 1599 809 1600 787 1600 827 1600 790 1601 811 1601 789 1601 827 1602 789 1602 811 1602 810 1603 828 1603 811 1603 829 1604 811 1604 828 1604 812 1605 830 1605 810 1605 828 1606 810 1606 830 1606 813 1607 831 1607 812 1607 830 1608 812 1608 831 1608 832 1609 831 1609 814 1609 813 1610 814 1610 831 1610 833 1611 814 1611 815 1611 794 1612 815 1612 814 1612 834 1613 815 1613 816 1613 795 1614 816 1614 815 1614 816 1615 743 1615 817 1615 797 1616 826 1616 808 1616 818 1617 826 1617 797 1617 799 1618 818 1618 777 1618 827 1619 819 1619 809 1619 798 1620 809 1620 819 1620 818 1621 799 1621 819 1621 820 1622 835 1622 804 1622 822 1623 804 1623 835 1623 820 1624 803 1624 821 1624 822 1625 836 1625 805 1625 823 1626 805 1626 836 1626 823 1627 834 1627 817 1627 816 1628 817 1628 834 1628 831 1629 821 1629 830 1629 824 1630 830 1630 821 1630 830 1631 824 1631 828 1631 825 1632 828 1632 824 1632 828 1633 825 1633 829 1633 826 1634 829 1634 825 1634 811 1635 829 1635 827 1635 819 1636 827 1636 829 1636 837 1637 832 1637 833 1637 814 1638 833 1638 832 1638 831 1639 832 1639 821 1639 838 1640 833 1640 834 1640 815 1641 834 1641 833 1641 818 1642 819 1642 826 1642 835 1643 839 1643 822 1643 836 1644 822 1644 839 1644 835 1645 820 1645 821 1645 836 1646 838 1646 823 1646 834 1647 823 1647 838 1647 826 1648 819 1648 829 1648 840 1649 837 1649 838 1649 833 1650 838 1650 837 1650 832 1651 837 1651 821 1651 839 1652 840 1652 836 1652 838 1653 836 1653 840 1653 839 1654 835 1654 821 1654 837 1655 840 1655 821 1655 840 1656 839 1656 821 1656 841 1657 842 1657 843 1657 842 1657 841 1657 844 1657 842 1658 844 1658 845 1658 845 1659 844 1659 846 1659 845 1660 846 1660 847 1660 847 1661 846 1661 848 1661 847 1657 848 1657 849 1657 849 1662 848 1662 850 1662 850 1663 848 1663 851 1663 850 1664 851 1664 852 1664 850 1665 852 1665 853 1665 853 1666 852 1666 854 1666 853 1667 854 1667 855 1667 855 1668 854 1668 856 1668 855 1657 856 1657 857 1657 857 1669 856 1669 858 1669 857 1670 858 1670 859 1670 859 1671 858 1671 860 1671 859 1657 860 1657 861 1657 861 1672 860 1672 862 1672 861 1657 862 1657 863 1657 863 1657 862 1657 864 1657 242 1673 940 1673 937 1673 247 1674 934 1674 930 1674 245 1675 914 1675 243 1675 244 1676 927 1676 909 1676 261 1677 923 1677 242 1677 261 1678 901 1678 898 1678 249 1679 892 1679 934 1679 247 1680 930 1680 890 1680 247 1681 890 1681 918 1681 249 1682 889 1682 892 1682 883 1683 261 1683 263 1683 264 1684 881 1684 263 1684 241 1685 874 1685 935 1685 241 1686 867 1686 874 1686 242 1687 937 1687 866 1687 867 1688 241 1688 242 1688 899 1689 262 1689 260 1689 896 1690 264 1690 262 1690 868 1691 257 1691 241 1691 869 1692 255 1692 257 1692 871 1693 253 1693 255 1693 251 1694 253 1694 876 1694 249 1695 251 1695 878 1695 245 1696 244 1696 905 1696 246 1697 243 1697 910 1697 248 1698 246 1698 916 1698 932 1699 250 1699 248 1699 887 1700 252 1700 250 1700 900 1701 254 1701 252 1701 897 1702 256 1702 254 1702 258 1703 256 1703 885 1703 259 1704 258 1704 875 1704 260 1705 259 1705 872 1705 247 1706 249 1706 934 1706 245 1707 922 1707 914 1707 244 1708 247 1708 927 1708 261 1709 898 1709 923 1709 883 1710 901 1710 261 1710 264 1711 884 1711 881 1711</p>
        </triangles>
      </mesh>
    </geometry>
  </library_geometries>
  <library_controllers/>
  <library_visual_scenes>
    <visual_scene id="Scene" name="Scene">
      <node id="Original" name="Original" type="NODE">
        <matrix sid="transform">-4.37114e-8 1 0 0 -1 -4.37114e-8 0 0 0 0 1 0 0 0 0 1</matrix>
        <instance_geometry url="#Original-mesh" name="Original"/>
      </node>
    </visual_scene>
  </library_visual_scenes>
  <scene>
    <instance_visual_scene url="#Scene"/>
  </scene>
</COLLADA>