<?xml version="1.0" encoding="utf-8"?>
<COLLADA xmlns="http://www.collada.org/2005/11/COLLADASchema" version="1.4.1" xmlns:xsi="http://www.w3.org/2001/XMLSchema-instance">
  <asset>
    <contributor>
      <author>Blender User</author>
      <authoring_tool>Blender 2.79.0 commit date:2017-09-11, commit time:10:43, hash:5bd8ac9abfa</authoring_tool>
    </contributor>
    <created>2022-01-25T11:02:38</created>
    <modified>2022-01-25T11:02:38</modified>
    <unit name="meter" meter="1"/>
    <up_axis>Z_UP</up_axis>
  </asset>
  <library_cameras>
    <camera id="Camera-camera" name="Camera">
      <optics>
        <technique_common>
          <perspective>
            <xfov sid="xfov">49.13434</xfov>
            <aspect_ratio>1.777778</aspect_ratio>
            <znear sid="znear">0.1</znear>
            <zfar sid="zfar">100</zfar>
          </perspective>
        </technique_common>
      </optics>
      <extra>
        <technique profile="blender">
          <shiftx sid="shiftx" type="float">0</shiftx>
          <shifty sid="shifty" type="float">0</shifty>
          <YF_dofdist sid="YF_dofdist" type="float">0</YF_dofdist>
        </technique>
      </extra>
    </camera>
  </library_cameras>
  <library_lights>
    <light id="Lamp-light" name="Lamp">
      <technique_common>
        <point>
          <color sid="color">1 1 1</color>
          <constant_attenuation>1</constant_attenuation>
          <linear_attenuation>0</linear_attenuation>
          <quadratic_attenuation>0.00111109</quadratic_attenuation>
        </point>
      </technique_common>
      <extra>
        <technique profile="blender">
          <type sid="type" type="int">0</type>
          <flag sid="flag" type="int">0</flag>
          <mode sid="mode" type="int">8192</mode>
          <gamma sid="blender_gamma" type="float">1</gamma>
          <red sid="red" type="float">1</red>
          <green sid="green" type="float">1</green>
          <blue sid="blue" type="float">1</blue>
          <shadow_r sid="blender_shadow_r" type="float">0</shadow_r>
          <shadow_g sid="blender_shadow_g" type="float">0</shadow_g>
          <shadow_b sid="blender_shadow_b" type="float">0</shadow_b>
          <energy sid="blender_energy" type="float">1</energy>
          <dist sid="blender_dist" type="float">29.99998</dist>
          <spotsize sid="spotsize" type="float">75</spotsize>
          <spotblend sid="spotblend" type="float">0.15</spotblend>
          <halo_intensity sid="blnder_halo_intensity" type="float">1</halo_intensity>
          <att1 sid="att1" type="float">0</att1>
          <att2 sid="att2" type="float">1</att2>
          <falloff_type sid="falloff_type" type="int">2</falloff_type>
          <clipsta sid="clipsta" type="float">1.000799</clipsta>
          <clipend sid="clipend" type="float">30.002</clipend>
          <bias sid="bias" type="float">1</bias>
          <soft sid="soft" type="float">3</soft>
          <compressthresh sid="compressthresh" type="float">0.04999995</compressthresh>
          <bufsize sid="bufsize" type="int">2880</bufsize>
          <samp sid="samp" type="int">3</samp>
          <buffers sid="buffers" type="int">1</buffers>
          <filtertype sid="filtertype" type="int">0</filtertype>
          <bufflag sid="bufflag" type="int">0</bufflag>
          <buftype sid="buftype" type="int">2</buftype>
          <ray_samp sid="ray_samp" type="int">1</ray_samp>
          <ray_sampy sid="ray_sampy" type="int">1</ray_sampy>
          <ray_sampz sid="ray_sampz" type="int">1</ray_sampz>
          <ray_samp_type sid="ray_samp_type" type="int">0</ray_samp_type>
          <area_shape sid="area_shape" type="int">1</area_shape>
          <area_size sid="area_size" type="float">0.1</area_size>
          <area_sizey sid="area_sizey" type="float">0.1</area_sizey>
          <area_sizez sid="area_sizez" type="float">1</area_sizez>
          <adapt_thresh sid="adapt_thresh" type="float">0.000999987</adapt_thresh>
          <ray_samp_method sid="ray_samp_method" type="int">1</ray_samp_method>
          <shadhalostep sid="shadhalostep" type="int">0</shadhalostep>
          <sun_effect_type sid="sun_effect_type" type="int">0</sun_effect_type>
          <skyblendtype sid="skyblendtype" type="int">1</skyblendtype>
          <horizon_brightness sid="horizon_brightness" type="float">1</horizon_brightness>
          <spread sid="spread" type="float">1</spread>
          <sun_brightness sid="sun_brightness" type="float">1</sun_brightness>
          <sun_size sid="sun_size" type="float">1</sun_size>
          <backscattered_light sid="backscattered_light" type="float">1</backscattered_light>
          <sun_intensity sid="sun_intensity" type="float">1</sun_intensity>
          <atm_turbidity sid="atm_turbidity" type="float">2</atm_turbidity>
          <atm_extinction_factor sid="atm_extinction_factor" type="float">1</atm_extinction_factor>
          <atm_distance_factor sid="atm_distance_factor" type="float">1</atm_distance_factor>
          <skyblendfac sid="skyblendfac" type="float">1</skyblendfac>
          <sky_exposure sid="sky_exposure" type="float">1</sky_exposure>
          <sky_colorspace sid="sky_colorspace" type="int">0</sky_colorspace>
        </technique>
      </extra>
    </light>
  </library_lights>
  <library_images>
    <image id="Vestas_logo_png" name="Vestas_logo_png">
      <init_from>Vestas_logo.png</init_from>
    </image>
  </library_images>
  <library_effects>
    <effect id="material-effect">
      <profile_COMMON>
        <technique sid="common">
          <phong>
            <emission>
              <color sid="emission">0 0 0 1</color>
            </emission>
            <ambient>
              <color sid="ambient">0 0 0 1</color>
            </ambient>
            <diffuse>
              <color sid="diffuse">1 1 1 1</color>
            </diffuse>
            <specular>
              <color sid="specular">0.25 0.25 0.25 1</color>
            </specular>
            <shininess>
              <float sid="shininess">50</float>
            </shininess>
            <index_of_refraction>
              <float sid="index_of_refraction">1</float>
            </index_of_refraction>
          </phong>
        </technique>
      </profile_COMMON>
    </effect>
    <effect id="Vestas_logo-effect">
      <profile_COMMON>
        <newparam sid="Vestas_logo_png-surface">
          <surface type="2D">
            <init_from>Vestas_logo_png</init_from>
          </surface>
        </newparam>
        <newparam sid="Vestas_logo_png-sampler">
          <sampler2D>
            <source>Vestas_logo_png-surface</source>
          </sampler2D>
        </newparam>
        <technique sid="common">
          <phong>
            <emission>
              <color sid="emission">0 0 0 1</color>
            </emission>
            <ambient>
              <color sid="ambient">0 0 0 1</color>
            </ambient>
            <diffuse>
              <texture texture="Vestas_logo_png-sampler"/>
            </diffuse>
            <specular>
              <color sid="specular">0.25 0.25 0.25 1</color>
            </specular>
            <shininess>
              <float sid="shininess">50</float>
            </shininess>
            <index_of_refraction>
              <float sid="index_of_refraction">1</float>
            </index_of_refraction>
          </phong>
        </technique>
      </profile_COMMON>
    </effect>
    <effect id="Color_000-effect">
      <profile_COMMON>
        <technique sid="common">
          <phong>
            <emission>
              <color sid="emission">0 0 0 1</color>
            </emission>
            <ambient>
              <color sid="ambient">0 0 0 1</color>
            </ambient>
            <diffuse>
              <color sid="diffuse">0.96 0.96 0.96 1</color>
            </diffuse>
            <specular>
              <color sid="specular">0.25 0.25 0.25 1</color>
            </specular>
            <shininess>
              <float sid="shininess">50</float>
            </shininess>
            <index_of_refraction>
              <float sid="index_of_refraction">1</float>
            </index_of_refraction>
          </phong>
        </technique>
      </profile_COMMON>
    </effect>
    <effect id="__LightGray_-effect">
      <profile_COMMON>
        <technique sid="common">
          <phong>
            <emission>
              <color sid="emission">0 0 0 1</color>
            </emission>
            <ambient>
              <color sid="ambient">0 0 0 1</color>
            </ambient>
            <diffuse>
              <color sid="diffuse">0.6627451 0.6627451 0.6627451 1</color>
            </diffuse>
            <specular>
              <color sid="specular">0.25 0.25 0.25 1</color>
            </specular>
            <shininess>
              <float sid="shininess">50</float>
            </shininess>
            <index_of_refraction>
              <float sid="index_of_refraction">1</float>
            </index_of_refraction>
          </phong>
        </technique>
      </profile_COMMON>
    </effect>
    <effect id="Color_I07-effect">
      <profile_COMMON>
        <technique sid="common">
          <phong>
            <emission>
              <color sid="emission">0 0 0 1</color>
            </emission>
            <ambient>
              <color sid="ambient">0 0 0 1</color>
            </ambient>
            <diffuse>
              <color sid="diffuse">0.1921569 0.2509804 0.4627451 1</color>
            </diffuse>
            <specular>
              <color sid="specular">0.25 0.25 0.25 1</color>
            </specular>
            <shininess>
              <float sid="shininess">50</float>
            </shininess>
            <index_of_refraction>
              <float sid="index_of_refraction">1</float>
            </index_of_refraction>
          </phong>
        </technique>
      </profile_COMMON>
    </effect>
  </library_effects>
  <library_materials>
    <material id="material-material" name="material">
      <instance_effect url="#material-effect"/>
    </material>
    <material id="Vestas_logo-material" name="Vestas_logo">
      <instance_effect url="#Vestas_logo-effect"/>
    </material>
    <material id="Color_000-material" name="Color_000">
      <instance_effect url="#Color_000-effect"/>
    </material>
    <material id="__LightGray_-material" name="__LightGray_">
      <instance_effect url="#__LightGray_-effect"/>
    </material>
    <material id="Color_I07-material" name="Color_I07">
      <instance_effect url="#Color_I07-effect"/>
    </material>
  </library_materials>
  <library_geometries>
    <geometry id="ID149-mesh" name="ID149">
      <mesh>
        <source id="ID149-mesh-positions">
          <float_array id="ID149-mesh-positions-array" count="24">84.69976 0 10.30347 -84.69979 0 -10.30347 82.66722 0 -21.12646 -82.66719 0 21.12647 -82.66719 0 21.12647 84.69976 0 10.30347 -84.69979 0 -10.30347 82.66722 0 -21.12646</float_array>
          <technique_common>
            <accessor source="#ID149-mesh-positions-array" count="8" stride="3">
              <param name="X" type="float"/>
              <param name="Y" type="float"/>
              <param name="Z" type="float"/>
            </accessor>
          </technique_common>
        </source>
        <source id="ID149-mesh-normals">
          <float_array id="ID149-mesh-normals-array" count="6">0 -1 0 0 1 0</float_array>
          <technique_common>
            <accessor source="#ID149-mesh-normals-array" count="2" stride="3">
              <param name="X" type="float"/>
              <param name="Y" type="float"/>
              <param name="Z" type="float"/>
            </accessor>
          </technique_common>
        </source>
        <source id="ID149-mesh-map-0">
          <float_array id="ID149-mesh-map-0-array" count="24">0 0 0 0 0 0 0 0 0 0 0 0 1.00569 1 0 1 1.00569 0 0 0 1.00569 0 0 1</float_array>
          <technique_common>
            <accessor source="#ID149-mesh-map-0-array" count="12" stride="2">
              <param name="S" type="float"/>
              <param name="T" type="float"/>
            </accessor>
          </technique_common>
        </source>
        <vertices id="ID149-mesh-vertices">
          <input semantic="POSITION" source="#ID149-mesh-positions"/>
        </vertices>
        <triangles material="material-material" count="2">
          <input semantic="VERTEX" source="#ID149-mesh-vertices" offset="0"/>
          <input semantic="NORMAL" source="#ID149-mesh-normals" offset="1"/>
          <input semantic="TEXCOORD" source="#ID149-mesh-map-0" offset="2" set="0"/>
          <p>0 0 0 1 0 1 2 0 2 1 0 3 0 0 4 3 0 5</p>
        </triangles>
        <triangles material="Vestas_logo-material" count="2">
          <input semantic="VERTEX" source="#ID149-mesh-vertices" offset="0"/>
          <input semantic="NORMAL" source="#ID149-mesh-normals" offset="1"/>
          <input semantic="TEXCOORD" source="#ID149-mesh-map-0" offset="2" set="0"/>
          <p>4 1 6 5 1 7 6 1 8 7 1 9 6 1 10 5 1 11</p>
        </triangles>
      </mesh>
    </geometry>
    <geometry id="ID164-mesh" name="ID164">
      <mesh>
        <source id="ID164-mesh-positions">
          <float_array id="ID164-mesh-positions-array" count="516">-59.66708 -34.44881 1538.181 -96.97287 -25.98379 -1217.725 -86.94351 -50.1968 -1217.725 -66.54996 -17.83199 1538.181 -66.54996 -17.83199 1538.181 -59.66708 -34.44881 1538.181 -96.97287 -25.98379 -1217.725 -86.94351 -50.1968 -1217.725 -100.3937 -2.00467e-5 -1217.725 -68.89762 -2.00467e-5 1538.181 -68.89762 -2.00467e-5 1538.181 -100.3937 -2.00467e-5 -1217.725 -96.97287 25.9838 -1217.725 -96.97287 -25.98379 -1217.725 -100.3937 -2.00467e-5 -1217.725 -86.94351 50.19688 -1217.725 -86.94351 -50.1968 -1217.725 -70.98912 70.98912 -1217.725 -70.98912 -70.98912 -1217.725 -50.19693 86.94347 -1217.725 -50.19693 -86.9435 -1217.725 -25.98379 -96.97293 -1217.725 -25.98379 96.9729 -1217.725 3.45711e-5 100.3937 -1217.725 3.45711e-5 -100.3937 -1217.725 25.9838 96.9729 -1217.725 25.9838 -96.97293 -1217.725 50.19681 86.94347 -1217.725 50.19681 -86.9435 -1217.725 70.98912 -70.98912 -1217.725 70.98912 70.98912 -1217.725 86.94351 -50.1968 -1217.725 86.94351 50.19688 -1217.725 96.97287 25.9838 -1217.725 96.97287 -25.98379 -1217.725 100.3937 -2.00467e-5 -1217.725 100.3937 -2.00467e-5 -1217.725 96.97287 25.9838 -1217.725 96.97287 -25.98379 -1217.725 86.94351 -50.1968 -1217.725 86.94351 50.19688 -1217.725 70.98912 70.98912 -1217.725 70.98912 -70.98912 -1217.725 50.19681 86.94347 -1217.725 50.19681 -86.9435 -1217.725 25.9838 -96.97293 -1217.725 25.9838 96.9729 -1217.725 3.45711e-5 -100.3937 -1217.725 3.45711e-5 100.3937 -1217.725 -25.98379 -96.97293 -1217.725 -25.98379 96.9729 -1217.725 -50.19693 86.94347 -1217.725 -50.19693 -86.9435 -1217.725 -70.98912 -70.98912 -1217.725 -70.98912 70.98912 -1217.725 -86.94351 -50.1968 -1217.725 -86.94351 50.19688 -1217.725 -96.97287 -25.98379 -1217.725 -96.97287 25.9838 -1217.725 -100.3937 -2.00467e-5 -1217.725 -48.71799 -48.718 1538.181 -70.98912 -70.98912 -1217.725 -48.71799 -48.718 1538.181 -70.98912 -70.98912 -1217.725 -66.54996 17.83201 1538.181 -96.97287 25.9838 -1217.725 -96.97287 25.9838 -1217.725 -66.54996 17.83201 1538.181 17.83207 -66.55001 1538.181 3.45711e-5 -100.3937 -1217.725 25.9838 -96.97293 -1217.725 3.45711e-5 -68.8976 1538.181 3.45711e-5 -68.8976 1538.181 17.83207 -66.55001 1538.181 3.45711e-5 -100.3937 -1217.725 25.9838 -96.97293 -1217.725 -17.832 -66.55001 1538.181 -25.98379 -96.97293 -1217.725 -17.832 -66.55001 1538.181 -25.98379 -96.97293 -1217.725 -34.44882 -59.6671 1538.181 -50.19693 -86.9435 -1217.725 -21.66909 -64.96062 1538.181 -21.66909 -64.96062 1538.181 -34.44882 -59.6671 1538.181 -50.19693 -86.9435 -1217.725 -59.66708 34.44877 1538.181 -86.94351 50.19688 -1217.725 -86.94351 50.19688 -1217.725 -59.66708 34.44877 1538.181 -48.71799 48.718 1538.181 -70.98912 70.98912 -1217.725 -70.98912 70.98912 -1217.725 -48.71799 48.718 1538.181 -34.44882 59.66709 1538.181 -50.19693 86.94347 -1217.725 -34.44882 59.66709 1538.181 -50.19693 86.94347 -1217.725 -25.98379 96.9729 -1217.725 -17.832 66.54998 1538.181 -21.66909 64.96062 1538.181 -21.66909 64.96062 1538.181 -17.832 66.54998 1538.181 -25.98379 96.9729 -1217.725 3.45711e-5 68.89757 1538.181 3.45711e-5 100.3937 -1217.725 3.45711e-5 68.89757 1538.181 3.45711e-5 100.3937 -1217.725 25.9838 96.9729 -1217.725 17.83207 66.54998 1538.181 17.83207 66.54998 1538.181 25.9838 96.9729 -1217.725 34.44882 59.66709 1538.181 50.19681 86.94347 -1217.725 21.6691 64.96062 1538.181 21.6691 64.96062 1538.181 34.44882 59.66709 1538.181 50.19681 86.94347 -1217.725 70.98912 70.98912 -1217.725 48.71799 48.718 1538.181 48.71799 48.718 1538.181 70.98912 70.98912 -1217.725 86.94351 50.19688 -1217.725 59.66708 34.44877 1538.181 86.94351 50.19688 -1217.725 59.66708 34.44877 1538.181 96.97287 25.9838 -1217.725 66.55002 17.83201 1538.181 96.97287 25.9838 -1217.725 66.55002 17.83201 1538.181 68.89762 -2.00467e-5 1538.181 100.3937 -2.00467e-5 -1217.725 68.89762 -2.00467e-5 1538.181 100.3937 -2.00467e-5 -1217.725 66.55002 -17.83199 1538.181 96.97287 -25.98379 -1217.725 66.55002 -17.83199 1538.181 96.97287 -25.98379 -1217.725 59.66708 -34.44881 1538.181 86.94351 -50.1968 -1217.725 59.66708 -34.44881 1538.181 86.94351 -50.1968 -1217.725 48.71799 -48.718 1538.181 70.98912 -70.98912 -1217.725 48.71799 -48.718 1538.181 70.98912 -70.98912 -1217.725 50.19681 -86.9435 -1217.725 34.44882 -59.6671 1538.181 34.44882 -59.6671 1538.181 50.19681 -86.9435 -1217.725 21.6691 -64.96062 1538.181 21.6691 -64.96062 1538.181 21.6691 -64.96062 1538.181 -17.832 -66.55001 1538.181 -21.66909 -64.96062 1538.181 3.45711e-5 -68.8976 1538.181 17.83207 -66.55001 1538.181 17.83207 -66.55001 1538.181 21.6691 -64.96062 1538.181 3.45711e-5 -68.8976 1538.181 -17.832 -66.55001 1538.181 -21.66909 -64.96062 1538.181 -17.832 66.54998 1538.181 21.6691 64.96062 1538.181 -21.66909 64.96062 1538.181 3.45711e-5 68.89757 1538.181 17.83207 66.54998 1538.181 17.83207 66.54998 1538.181 3.45711e-5 68.89757 1538.181 21.6691 64.96062 1538.181 -17.832 66.54998 1538.181 -21.66909 64.96062 1538.181</float_array>
          <technique_common>
            <accessor source="#ID164-mesh-positions-array" count="172" stride="3">
              <param name="X" type="float"/>
              <param name="Y" type="float"/>
              <param name="Z" type="float"/>
            </accessor>
          </technique_common>
        </source>
        <source id="ID164-mesh-normals">
          <float_array id="ID164-mesh-normals-array" count="171">-0.8659732 -0.4999603 0.01141405 -0.9658634 -0.2588006 0.01141405 -0.9999349 0 0.01141417 2.19733e-5 0 1 1.49894e-5 0 1 -1.55182e-5 0 1 4.87757e-6 0 1 0 0 1 -3.96972e-6 0 1 4.575e-6 0 1 -3.29432e-6 0 1 3.18208e-6 0 1 -4.57503e-6 0 1 3.96969e-6 0 1 -4.87757e-6 0 1 7.75909e-6 0 1 -2.19733e-5 0 1 0 0 -1 6.65458e-6 0 -1 -5.98979e-6 0 -1 6.20107e-6 0 -1 -6.65455e-6 0 -1 1.55182e-5 0 -1 -1.49894e-5 0 -1 -0.7070608 -0.7070608 0.01141405 -0.9658634 0.2588006 0.01141405 0.2588006 -0.9658634 0.01141405 0 -0.9999349 0.01141417 -0.2588006 -0.9658634 0.01141405 -0.4999603 -0.8659732 0.01141405 -0.3826526 -0.9238231 0.01132267 -0.8659732 0.4999603 0.01141405 -0.7070608 0.7070608 0.01141405 -0.4999603 0.8659732 0.01141405 -0.2588006 0.9658634 0.01141405 -0.9701426 0 -0.2425356 0 0.9999349 0.01141417 0.2588006 0.9658634 0.01141405 0.2588002 0.9658616 0.01156663 0.2589221 0.9658305 0.01144456 0.4999603 0.8659732 0.01141405 0.9701426 0 0.2425356 0.7070608 0.7070608 0.01141405 0.8659732 0.4999603 0.01141405 0.9658634 0.2588006 0.01141405 0.9999349 0 0.01141417 0.9658634 -0.2588006 0.01141405 0.8659732 -0.4999603 0.01141405 0.7070608 -0.7070608 0.01141405 0.4999603 -0.8659732 0.01141405 0.3826526 -0.9238231 0.01132267 2.52549e-5 0 1 -4.03289e-6 0 1 4.03292e-6 0 1 -2.52557e-5 0 1 -5.05114e-5 0 1 4.03292e-6 0 1</float_array>
          <technique_common>
            <accessor source="#ID164-mesh-normals-array" count="57" stride="3">
              <param name="X" type="float"/>
              <param name="Y" type="float"/>
              <param name="Z" type="float"/>
            </accessor>
          </technique_common>
        </source>
        <vertices id="ID164-mesh-vertices">
          <input semantic="POSITION" source="#ID164-mesh-positions"/>
        </vertices>
        <triangles material="Color_000-material" count="160">
          <input semantic="VERTEX" source="#ID164-mesh-vertices" offset="0"/>
          <input semantic="NORMAL" source="#ID164-mesh-normals" offset="1"/>
          <p>0 0 1 1 2 0 1 1 0 0 3 1 4 1 6 1 5 0 7 0 5 0 6 1 8 2 6 1 4 1 4 1 9 2 8 2 10 2 11 2 3 1 1 1 3 1 11 2 12 3 14 3 13 3 13 4 15 4 12 4 13 5 16 5 15 5 16 6 17 6 15 6 16 7 18 7 17 7 18 8 19 8 17 8 18 7 20 7 19 7 20 7 21 7 19 7 21 9 22 9 19 9 21 10 23 10 22 10 21 7 24 7 23 7 24 11 25 11 23 11 24 7 26 7 25 7 26 12 27 12 25 12 26 7 28 7 27 7 28 7 29 7 27 7 29 13 30 13 27 13 29 7 31 7 30 7 31 14 32 14 30 14 31 15 33 15 32 15 31 7 34 7 33 7 34 16 35 16 33 16 36 17 38 17 37 17 38 17 39 17 37 17 37 17 39 17 40 17 40 17 39 17 41 17 39 17 42 17 41 17 41 17 42 17 43 17 42 17 44 17 43 17 44 17 45 17 43 17 43 18 45 18 46 18 45 17 47 17 46 17 46 19 47 19 48 19 47 17 49 17 48 17 48 20 49 20 50 20 50 21 49 21 51 21 49 17 52 17 51 17 52 17 53 17 51 17 51 17 53 17 54 17 53 17 55 17 54 17 54 17 55 17 56 17 55 22 57 22 56 22 56 23 57 23 58 23 59 17 58 17 57 17 7 0 61 24 60 24 60 24 5 0 7 0 0 0 2 0 62 24 63 24 62 24 2 0 64 25 11 2 10 2 11 2 64 25 65 25 66 25 8 2 67 25 9 2 67 25 8 2 68 26 69 27 70 26 69 27 68 26 71 27 72 27 74 27 73 26 75 26 73 26 74 27 76 28 77 28 74 27 74 27 72 27 76 28 71 27 78 28 69 27 79 28 69 27 78 28 80 29 81 29 77 28 77 28 82 30 80 29 76 28 82 30 77 28 83 30 79 28 78 28 83 30 84 29 79 28 85 29 79 28 84 29 60 24 61 24 81 29 81 29 80 29 60 24 84 29 62 24 85 29 63 24 85 29 62 24 86 31 65 25 64 25 65 25 86 31 87 31 88 31 66 25 89 31 67 25 89 31 66 25 88 31 89 31 90 32 90 32 91 32 88 31 92 32 87 31 93 32 86 31 93 32 87 31 94 33 95 33 91 32 91 32 90 32 94 33 93 32 96 33 92 32 97 33 92 32 96 33 96 33 98 34 97 33 98 34 96 33 99 34 99 34 96 33 100 35 101 17 102 34 94 33 102 34 103 34 94 33 95 33 94 33 103 34 104 36 105 36 103 34 103 34 102 34 104 36 99 34 106 36 98 34 107 36 98 34 106 36 106 36 108 37 107 36 108 37 106 36 109 38 110 39 111 37 104 36 105 36 104 36 111 37 112 40 113 40 111 37 111 37 110 39 112 40 110 39 114 41 112 40 115 7 116 40 109 38 109 38 116 40 108 37 117 40 108 37 116 40 116 40 118 42 117 40 118 42 116 40 119 42 120 42 121 42 112 40 113 40 112 40 121 42 120 42 123 43 122 43 122 43 121 42 120 42 118 42 119 42 124 43 125 43 124 43 119 42 126 44 125 43 127 44 125 43 126 44 124 43 122 43 123 43 128 44 129 44 128 44 123 43 126 44 130 45 131 45 130 45 126 44 127 44 129 44 132 45 128 44 133 45 128 44 132 45 131 45 134 46 135 46 134 46 131 45 130 45 132 45 136 46 133 45 137 46 133 45 136 46 135 46 138 47 139 47 138 47 135 46 134 46 136 46 140 47 137 46 141 47 137 46 140 47 139 47 142 48 143 48 142 48 139 47 138 47 140 47 144 48 141 47 145 48 141 47 144 48 142 48 146 49 143 48 146 49 142 48 147 49 148 49 149 49 144 48 145 48 144 48 149 49 73 26 75 26 149 49 149 49 150 50 73 26 148 49 150 50 149 49 151 50 146 49 147 49 151 50 68 26 146 49 70 26 146 49 68 26 152 7 154 7 153 7 153 7 155 7 152 7 155 51 156 51 152 51 157 7 158 7 159 7 159 52 158 52 160 52 161 7 160 7 158 7 162 7 164 7 163 7 163 53 165 53 162 53 163 54 166 54 165 54 167 55 168 55 169 55 168 56 170 56 169 56 171 7 169 7 170 7</p>
        </triangles>
      </mesh>
    </geometry>
    <geometry id="ID172-mesh" name="ID172">
      <mesh>
        <source id="ID172-mesh-positions">
          <float_array id="ID172-mesh-positions-array" count="216">-1.127286 2.238056 -1.327998 1.726535 5.326679 -3.112177 -1.127286 3.211445 -3.677851 1.726535 4.134602 -0.2340036 1.726535 4.134602 -0.2340036 -1.127286 2.238056 -1.327998 1.726535 5.326679 -3.112177 -1.127286 3.211445 -3.677851 1.726535 5.733356 -6.200068 -1.127286 3.543476 -6.200068 1.726535 5.733356 -6.200068 -1.127286 3.543476 -6.200068 -3.317105 0.4548529 -4.416865 -3.317105 -0.2333184 -2.755 -3.317105 0.4548529 -4.416865 -3.317105 -0.2333184 -2.755 -1.127286 0.6896552 0.6900686 1.726535 2.238056 2.23792 1.726535 2.238056 2.23792 -1.127286 0.6896552 0.6900686 5.0499 6.65633 -2.755 5.0499 5.326679 0.4549612 5.0499 5.326679 0.4549612 5.0499 6.65633 -2.755 5.0499 7.109882 -6.200068 5.0499 7.109882 -6.200068 -3.317105 0.6896552 -6.200068 -3.317105 0.6896552 -6.200068 -4.693692 -2.75523 -5.276972 -4.693692 -3.111553 -4.416865 -4.693692 -2.75523 -5.276972 -4.693692 -3.111553 -4.416865 -3.317105 -1.32835 -1.327998 -3.317105 -1.32835 -1.327998 1.726535 -0.2333184 4.133916 -1.127286 -1.32835 2.23792 1.726535 -0.2333184 4.133916 -1.127286 -1.32835 2.23792 5.0499 3.211445 3.211065 5.0499 3.211445 3.211065 -4.693692 -2.63377 -6.200068 -4.693692 -2.63377 -6.200068 -5.163174 -6.200115 -6.200068 -5.163174 -6.200115 -6.200068 -4.693692 -3.678265 -3.677851 -4.693692 -3.678265 -3.677851 -3.317105 -2.75523 -0.2340036 -3.317105 -2.75523 -0.2340036 -1.127286 -3.678265 3.211065 1.726535 -3.111553 5.327032 1.726535 -3.111553 5.327032 -1.127286 -3.678265 3.211065 5.0499 0.4548529 5.327032 5.0499 0.4548529 5.327032 -4.693692 -4.416912 -3.112177 -4.693692 -4.416912 -3.112177 -3.317105 -4.416912 0.4549612 -3.317105 -4.416912 0.4549612 1.726535 -6.200115 5.733037 -1.127286 -6.200115 3.543096 1.726535 -6.200115 5.733037 -1.127286 -6.200115 3.543096 5.0499 -2.75523 6.656133 5.0499 -2.75523 6.656133 -4.693692 -5.277019 -2.755 -4.693692 -5.277019 -2.755 -3.317105 -6.200115 0.6900686 -3.317105 -6.200115 0.6900686 5.0499 -6.200115 7.109991 5.0499 -6.200115 7.109991 -4.693692 -6.200115 -2.633906 -4.693692 -6.200115 -2.633906</float_array>
          <technique_common>
            <accessor source="#ID172-mesh-positions-array" count="72" stride="3">
              <param name="X" type="float"/>
              <param name="Y" type="float"/>
              <param name="Z" type="float"/>
            </accessor>
          </technique_common>
        </source>
        <source id="ID172-mesh-normals">
          <float_array id="ID172-mesh-normals-array" count="111">-0.701695 0.6170351 0.3562189 -0.4953581 0.8390966 0.2248048 -0.7017081 0.6881878 0.1843998 -0.4953612 0.752335 0.4342918 -0.4921188 0.8630772 0.1136527 -0.6986572 0.7093391 0.09335976 -0.8613214 0.4907536 0.131478 -0.8613227 0.4400003 0.2540142 -0.7016976 0.50375 0.5038416 -0.4952995 0.6142642 0.6142947 -0.3827128 0.8923861 0.2391192 -0.3827106 0.800091 0.4619384 -0.3798702 0.9171272 0.1207332 -0.8593995 0.5069295 0.06674617 -0.9631674 0.2597439 0.0695824 -0.9631779 0.2328596 0.1344054 -0.8613343 0.3591766 0.3592987 -0.8613263 0.3591861 0.3593081 -0.4954152 0.4344077 0.7522327 -0.7017046 0.3561322 0.6170741 -0.3826822 0.6532667 0.6532972 -0.9625699 0.2687199 0.03534102 -0.9928952 0.08414 0.08414 -0.963164 0.1901057 0.1901973 -0.8613371 0.2539789 0.4399921 -0.7017235 0.1843958 0.6881731 -0.4954135 0.2248328 0.8390565 -0.3827706 0.4619982 0.8000278 -0.9631847 0.1344063 0.2328307 -0.8613041 0.1316279 0.4907437 -0.4922475 0.1134711 0.8630278 -0.6986095 0.09338796 0.7093827 -0.3825541 0.2390848 0.8924634 -0.9631592 0.06967556 0.2597499 -0.8593633 0.06677627 0.5069871 -0.3798456 0.1207045 0.9171411 -0.962592 0.03521859 0.2686566</float_array>
          <technique_common>
            <accessor source="#ID172-mesh-normals-array" count="37" stride="3">
              <param name="X" type="float"/>
              <param name="Y" type="float"/>
              <param name="Z" type="float"/>
            </accessor>
          </technique_common>
        </source>
        <vertices id="ID172-mesh-vertices">
          <input semantic="POSITION" source="#ID172-mesh-positions"/>
        </vertices>
        <triangles material="Color_000-material" count="108">
          <input semantic="VERTEX" source="#ID172-mesh-vertices" offset="0"/>
          <input semantic="NORMAL" source="#ID172-mesh-normals" offset="1"/>
          <p>0 0 1 1 2 2 1 1 0 0 3 3 4 3 6 1 5 0 7 2 5 0 6 1 2 2 8 4 9 5 8 4 2 2 1 1 6 1 10 4 7 2 11 5 7 2 10 4 0 0 12 6 13 7 12 6 0 0 2 2 7 2 14 6 5 0 15 7 5 0 14 6 16 8 3 3 0 0 3 3 16 8 17 9 18 9 4 3 19 8 5 0 19 8 4 3 3 3 20 10 1 1 20 10 3 3 21 11 22 11 23 10 4 3 6 1 4 3 23 10 1 1 24 12 8 4 24 12 1 1 20 10 23 10 25 12 6 1 10 4 6 1 25 12 2 2 26 13 12 6 26 13 2 2 9 5 11 5 27 13 7 2 14 6 7 2 27 13 13 7 28 14 29 15 28 14 13 7 12 6 14 6 30 14 15 7 31 15 15 7 30 14 16 8 13 7 32 16 13 7 16 8 0 0 5 0 15 7 19 8 33 17 19 8 15 7 34 18 16 8 35 19 16 8 34 18 17 9 18 9 19 8 36 18 37 19 36 18 19 8 17 9 21 11 3 3 21 11 17 9 38 20 39 20 22 11 18 9 4 3 18 9 22 11 12 6 40 21 28 14 40 21 12 6 26 13 27 13 41 21 14 6 30 14 14 6 41 21 28 14 42 22 29 15 31 15 30 14 43 22 32 16 29 15 44 23 29 15 32 16 13 7 15 7 31 15 33 17 45 23 33 17 31 15 35 19 32 16 46 24 32 16 35 19 16 8 19 8 33 17 37 19 47 24 37 19 33 17 48 25 34 18 35 19 34 18 48 25 49 26 50 26 36 18 51 25 37 19 51 25 36 18 34 18 38 20 17 9 38 20 34 18 52 27 53 27 39 20 36 18 18 9 36 18 39 20 40 21 42 22 28 14 30 14 41 21 43 22 29 15 42 22 44 23 45 23 31 15 43 22 46 24 44 23 54 28 44 23 46 24 32 16 33 17 45 23 47 24 55 28 47 24 45 23 48 25 46 24 56 29 46 24 48 25 35 19 37 19 47 24 51 25 57 29 51 25 47 24 58 30 48 25 59 31 48 25 58 30 49 26 50 26 51 25 60 30 61 31 60 30 51 25 49 26 52 27 34 18 52 27 49 26 62 32 63 32 53 27 50 26 36 18 50 26 53 27 44 23 42 22 54 28 55 28 45 23 43 22 56 29 54 28 64 33 54 28 56 29 46 24 47 24 55 28 57 29 65 33 57 29 55 28 48 25 66 34 59 31 66 34 48 25 56 29 57 29 67 34 51 25 61 31 51 25 67 34 68 35 49 26 58 30 49 26 68 35 62 32 63 32 50 26 69 35 60 30 69 35 50 26 54 28 42 22 64 33 65 33 55 28 43 22 66 34 64 33 70 36 64 33 66 34 56 29 57 29 65 33 67 34 71 36 67 34 65 33 64 33 42 22 70 36 71 36 65 33 43 22</p>
        </triangles>
      </mesh>
    </geometry>
    <geometry id="ID178-mesh" name="ID178">
      <mesh>
        <source id="ID178-mesh-positions">
          <float_array id="ID178-mesh-positions-array" count="1458">192.3384 64.95584 33.26356 -111.6549 68.52218 76.67055 -111.6549 64.95584 77.13954 192.3384 68.52218 32.79359 192.3384 68.52218 32.79359 192.3384 64.95584 33.26356 -111.6549 68.52218 76.67055 -111.6549 64.95584 77.13954 -111.6549 71.84561 75.2936 192.3384 71.84561 31.41762 192.3384 71.84561 31.41762 -111.6549 71.84561 75.2936 -183.3753 64.95584 52.3185 -183.3753 68.40072 51.86464 -183.3753 64.95584 52.3185 -183.3753 68.40072 51.86464 192.3384 -64.9654 33.26356 -111.6549 -64.9654 77.13954 192.3384 -64.9654 33.26356 -111.6549 -64.9654 77.13954 -183.3753 71.6108 50.53554 -183.3753 71.6108 50.53554 -111.6549 74.69944 73.10366 192.3384 74.69944 29.22743 192.3384 74.69944 29.22743 -111.6549 74.69944 73.10366 -183.3753 -64.9654 52.3185 -183.3753 -64.9654 52.3185 192.3384 -68.53178 32.79359 -111.6549 -68.53178 76.67055 192.3384 -68.53178 32.79359 -111.6549 -68.53178 76.67055 195.9048 -64.9654 32.79359 195.9048 64.95584 32.79359 195.9048 64.95584 32.79359 195.9048 -64.9654 32.79359 -183.3753 74.3674 48.41957 -183.3753 74.3674 48.41957 -111.6549 76.88932 70.25064 192.3384 76.88932 26.37343 -111.6549 76.88932 70.25064 192.3384 76.88932 26.37343 -186.6986 -64.9654 50.94154 -186.6986 64.95584 50.94154 -186.6986 -64.9654 50.94154 -186.6986 64.95584 50.94154 -183.2537 -68.53178 51.86464 -183.2537 -68.53178 51.86464 192.3384 -71.8552 31.41762 -111.6549 -71.8552 75.2936 192.3384 -71.8552 31.41762 -111.6549 -71.8552 75.2936 199.2283 -64.9654 31.41762 199.2283 64.95584 31.41762 199.2283 64.95584 31.41762 199.2283 -64.9654 31.41762 -183.3753 76.48263 45.66347 -183.3753 76.48263 45.66347 -111.6549 78.26583 66.92641 192.3384 78.26583 23.05043 -111.6549 78.26583 66.92641 192.3384 78.26583 23.05043 -189.5524 -64.9654 48.7516 -189.5524 64.95584 48.7516 -189.5524 -64.9654 48.7516 -189.5524 64.95584 48.7516 -182.8975 -71.8552 50.53554 -182.8975 -71.8552 50.53554 192.3384 -74.70899 29.22743 -111.6549 -74.70899 73.10366 192.3384 -74.70899 29.22743 -111.6549 -74.70899 73.10366 202.0821 64.95584 29.22743 202.0821 -64.9654 29.22743 202.0821 -64.9654 29.22743 202.0821 64.95584 29.22743 -183.3753 77.81228 42.45351 -183.3753 77.81228 42.45351 -111.6549 78.73545 63.36049 192.3384 78.73545 19.48354 -111.6549 78.73545 63.36049 192.3384 78.73545 19.48354 -191.7423 64.95584 45.89857 -191.7423 -64.9654 45.89857 -191.7423 64.95584 45.89857 -191.7423 -64.9654 45.89857 -111.6549 -76.89878 70.25064 192.3384 -76.89878 26.37343 -111.6549 -76.89878 70.25064 192.3384 -76.89878 26.37343 204.2718 64.95584 26.37343 204.2718 -64.9654 26.37343 204.2718 64.95584 26.37343 204.2718 -64.9654 26.37343 -183.3753 78.26583 39.00844 -183.3753 78.26583 39.00844 93.55706 78.73545 -18.67149 189.5309 78.73545 -24.87755 -73.80989 78.73545 -7.848494 -123.0626 78.73545 -4.663679 -123.0626 78.73545 -4.663679 -73.80989 78.73545 -7.848494 93.55706 78.73545 -18.67149 189.5309 78.73545 -24.87755 -193.1188 -64.9654 42.5746 -193.1188 64.95584 42.5746 -193.1188 64.95584 42.5746 -193.1188 -64.9654 42.5746 -182.3306 -74.70899 48.41957 -182.3306 -74.70899 48.41957 -111.6549 -78.2754 66.92641 192.3384 -78.2754 23.05043 -111.6549 -78.2754 66.92641 192.3384 -78.2754 23.05043 205.6484 -64.9654 23.05043 205.6484 64.95584 23.05043 205.6484 64.95584 23.05043 205.6484 -64.9654 23.05043 -162.499 78.45858 -2.11363 -162.499 78.45858 -2.11363 195.9048 78.26583 19.48354 193.0828 78.26583 -25.10753 195.9048 78.26583 19.48354 193.0828 78.26583 -25.10753 -193.5883 -64.9654 39.00844 -193.5883 -0.004799962 39.00844 -193.5883 0.3239354 39.00844 -193.5883 64.95584 39.00844 -193.5883 64.95584 39.00844 -193.5883 0.3239354 39.00844 -193.5883 -0.004799962 39.00844 -193.5883 -64.9654 39.00844 -111.6549 -78.74488 63.36049 192.3384 -78.74488 19.48354 -111.6549 -78.74488 63.36049 192.3384 -78.74488 19.48354 -181.5921 -76.89878 45.66347 -181.5921 -76.89878 45.66347 206.118 -64.9654 19.48354 206.118 64.95584 19.48354 206.118 64.95584 19.48354 206.118 -64.9654 19.48354 -183.3753 78.26583 -0.7635326 -183.3753 78.26583 -0.7635326 199.2283 76.88932 19.48354 196.3926 76.88932 -25.32139 199.2283 76.88932 19.48354 196.3926 76.88932 -25.32139 -193.5883 -64.9654 -51.49937 -193.5883 -0.004799962 -51.49937 -193.5883 0.3239354 -51.49937 -193.5883 64.95584 -51.49937 -193.5883 64.95584 -51.49937 -193.5883 0.3239354 -51.49937 -193.5883 -0.004799962 -51.49937 -193.5883 -64.9654 -51.49937 -180.7319 -78.2754 42.45351 -180.7319 -78.2754 42.45351 93.55706 -78.74488 -18.67149 189.5309 -78.74488 -24.87755 -73.80989 -78.74488 -7.848494 -160.3309 -78.74488 -2.253767 -179.8088 -78.74488 39.00844 -179.8088 -78.74488 39.00844 -160.3309 -78.74488 -2.253767 -73.80989 -78.74488 -7.848494 93.55706 -78.74488 -18.67149 189.5309 -78.74488 -24.87755 203.2543 64.95584 -25.76549 203.2543 -64.9654 -25.76549 203.2543 64.95584 -25.76549 203.2543 -64.9654 -25.76549 -186.6986 76.88932 -0.5484448 -186.6986 76.88932 39.00844 -186.6986 76.88932 39.00844 -186.6986 76.88932 -0.5484448 202.0821 74.69944 19.48354 199.2348 74.69944 -25.50548 202.0821 74.69944 19.48354 199.2348 74.69944 -25.50548 -193.1188 68.52218 39.00844 -193.1188 68.52218 -51.49937 -193.1188 68.52218 -51.49937 -193.1188 68.52218 39.00844 -193.1188 -68.53178 39.00844 -193.1188 -68.53178 -51.49937 -193.1188 -68.53178 39.00844 -193.1188 -68.53178 -51.49937 -181.3812 -78.538 -0.8924389 -181.3812 -78.538 -0.8924389 195.9048 -78.2754 19.48354 193.0828 -78.2754 -25.10753 195.9048 -78.2754 19.48354 193.0828 -78.2754 -25.10753 202.7867 -68.53178 -25.73546 205.6484 -68.53178 19.48354 202.7867 -68.53178 -25.73546 205.6484 -68.53178 19.48354 202.7867 68.52218 -25.73546 205.6484 68.52218 19.48354 205.6484 68.52218 19.48354 202.7867 68.52218 -25.73546 -189.5524 74.69944 39.00844 -187.9483 75.93038 -0.4673901 -189.5524 74.69944 -25.27354 -189.5524 74.69944 39.00844 -187.9483 75.93038 -0.4673901 -189.5524 74.69944 -25.27354 201.4158 71.84561 -25.64635 204.2718 71.84561 19.48354 201.4158 71.84561 -25.64635 204.2718 71.84561 19.48354 -191.7423 71.84561 39.00844 -191.7423 71.84561 -51.49937 -191.7423 71.84561 -51.49937 -191.7423 71.84561 39.00844 -191.7423 -71.8552 -51.49937 -191.7423 -71.8552 39.00844 -191.7423 -71.8552 -51.49937 -191.7423 -71.8552 39.00844 -183.3753 -78.2754 -0.7635326 -183.3753 -78.2754 39.00844 -183.3753 -78.2754 39.00844 -183.3753 -78.2754 -0.7635326 199.2283 -76.89878 19.48354 196.3926 -76.89878 -25.32139 199.2283 -76.89878 19.48354 196.3926 -76.89878 -25.32139 201.4158 -71.8552 -25.64635 204.2718 -71.8552 19.48354 201.4158 -71.8552 -25.64635 204.2718 -71.8552 19.48354 -189.9808 74.1412 -31.89757 -189.5524 74.69944 -51.49937 -189.5524 74.69944 -31.9254 -189.5524 74.69944 -31.9254 -189.9808 74.1412 -31.89757 -189.5524 74.69944 -51.49937 -189.5524 -74.70899 39.00844 -189.9808 -74.15081 -31.89757 -189.5524 -74.70899 -25.27354 -189.5524 -74.70899 -31.9254 -189.5524 -74.70899 -51.49937 -189.9808 -74.15081 -31.89757 -189.5524 -74.70899 -31.9254 -189.5524 -74.70899 -51.49937 -189.5524 -74.70899 39.00844 -189.5524 -74.70899 -25.27354 -186.6986 -76.89878 -0.5484448 -186.6986 -76.89878 39.00844 -186.6986 -76.89878 39.00844 -186.6986 -76.89878 -0.5484448 202.0821 -74.70899 19.48354 199.2348 -74.70899 -25.50548 202.0821 -74.70899 19.48354 199.2348 -74.70899 -25.50548 -186.6986 76.88932 -32.10948 -186.6986 76.88932 -51.49937 -186.6986 76.88932 -32.10948 -186.6986 76.88932 -51.49937 -186.6986 -76.89878 -32.10948 -186.6986 -76.89878 -51.49937 -186.6986 -76.89878 -32.10948 -186.6986 -76.89878 -51.49937 -187.9483 -75.93989 -0.4673901 -187.9483 -75.93989 -0.4673901 -183.3753 78.26583 -51.49937 -183.3753 78.26583 -32.32457 -183.3753 78.26583 -32.32457 -183.3753 78.26583 -51.49937 -183.3753 -78.2754 -32.32457 -183.3753 -78.2754 -51.49937 -183.3753 -78.2754 -32.32457 -183.3753 -78.2754 -51.49937 -145.9321 78.61161 -34.74644 -132.5335 78.73545 -61.13853 -145.9321 78.61161 -34.74644 -132.5335 78.73545 -61.13853 -182.6217 -78.37458 -32.37364 -182.6217 -78.37458 -32.37364 -128.2988 78.73545 -35.88658 -128.2988 78.73545 -35.88658 -183.3753 77.81228 -54.94444 -132.5335 78.26583 -64.70446 -183.3753 77.81228 -54.94444 -132.5335 78.26583 -64.70446 -144.9627 -78.74488 -34.80846 -132.5335 -78.74488 -61.13853 -144.9627 -78.74488 -34.80846 -132.5335 -78.74488 -61.13853 187.5416 78.73545 -56.31138 187.2361 78.73545 -61.13853 -75.84249 78.73545 -39.27843 91.52453 78.73545 -50.10142 91.52453 78.73545 -50.10142 -75.84249 78.73545 -39.27843 187.5416 78.73545 -56.31138 187.2361 78.73545 -61.13853 -183.3753 76.48263 -58.1544 -132.5335 76.88932 -68.02843 -183.3753 76.48263 -58.1544 -132.5335 76.88932 -68.02843 187.2361 78.26583 -64.70446 187.2361 78.26583 -64.70446 187.2361 -78.74488 -61.13853 91.52453 -78.74488 -50.10142 187.5416 -78.74488 -56.31138 -75.84249 -78.74488 -39.27843 -75.84249 -78.74488 -39.27843 91.52453 -78.74488 -50.10142 187.5416 -78.74488 -56.31138 187.2361 -78.74488 -61.13853 -183.3753 -77.82188 -54.94444 -132.5335 -78.2754 -64.70446 -183.3753 -77.82188 -54.94444 -132.5335 -78.2754 -64.70446 190.8025 78.26583 -61.13853 191.0935 78.26583 -56.54039 191.0935 78.26583 -56.54039 190.8025 78.26583 -61.13853 187.2361 76.88932 -68.02843 187.2361 76.88932 -68.02843 -183.3753 74.3674 -60.91148 -132.5335 74.69944 -70.88243 -183.3753 74.3674 -60.91148 -132.5335 74.69944 -70.88243 191.0935 -78.2754 -56.54039 190.8025 -78.2754 -61.13853 191.0935 -78.2754 -56.54039 190.8025 -78.2754 -61.13853 187.2361 -78.2754 -64.70446 187.2361 -78.2754 -64.70446 -183.3753 -76.49221 -58.1544 -132.5335 -76.89878 -68.02843 -183.3753 -76.49221 -58.1544 -132.5335 -76.89878 -68.02843 194.4034 76.88932 -56.7545 194.126 76.88932 -61.13853 194.4034 76.88932 -56.7545 194.126 76.88932 -61.13853 187.2361 74.69944 -70.88243 187.2361 74.69944 -70.88243 -183.3753 71.6108 -63.02647 -132.5335 71.84561 -73.07141 -132.5335 71.84561 -73.07141 -183.3753 71.6108 -63.02647 194.4034 -76.89878 -56.7545 194.126 -76.89878 -61.13853 194.4034 -76.89878 -56.7545 194.126 -76.89878 -61.13853 187.2361 -76.89878 -68.02843 187.2361 -76.89878 -68.02843 -183.3753 -74.37699 -60.91148 -132.5335 -74.70899 -70.88243 -183.3753 -74.37699 -60.91148 -132.5335 -74.70899 -70.88243 197.2455 74.69944 -56.93858 196.9797 74.69944 -61.13853 197.2455 74.69944 -56.93858 196.9797 74.69944 -61.13853 187.2361 71.84561 -73.07141 187.2361 71.84561 -73.07141 -132.5335 68.52218 -74.44835 -183.3753 68.40072 -64.35655 -132.5335 68.52218 -74.44835 -183.3753 68.40072 -64.35655 196.9797 -74.70899 -61.13853 197.2455 -74.70899 -56.93858 197.2455 -74.70899 -56.93858 196.9797 -74.70899 -61.13853 187.2361 -74.70899 -70.88243 187.2361 -74.70899 -70.88243 -183.3753 -71.6204 -63.02647 -132.5335 -71.8552 -73.07141 -132.5335 -71.8552 -73.07141 -183.3753 -71.6204 -63.02647 199.1695 71.84561 -61.13853 199.4264 71.84561 -57.07945 199.1695 71.84561 -61.13853 199.4264 71.84561 -57.07945 187.2361 68.52218 -74.44835 187.2361 68.52218 -74.44835 -183.3753 64.95584 -64.80944 -132.5335 64.95584 -74.91735 -132.5335 64.95584 -74.91735 -183.3753 64.95584 -64.80944 199.4264 -71.8552 -57.07945 199.1695 -71.8552 -61.13853 199.1695 -71.8552 -61.13853 199.4264 -71.8552 -57.07945 187.2361 -71.8552 -73.07141 187.2361 -71.8552 -73.07141 -132.5335 -68.53178 -74.44835 -183.3753 -68.4103 -64.35655 -132.5335 -68.53178 -74.44835 -183.3753 -68.4103 -64.35655 200.5461 68.52218 -61.13853 200.7974 68.52218 -57.16856 200.5461 68.52218 -61.13853 200.7974 68.52218 -57.16856 -66.66004 64.95584 -74.91735 -23.32185 64.95584 -74.91735 187.2361 64.95584 -74.91735 187.2361 64.95584 -74.91735 -23.32185 64.95584 -74.91735 -66.66004 64.95584 -74.91735 -183.3753 -64.9654 -64.80944 -132.5335 -64.9654 -74.91735 -132.5335 -64.9654 -74.91735 -183.3753 -64.9654 -64.80944 200.7974 -68.53178 -57.16856 200.5461 -68.53178 -61.13853 200.5461 -68.53178 -61.13853 200.7974 -68.53178 -57.16856 187.2361 -68.53178 -74.44835 187.2361 -68.53178 -74.44835 201.2651 64.95584 -57.19835 201.0156 64.95584 -61.13853 201.2651 64.95584 -57.19835 201.0156 64.95584 -61.13853 -10.54212 59.66231 -74.91735 3.727041 48.71322 -74.91735 14.67614 34.44399 -74.91735 21.55907 17.82723 -74.91735 23.90667 -0.004799962 -74.91735 187.2361 -64.9654 -74.91735 -10.54212 -59.67188 -74.91735 -23.32185 -64.9654 -74.91735 3.727041 -48.72278 -74.91735 14.67614 -34.45359 -74.91735 21.55907 -17.83677 -74.91735 23.90667 -0.004799962 -74.91735 21.55907 -17.83677 -74.91735 187.2361 -64.9654 -74.91735 14.67614 -34.45359 -74.91735 3.727041 -48.72278 -74.91735 -10.54212 -59.67188 -74.91735 -23.32185 -64.9654 -74.91735 21.55907 17.82723 -74.91735 14.67614 34.44399 -74.91735 3.727041 48.71322 -74.91735 -10.54212 59.66231 -74.91735 -111.5409 17.82723 -74.91735 -113.8886 -0.004799962 -74.91735 -104.658 34.44399 -74.91735 -93.70893 48.71322 -74.91735 -79.43978 59.66231 -74.91735 -79.43978 -59.67188 -74.91735 -66.66004 -64.9654 -74.91735 -93.70893 -48.72278 -74.91735 -104.658 -34.45359 -74.91735 -111.5409 -17.83677 -74.91735 -113.8886 -0.004799962 -74.91735 -111.5409 -17.83677 -74.91735 -104.658 -34.45359 -74.91735 -93.70893 -48.72278 -74.91735 -79.43978 -59.67188 -74.91735 -66.66004 -64.9654 -74.91735 -79.43978 59.66231 -74.91735 -93.70893 48.71322 -74.91735 -104.658 34.44399 -74.91735 -111.5409 17.82723 -74.91735 201.2651 -64.9654 -57.19835 201.0156 -64.9654 -61.13853 201.0156 -64.9654 -61.13853 201.2651 -64.9654 -57.19835 190.8025 -64.9654 -74.44835 190.8025 64.95584 -74.44835 190.8025 64.95584 -74.44835 190.8025 -64.9654 -74.44835 200.5461 -64.9654 -64.70446 200.5461 64.95584 -64.70446 200.5461 64.95584 -64.70446 200.5461 -64.9654 -64.70446 194.126 64.95584 -73.07141 194.126 -64.9654 -73.07141 194.126 -64.9654 -73.07141 194.126 64.95584 -73.07141 199.1695 -64.9654 -68.02843 199.1695 64.95584 -68.02843 199.1695 64.95584 -68.02843 199.1695 -64.9654 -68.02843 196.9797 64.95584 -70.88243 196.9797 -64.9654 -70.88243 196.9797 -64.9654 -70.88243 196.9797 64.95584 -70.88243</float_array>
          <technique_common>
            <accessor source="#ID178-mesh-positions-array" count="486" stride="3">
              <param name="X" type="float"/>
              <param name="Y" type="float"/>
              <param name="Z" type="float"/>
            </accessor>
          </technique_common>
        </source>
        <source id="ID178-mesh-normals">
          <float_array id="ID178-mesh-normals-array" count="603">0.1386464 0.04351961 0.9893854 -0.09049063 0.2530992 0.9631991 -0.09369319 0.06442552 0.9935145 0.1379474 0.2592924 0.9558964 -0.08307385 0.4902639 0.8676059 0.1236023 0.5013065 0.8563961 -0.3453226 0.04199415 0.9375441 -0.3166933 0.252024 0.914434 0.1386464 -0.04351961 0.9893854 -0.09375351 -0.06445556 0.9935068 -0.285756 0.4906348 0.8231775 -0.07062089 0.6958634 0.7146936 0.1006533 0.7095175 0.6974624 -0.3454444 -0.04370313 0.9374211 0.1379474 -0.2592924 0.9558964 -0.09076362 -0.253186 0.9631505 0.2587737 0 0.965938 -0.23509 0.7006313 0.6736828 -0.05325579 0.8564268 0.5135143 0.0706821 0.8689993 0.4897391 -0.5000615 0 0.8659899 -0.3159984 -0.2595679 0.9125621 0.1236023 -0.5013065 0.8563961 -0.08328658 -0.4901365 0.8676576 0.4999665 0 0.8660449 -0.1668497 0.8654087 0.4724712 -0.03158724 0.9604674 0.2765948 0.03570681 0.9682359 0.247476 -0.707061 0 0.7071526 -0.2842555 -0.5010637 0.8173947 0.1006533 -0.7095175 0.6974624 -0.07049942 -0.6958385 0.7147299 0.7071526 0 0.707061 -0.08536303 0.9689023 0.2322533 -0.01138365 0.9970943 0.07532149 0.05111992 0.9980141 0.03680634 -0.8660107 0 0.5000254 -0.05279844 -0.8563427 0.5137019 0.0706821 -0.8689993 0.4897391 0.8660317 0 0.4999893 -0.1463384 0.9886009 0.03540199 0 1 0 0.06546306 0.9978466 -0.004120051 -0.003692805 0.9999931 6.10385e-4 -0.965938 0 0.2587737 -0.233137 -0.7089636 0.6655957 -0.03027462 -0.9603962 0.2769886 0.03570681 -0.9682359 0.247476 0.9659227 0 0.2588307 -0.007690668 0.9999702 7.62963e-4 0.2636567 0.9644727 -0.01666355 0.2588627 0.9657757 -0.01635819 -0.9980909 -0.04367256 0.04367256 -0.997859 0 0.06540286 -0.9980909 0.04367256 0.04367256 -0.00891149 -0.9971127 0.07541215 0.05111992 -0.9980141 0.03680634 -0.1651382 -0.8679599 0.4683749 0.9990512 -0.04352056 0.001678526 0.9990512 0.04352056 0.001678526 -0.1920883 0.9813777 0 0.5036532 0.8633183 -0.03186172 0.4998134 0.8655559 -0.03161787 -0.997861 -0.06537246 0 -1 0 0 -0.997861 0.06537246 0 -0.08484214 -0.967323 0.2389314 0 -1 0 0.06543266 -0.9978485 -0.004120051 -0.003418147 -0.9999929 -0.001617491 -0.05450659 -0.9978439 0.03656154 0.9958768 0.06525033 -0.06302243 0.9958768 -0.06525033 -0.06302243 -0.4959582 0.8683465 0 -0.5000025 0.866024 0 0.7090147 0.7037654 -0.04486274 0.7064312 0.7063701 -0.04468029 -0.9659304 0.2588022 0 -0.9659304 -0.2588022 0 -0.06952244 -0.9975774 -0.002411007 0.2636567 -0.9644727 -0.01666355 0.2588627 -0.9657757 -0.01635819 0.9641327 -0.2583146 -0.06100791 0.9644747 -0.2570345 -0.06100827 0.9641327 0.2583146 -0.06100791 0.9644728 0.2570341 -0.06103867 -0.7071068 0.7071068 0 -0.6087679 0.7933484 0 -0.7891978 0.6141393 0 0.8647441 0.4992229 -0.0547198 0.8660365 0.4969707 -0.05478149 -0.8660317 0.4999893 0 -0.8660317 -0.4999893 0 -0.2538293 -0.967249 0 -0.2588022 -0.9659304 0 0.5036532 -0.8633183 -0.03186172 0.4998134 -0.8655559 -0.03161787 0.8647363 -0.4992361 -0.05472123 0.8660365 -0.4969707 -0.05478149 -0.7933484 0.6087679 0 -0.7097874 0.704416 0 -0.7071068 -0.7071068 0 -0.7933223 -0.6088019 0 -0.7891714 -0.614173 0 -0.709757 -0.7044467 0 -0.4959713 -0.868339 0 -0.5000025 -0.866024 0 0.7089994 -0.7037805 -0.0448637 0.7064312 -0.7063701 -0.04468029 -0.5040228 0.8636904 0 -0.5040228 -0.8636904 0 -0.6087679 -0.7933484 0 -0.1433472 0.9889037 -0.03900313 -0.2071316 0.9783132 0 -0.2638404 -0.9645664 0 -0.1446911 -0.9886365 -0.04077351 -0.008453786 0.9999642 3.66231e-4 -0.01153612 0.9975392 -0.06915569 -0.07138347 -0.9974462 -0.002349913 -0.003235042 0.9999946 5.18828e-4 -0.05542236 0.9682443 -0.2437854 -0.03036636 0.9635444 -0.2658201 -0.006683528 -0.9999728 -0.00314337 -0.01098686 -0.9974879 -0.06998038 0.06534153 0.9978545 -0.004120051 0.04190319 0.998047 -0.04632848 0 0.9992415 0.03894174 -0.1012309 0.8682914 -0.4856157 -0.05264514 0.8615499 -0.504936 0 0.9659304 -0.2588022 0.04190194 -0.9980486 -0.04629665 0.06534153 -0.9978545 -0.004120051 0 0.9948006 0.1018422 -0.05542236 -0.9682443 -0.2437854 -0.03036636 -0.9635444 -0.2658201 0.2538551 0.9671091 -0.01605284 0.2586481 0.9658332 -0.01635813 0 0.8660449 -0.4999665 -0.1403575 0.7078915 -0.6922352 -0.07138377 0.7014777 -0.7091075 0.2586481 -0.9658332 -0.01635813 0.2538551 -0.9671091 -0.01605284 0 -0.965938 -0.2587737 -0.1012309 -0.8682914 -0.4856157 -0.05264651 -0.8615421 -0.5049493 0.4996237 0.8656665 -0.03158694 0.4957867 0.8678785 -0.03134334 0 0.7070457 -0.7071678 -0.1701447 0.4994472 -0.8494724 -0.08548456 0.4949012 -0.8647342 0.4996237 -0.8656665 -0.03158694 0.4957867 -0.8678785 -0.03134334 0 -0.8660449 -0.4999665 -0.1403575 -0.7078915 -0.6922352 -0.07138377 -0.7014777 -0.7091075 0.7063396 0.7064617 -0.04468029 0.703776 0.7090253 -0.0445277 0 0.4999665 -0.8660449 -0.09421133 0.2557777 -0.9621341 -0.1887012 0.2580108 -0.9475349 0.703776 -0.7090253 -0.0445277 0.7063091 -0.7064922 -0.04468029 0 -0.707061 -0.7071526 -0.1701447 -0.4994472 -0.8494724 -0.08548456 -0.4949012 -0.8647342 0.8634185 0.501522 -0.05462932 0.8646891 0.499318 -0.05472016 0 0.2587737 -0.965938 -0.1945915 0.06457895 -0.9787563 -0.09735471 0.06476074 -0.9931405 0.8646815 -0.4993312 -0.05472165 0.8634185 -0.501522 -0.05462932 0 -0.4999665 -0.8660449 -0.09421133 -0.2557777 -0.9621341 -0.1887012 -0.2580108 -0.9475349 0.9637715 0.2596589 -0.06100821 0.9641153 0.2583792 -0.06100875 0 0.1159735 -0.9932524 0.04361176 0.04361176 -0.9980962 -0.1945915 -0.06457895 -0.9787563 -0.09735471 -0.06476074 -0.9931405 0.9641153 -0.2583792 -0.06100875 0.9637715 -0.2596589 -0.06100821 0 -0.2587737 -0.965938 0.9958729 0.06528061 -0.06305271 0.9953715 0.04367244 -0.08560526 0 0 -1 0.04361176 -0.04361176 -0.9980962 0 -0.1159735 -0.9932524 0.9958729 -0.06528061 -0.06305271 0.9953715 -0.04367244 -0.08560526 0.2587737 0 -0.965938 0.965938 0 -0.2587737 0.4999665 0 -0.8660449 0.8660449 0 -0.4999665 0.707061 0 -0.7071526 0.8647363 0.4992361 -0.05472123 0.7064159 -0.7063854 -0.04467934 0 0.9986516 0.05191326 0.8646891 -0.499318 -0.05472016 -0.1945621 -0.06457936 -0.9787621</float_array>
          <technique_common>
            <accessor source="#ID178-mesh-normals-array" count="201" stride="3">
              <param name="X" type="float"/>
              <param name="Y" type="float"/>
              <param name="Z" type="float"/>
            </accessor>
          </technique_common>
        </source>
        <vertices id="ID178-mesh-vertices">
          <input semantic="POSITION" source="#ID178-mesh-positions"/>
        </vertices>
        <triangles material="Color_000-material" count="287">
          <input semantic="VERTEX" source="#ID178-mesh-vertices" offset="0"/>
          <input semantic="NORMAL" source="#ID178-mesh-normals" offset="1"/>
          <p>4 3 6 1 5 0 7 2 5 0 6 1 10 5 11 4 4 3 6 1 4 3 11 4 7 2 6 1 14 6 15 7 14 6 6 1 5 0 7 2 18 8 19 9 18 8 7 2 11 4 21 10 6 1 15 7 6 1 21 10 24 12 25 11 10 5 11 4 10 5 25 11 19 9 7 2 27 13 14 6 27 13 7 2 18 8 19 9 30 14 31 15 30 14 19 9 34 16 5 0 35 16 18 8 35 16 5 0 11 4 25 11 21 10 37 17 21 10 25 11 25 11 24 12 40 18 41 19 40 18 24 12 27 13 14 6 44 20 45 20 44 20 14 6 47 21 19 9 27 13 30 14 31 15 50 22 51 23 50 22 31 15 31 15 19 9 47 21 54 24 34 16 55 24 35 16 55 24 34 16 25 11 40 18 37 17 57 25 37 17 40 18 40 18 41 19 60 26 61 27 60 26 41 19 44 20 45 20 64 28 65 28 64 28 45 20 51 23 31 15 67 29 50 22 51 23 70 30 71 31 70 30 51 23 67 29 31 15 47 21 74 32 75 32 55 24 54 24 55 24 75 32 40 18 60 26 57 25 77 33 57 25 60 26 60 26 61 27 80 34 81 35 80 34 61 27 65 28 84 36 64 28 85 36 64 28 84 36 71 31 51 23 67 29 71 31 88 37 70 30 89 38 70 30 88 37 75 32 74 32 92 39 93 39 92 39 74 32 60 26 80 34 77 33 95 40 77 33 80 34 80 34 81 35 100 43 100 43 81 35 101 41 101 41 81 35 102 41 103 42 102 41 81 35 106 44 107 44 84 36 85 36 84 36 107 44 109 45 71 31 67 29 88 37 112 46 89 38 113 47 89 38 112 46 88 37 71 31 109 45 116 48 92 39 117 48 93 39 117 48 92 39 95 40 80 34 119 49 100 43 119 49 80 34 81 35 122 50 103 42 123 51 103 42 122 50 128 54 129 53 106 44 129 53 130 53 106 44 130 53 131 52 106 44 107 44 106 44 131 52 112 46 134 55 113 47 135 56 113 47 134 55 112 46 88 37 137 57 137 57 88 37 109 45 140 59 116 48 141 58 117 48 141 58 116 48 143 60 95 40 119 49 122 50 146 61 123 51 147 62 123 51 146 61 128 54 152 65 129 53 152 65 153 64 129 53 129 53 153 64 130 53 153 64 154 64 130 53 154 64 155 63 130 53 131 52 130 53 155 63 134 55 112 46 157 66 134 55 163 70 135 56 163 70 164 69 135 56 164 69 165 67 135 56 165 67 166 67 135 56 167 68 135 56 166 67 157 66 112 46 137 57 140 59 141 58 170 71 171 72 170 71 141 58 174 74 95 40 175 73 143 60 175 73 95 40 146 61 178 75 147 62 179 76 147 62 178 75 182 77 152 65 183 77 128 54 183 77 152 65 131 52 155 63 186 78 187 78 186 78 155 63 163 70 134 55 157 66 164 69 163 70 189 79 135 56 167 68 192 80 193 81 192 80 167 68 171 72 141 58 196 82 197 83 196 82 141 58 200 85 140 59 201 84 170 71 201 84 140 59 205 86 174 74 206 87 175 73 206 87 174 74 207 88 205 86 206 87 179 76 178 75 210 196 211 90 210 196 178 75 214 91 182 77 215 91 183 77 215 91 182 77 187 78 218 92 186 78 219 92 186 78 218 92 222 94 223 93 163 70 189 79 163 70 223 93 192 80 193 81 226 95 227 96 226 95 193 81 196 82 197 83 230 97 231 98 230 97 197 83 210 196 211 90 201 84 200 85 201 84 211 90 235 100 237 86 236 99 214 91 236 99 237 86 207 88 236 99 205 86 236 99 214 91 205 86 215 91 205 86 214 91 219 92 218 92 243 102 243 102 218 92 244 104 245 101 244 104 218 92 219 92 243 102 246 101 247 103 246 101 243 102 250 106 251 105 222 94 223 93 222 94 251 105 226 95 227 96 254 107 255 197 254 107 227 96 230 97 231 98 255 197 254 107 255 197 231 98 235 100 258 109 237 86 259 74 237 86 258 109 244 104 245 101 262 110 263 106 262 110 245 101 250 106 246 101 265 111 247 103 265 111 246 101 251 105 250 106 265 111 268 113 269 112 258 109 259 74 258 109 269 112 262 110 263 106 272 114 273 115 272 114 263 106 268 113 276 116 269 112 277 117 269 112 276 116 279 118 272 114 273 115 277 117 276 116 281 119 269 112 277 117 284 120 285 121 284 120 277 117 279 118 273 115 288 122 289 123 288 122 273 115 294 198 296 124 295 41 281 119 295 41 277 117 295 41 296 124 277 117 297 125 277 117 296 124 284 120 285 121 300 127 301 128 300 127 285 121 277 117 297 125 285 121 303 129 285 121 297 125 308 132 288 122 309 67 310 131 309 67 311 130 309 67 288 122 311 130 289 123 311 130 288 122 273 115 314 133 289 123 315 134 289 123 314 133 318 136 319 135 296 124 297 125 296 124 319 135 285 121 303 129 301 128 321 137 301 128 303 129 300 127 301 128 324 138 325 139 324 138 301 128 310 131 311 130 328 140 329 141 328 140 311 130 311 130 289 123 331 142 315 134 331 142 289 123 314 133 334 143 315 134 335 144 315 134 334 143 318 136 338 145 319 135 339 146 319 135 338 145 301 128 321 137 325 139 341 147 325 139 321 137 344 149 345 148 325 139 324 138 325 139 345 148 328 140 329 141 348 150 349 151 348 150 329 141 331 142 315 134 351 152 335 144 351 152 315 134 334 143 354 153 335 144 355 154 335 144 354 153 338 145 358 155 339 146 359 156 339 146 358 155 361 157 344 149 341 147 325 139 341 147 344 149 344 149 364 158 345 148 365 159 345 148 364 158 368 161 348 150 369 160 349 151 369 160 348 150 351 152 335 144 371 162 355 154 371 162 335 144 374 164 355 154 375 163 354 153 375 163 355 154 359 156 358 155 378 165 379 166 378 165 358 155 361 157 381 167 344 149 364 158 344 149 381 167 384 169 385 168 364 158 365 159 364 158 385 168 388 171 389 199 369 160 368 161 369 160 389 199 371 162 355 154 391 172 374 164 391 172 355 154 374 164 375 163 394 173 395 174 394 173 375 163 378 165 379 166 398 175 399 176 398 175 379 166 403 178 404 177 381 167 404 177 405 177 381 167 405 177 384 169 381 167 364 158 381 167 384 169 408 180 409 200 384 169 385 168 384 169 409 200 412 182 413 181 388 171 389 199 388 171 413 181 391 172 374 164 415 183 394 173 415 183 374 164 408 180 394 173 409 200 395 174 409 200 394 173 399 176 418 184 398 175 419 185 398 175 418 184 431 186 433 187 432 186 432 186 433 187 434 186 434 186 433 187 435 186 435 186 433 187 436 186 437 188 436 186 433 187 433 187 431 186 403 178 431 186 438 186 403 178 438 186 439 186 403 178 439 186 440 186 403 178 440 186 441 186 403 178 404 177 403 178 441 186 452 186 453 186 384 169 384 169 453 186 408 180 453 186 454 186 408 180 454 186 455 186 408 180 455 186 456 186 408 180 457 188 408 180 456 186 405 177 458 186 384 169 458 186 459 186 384 169 459 186 460 186 384 169 460 186 461 186 384 169 452 186 384 169 461 186 464 190 465 189 412 182 413 181 412 182 465 189 433 187 415 183 437 188 437 188 415 183 457 188 415 183 394 173 457 188 408 180 457 188 394 173 418 184 465 189 419 185 464 190 419 185 465 189 468 191 469 191 403 178 433 187 403 178 469 191 472 192 419 185 473 192 464 190 473 192 419 185 476 193 469 191 477 193 468 191 477 193 469 191 480 194 472 192 481 194 473 192 481 194 472 192 484 195 476 193 485 195 477 193 485 195 476 193 480 194 481 194 485 195 484 195 485 195 481 194</p>
        </triangles>
        <triangles material="__LightGray_-material" count="287">
          <input semantic="VERTEX" source="#ID178-mesh-vertices" offset="0"/>
          <input semantic="NORMAL" source="#ID178-mesh-normals" offset="1"/>
          <p>0 0 1 1 2 2 1 1 0 0 3 3 3 3 8 4 1 1 8 4 3 3 9 5 12 6 1 1 13 7 1 1 12 6 2 2 16 8 2 2 17 9 2 2 16 8 0 0 1 1 20 10 13 7 20 10 1 1 8 4 9 5 22 11 8 4 22 11 9 5 23 12 26 13 2 2 12 6 2 2 26 13 17 9 28 14 17 9 29 15 17 9 28 14 16 8 32 16 0 0 16 8 0 0 32 16 33 16 20 10 22 11 36 17 22 11 20 10 8 4 38 18 23 12 39 19 23 12 38 18 22 11 42 20 12 6 43 20 12 6 42 20 26 13 17 9 26 13 46 21 48 22 29 15 49 23 29 15 48 22 28 14 17 9 46 21 29 15 52 24 33 16 32 16 33 16 52 24 53 24 36 17 38 18 56 25 38 18 36 17 22 11 58 26 39 19 59 27 39 19 58 26 38 18 62 28 43 20 63 28 43 20 62 28 42 20 29 15 66 29 49 23 68 30 49 23 69 31 49 23 68 30 48 22 29 15 46 21 66 29 52 24 72 32 53 24 72 32 52 24 73 32 56 25 58 26 76 33 58 26 56 25 38 18 78 34 59 27 79 35 59 27 78 34 58 26 62 28 82 36 83 36 82 36 62 28 63 28 49 23 66 29 69 31 68 30 86 37 87 38 86 37 68 30 69 31 90 39 73 32 91 39 73 32 90 39 72 32 76 33 78 34 94 40 78 34 76 33 58 26 96 41 79 35 97 42 79 35 96 41 98 41 79 35 98 41 99 43 79 35 99 43 78 34 82 36 104 44 83 36 104 44 82 36 105 44 69 31 66 29 108 45 87 38 110 46 111 47 110 46 87 38 86 37 69 31 108 45 86 37 114 48 90 39 91 39 90 39 114 48 115 48 118 49 78 34 99 43 78 34 118 49 94 40 97 42 120 50 121 51 120 50 97 42 79 35 105 44 124 52 104 44 124 52 105 44 125 53 125 53 105 44 126 53 126 53 105 44 127 54 111 47 132 55 133 56 132 55 111 47 110 46 86 37 136 57 110 46 86 37 108 45 136 57 138 58 115 48 114 48 115 48 138 58 139 59 94 40 118 49 142 60 121 51 144 61 145 62 144 61 121 51 120 50 125 53 148 63 124 52 148 63 125 53 149 64 149 64 125 53 150 64 150 64 125 53 126 53 150 64 126 53 151 65 151 65 126 53 127 54 110 46 156 66 132 55 133 56 158 67 159 68 158 67 133 56 160 67 160 67 133 56 161 69 161 69 133 56 162 70 162 70 133 56 132 55 110 46 136 57 156 66 168 71 138 58 169 72 138 58 168 71 139 59 172 73 94 40 142 60 94 40 172 73 173 74 145 62 176 75 177 76 176 75 145 62 144 61 180 77 151 65 127 54 151 65 180 77 181 77 184 78 148 63 185 78 148 63 184 78 124 52 132 55 156 66 162 70 162 70 188 79 161 69 190 80 159 68 191 81 159 68 190 80 133 56 194 82 138 58 195 83 138 58 194 82 169 72 198 84 139 59 168 71 139 59 198 84 199 85 202 86 203 87 204 88 203 87 173 74 172 73 173 74 203 87 202 86 208 89 176 75 209 90 176 75 208 89 177 76 212 91 181 77 180 77 181 77 212 91 213 91 184 78 216 92 217 92 216 92 184 78 185 78 162 70 220 93 188 79 220 93 162 70 221 94 224 95 191 81 225 96 191 81 224 95 190 80 228 97 195 83 229 98 195 83 228 97 194 82 198 84 209 90 199 85 209 90 198 84 208 89 202 86 213 91 212 91 213 91 202 86 232 99 232 99 202 86 204 88 232 99 233 86 213 91 233 86 232 99 234 100 238 101 239 102 240 103 239 102 238 101 217 92 241 104 216 92 242 101 216 92 241 104 239 102 216 92 239 102 217 92 221 94 248 105 220 93 248 105 221 94 249 106 252 107 225 96 253 108 225 96 252 107 224 95 253 108 229 98 252 107 229 98 253 108 228 97 233 86 256 109 257 74 256 109 233 86 234 100 260 110 242 101 261 106 242 101 260 110 241 104 249 106 264 111 248 105 264 111 238 101 240 103 238 101 264 111 249 106 256 109 266 112 257 74 266 112 256 109 267 113 270 114 261 106 271 115 261 106 270 114 260 110 266 112 274 116 275 117 274 116 266 112 267 113 270 114 271 115 278 118 274 116 280 119 275 117 282 120 275 117 283 121 275 117 282 120 266 112 286 122 271 115 287 123 271 115 286 122 278 118 275 117 290 124 291 125 290 124 275 117 292 41 292 41 275 117 280 119 290 124 292 41 293 126 298 127 283 121 299 128 283 121 298 127 282 120 283 121 291 125 302 129 291 125 283 121 275 117 304 130 286 122 287 123 286 122 304 130 305 67 305 67 304 130 306 131 286 122 305 67 307 132 287 123 312 133 313 134 312 133 287 123 271 115 290 124 316 135 291 125 316 135 290 124 317 136 299 128 302 129 320 137 302 129 299 128 283 121 322 138 299 128 323 139 299 128 322 138 298 127 326 140 304 130 327 141 304 130 326 140 306 131 330 142 287 123 313 134 287 123 330 142 304 130 313 134 332 143 333 144 332 143 313 134 312 133 316 135 336 145 337 146 336 145 316 135 317 136 323 139 320 137 340 147 320 137 323 139 299 128 323 139 342 148 322 138 342 148 323 139 343 149 346 150 327 141 347 151 327 141 346 150 326 140 350 152 313 134 333 144 313 134 350 152 330 142 333 144 352 153 353 154 352 153 333 144 332 143 337 146 356 155 357 156 356 155 337 146 336 145 340 147 343 149 323 139 343 149 340 147 360 157 342 148 362 158 363 159 362 158 342 148 343 149 366 160 346 150 347 151 346 150 366 160 367 161 370 162 333 144 353 154 333 144 370 162 350 152 372 163 353 154 352 153 353 154 372 163 373 164 376 165 356 155 377 166 356 155 376 165 357 156 343 149 380 167 362 158 380 167 343 149 360 157 362 158 382 168 363 159 382 168 362 158 383 169 366 160 386 170 367 161 386 170 366 160 387 171 390 172 353 154 373 164 353 154 390 172 370 162 392 173 372 163 393 174 372 163 392 173 373 164 396 175 377 166 397 176 377 166 396 175 376 165 380 167 383 169 362 158 383 169 380 167 400 177 400 177 380 167 401 177 401 177 380 167 402 178 383 169 406 179 382 168 406 179 383 169 407 180 387 171 410 181 386 170 410 181 387 171 411 182 414 183 373 164 392 173 373 164 414 183 390 172 406 179 392 173 393 174 392 173 406 179 407 180 396 175 416 184 417 185 416 184 396 175 397 176 402 178 420 186 401 177 420 186 402 178 421 186 421 186 402 178 422 186 422 186 402 178 423 186 423 186 402 178 424 186 424 186 402 178 425 187 426 186 425 187 427 188 425 187 426 186 428 186 425 187 428 186 429 186 425 187 429 186 430 186 425 187 430 186 424 186 383 169 442 186 443 186 442 186 383 169 444 186 444 186 383 169 445 186 445 186 383 169 446 186 446 186 383 169 400 177 407 180 447 186 448 188 447 186 407 180 449 186 449 186 407 180 450 186 450 186 407 180 451 186 451 186 407 180 383 169 451 186 383 169 443 186 411 182 462 189 410 181 462 189 411 182 463 190 448 188 392 173 407 180 392 173 448 188 414 183 414 183 448 188 427 188 414 183 427 188 425 187 417 185 462 189 463 190 462 189 417 185 416 184 402 178 466 191 425 187 466 191 402 178 467 191 470 192 417 185 463 190 417 185 470 192 471 192 474 193 466 191 467 191 466 191 474 193 475 193 478 194 471 192 470 192 471 192 478 194 479 194 482 195 475 193 474 193 475 193 482 195 483 195 482 195 478 194 483 195 478 194 482 195 479 194</p>
        </triangles>
      </mesh>
    </geometry>
    <geometry id="ID184-mesh" name="ID184">
      <mesh>
        <source id="ID184-mesh-positions">
          <float_array id="ID184-mesh-positions-array" count="258">-1.944513 1.94454 -5.092649 -1.944513 -1.621866 -2.903685 -3.371393 0.8496613 -5.092649 0.0734921 -0.07346493 -2.903685 0.0734921 -0.07346493 -2.903685 -1.944513 1.94454 -5.092649 -1.944513 -1.621866 -2.903685 -3.371393 0.8496613 -5.092649 -4.29455 -2.595254 -2.903685 -5.033136 0.1613373 -5.092649 -4.29455 -2.595254 -2.903685 -5.033136 0.1613373 -5.092649 -4.29455 4.294547 -6.469603 -5.033136 3.727744 -6.469603 -4.29455 4.294547 -6.469603 -5.033136 3.727744 -6.469603 -0.8496036 3.371451 -5.092649 1.621893 1.94454 -2.903685 1.621893 1.94454 -2.903685 -0.8496036 3.371451 -5.092649 -0.8496036 -3.51835 -0.04968082 1.621893 -1.621866 -0.04968082 1.621893 -1.621866 -0.04968082 -0.8496036 -3.51835 -0.04968082 -6.816339 -2.927255 -2.903685 -6.816339 -0.07346493 -5.092649 -6.816339 -2.927255 -2.903685 -6.816339 -0.07346493 -5.092649 -5.893244 3.371451 -6.469603 -5.893244 3.371451 -6.469603 -3.727716 -4.710458 -0.04968082 -3.727716 -4.710458 -0.04968082 -6.816339 6.816336 -6.938597 -6.816339 6.816336 -6.938597 -3.727716 5.033133 -6.469603 -3.727716 5.033133 -6.469603 -0.1613101 5.033133 -5.092649 2.595282 4.294547 -2.903685 2.595282 4.294547 -2.903685 -0.1613101 5.033133 -5.092649 3.518377 0.8496613 -0.04968082 3.518377 0.8496613 -0.04968082 -0.1613101 -4.710458 3.274294 2.595282 -2.595254 3.274294 2.595282 -2.595254 3.274294 -0.1613101 -4.710458 3.274294 -6.816339 -5.117044 -0.04968082 -6.816339 -5.117044 -0.04968082 -6.816339 3.24996 -6.469603 -6.816339 3.24996 -6.469603 -3.371393 -6.04014 3.274294 -3.371393 -6.04014 3.274294 -3.371393 5.893271 -6.469603 -3.371393 5.893271 -6.469603 0.0734921 6.816336 -5.092649 2.927252 6.816336 -2.903685 2.927252 6.816336 -2.903685 0.0734921 6.816336 -5.092649 4.710455 3.727744 -0.04968082 4.710455 3.727744 -0.04968082 4.710455 0.1613373 3.274294 4.710455 0.1613373 3.274294 0.0734921 -5.117044 6.840212 2.927252 -2.927255 6.840212 2.927252 -2.927255 6.840212 0.0734921 -5.117044 6.840212 -6.816339 -6.493661 3.274294 -6.816339 -6.493661 3.274294 -3.249933 -6.493661 6.840212 -3.249933 -6.493661 6.840212 -3.249933 6.816336 -6.469603 -3.249933 6.816336 -6.469603 5.117071 6.816336 -0.04968082 5.117071 6.816336 -0.04968082 6.040167 3.371451 3.274294 6.040167 3.371451 3.274294 5.117071 -0.07346493 6.840212 5.117071 -0.07346493 6.840212 -6.816339 -6.963144 6.840212 -6.816339 -6.963144 6.840212 6.493658 6.816336 3.274294 6.493658 6.816336 3.274294 6.493658 3.24996 6.840212 6.493658 3.24996 6.840212 6.96314 6.816336 6.840212 6.96314 6.816336 6.840212</float_array>
          <technique_common>
            <accessor source="#ID184-mesh-positions-array" count="86" stride="3">
              <param name="X" type="float"/>
              <param name="Y" type="float"/>
              <param name="Z" type="float"/>
            </accessor>
          </technique_common>
        </source>
        <source id="ID184-mesh-normals">
          <float_array id="ID184-mesh-normals-array" count="258">0.359215 -0.359215 -0.861353 0.3561828 -0.6169643 -0.7017756 0.2540143 -0.4399394 -0.8613536 0.5037518 -0.5037518 -0.701761 -0.5037518 0.5037518 0.701761 -0.359215 0.359215 0.861353 -0.3561828 0.6169643 0.7017756 -0.2540143 0.4399394 0.8613536 0.1843702 -0.6881301 -0.7017725 0.1314784 -0.4906943 -0.861355 -0.1843702 0.6881301 0.7017725 -0.1314784 0.4906943 0.861355 0.1901023 -0.1901329 -0.9631774 0.1344354 -0.2328585 -0.9631739 -0.1901023 0.1901329 0.9631774 -0.1344354 0.2328585 0.9631739 0.4399394 -0.2540143 -0.8613536 0.6169776 -0.3561904 -0.7017601 -0.6169776 0.3561904 0.7017601 -0.4399394 0.2540143 0.8613536 0.4343544 -0.7523378 -0.495302 0.6142947 -0.6142642 -0.4952995 -0.6142947 0.6142642 0.4952995 -0.4343544 0.7523378 0.495302 0.0933578 -0.7092937 -0.6987036 0.06671512 -0.5068945 -0.8594226 -0.0933578 0.7092937 0.6987036 -0.06671512 0.5068945 0.8594226 0.06958299 -0.2597154 -0.9631751 -0.06958299 0.2597154 0.9631751 0.2248025 -0.8391184 -0.4953224 -0.2248025 0.8391184 0.4953224 0.08407986 -0.08407986 -0.9929055 -0.08407986 0.08407986 0.9929055 0.2328585 -0.1344354 -0.9631739 -0.2328585 0.1344354 0.9631739 0.4906943 -0.1314784 -0.861355 0.6881462 -0.1843663 -0.7017577 -0.6881462 0.1843663 0.7017577 -0.4906943 0.1314784 0.861355 0.7523378 -0.4343544 -0.495302 -0.7523378 0.4343544 0.495302 0.4833295 -0.8371364 -0.2561155 0.6835209 -0.6835209 -0.2561219 -0.6835209 0.6835209 0.2561219 -0.4833295 0.8371364 0.2561155 0.1135942 -0.8630962 -0.4920991 -0.1135942 0.8630962 0.4920991 0.03534102 -0.2687199 -0.9625699 -0.03534102 0.2687199 0.9625699 0.250168 -0.9337124 -0.2561193 -0.250168 0.9337124 0.2561193 0.2597154 -0.06958299 -0.9631751 -0.2597154 0.06958299 0.9631751 0.5068945 -0.06671512 -0.8594226 0.7092937 -0.0933578 -0.6987036 -0.7092937 0.0933578 0.6987036 -0.5068945 0.06671512 0.8594226 0.8391125 -0.2248315 -0.495319 -0.8391125 0.2248315 0.495319 0.8371364 -0.4833295 -0.2561155 -0.8371364 0.4833295 0.2561155 0.4957183 -0.8586184 -0.1305292 0.701057 -0.701057 -0.1305307 -0.701057 0.701057 0.1305307 -0.4957183 0.8586184 0.1305292 0.1262273 -0.958913 -0.2540723 -0.1262273 0.958913 0.2540723 0.2565768 -0.9576691 -0.1305316 -0.2565768 0.9576691 0.1305316 0.2687199 -0.03534102 -0.9625699 -0.2687199 0.03534102 0.9625699 0.8630932 -0.1136243 -0.4920974 -0.8630932 0.1136243 0.4920974 0.9337124 -0.250168 -0.2561193 -0.9337124 0.250168 0.2561193 0.8586184 -0.4957183 -0.1305292 -0.8586184 0.4957183 0.1305292 0.1294006 -0.9831089 -0.1294311 -0.1294006 0.9831089 0.1294311 0.958913 -0.1262273 -0.2540723 -0.958913 0.1262273 0.2540723 0.9576615 -0.2566053 -0.1305305 -0.9576615 0.2566053 0.1305305 0.9831089 -0.1294006 -0.1294311 -0.9831089 0.1294006 0.1294311</float_array>
          <technique_common>
            <accessor source="#ID184-mesh-normals-array" count="86" stride="3">
              <param name="X" type="float"/>
              <param name="Y" type="float"/>
              <param name="Z" type="float"/>
            </accessor>
          </technique_common>
        </source>
        <vertices id="ID184-mesh-vertices">
          <input semantic="POSITION" source="#ID184-mesh-positions"/>
        </vertices>
        <triangles material="Color_000-material" count="132">
          <input semantic="VERTEX" source="#ID184-mesh-vertices" offset="0"/>
          <input semantic="NORMAL" source="#ID184-mesh-normals" offset="1"/>
          <p>0 0 1 1 2 2 1 1 0 0 3 3 4 4 5 5 6 6 7 7 6 6 5 5 2 2 8 8 9 9 8 8 2 2 1 1 6 6 7 7 10 10 11 11 10 10 7 7 12 12 2 2 13 13 2 2 12 12 0 0 5 5 14 14 7 7 15 15 7 7 14 14 16 16 3 3 0 0 3 3 16 16 17 17 18 18 19 19 4 4 5 5 4 4 19 19 3 3 20 20 1 1 20 20 3 3 21 21 22 22 4 4 23 23 6 6 23 23 4 4 9 9 24 24 25 25 24 24 9 9 8 8 10 10 11 11 26 26 27 27 26 26 11 11 13 13 9 9 28 28 9 9 13 13 2 2 7 7 15 15 11 11 29 29 11 11 15 15 20 20 8 8 1 1 8 8 20 20 30 30 31 31 23 23 10 10 6 6 10 10 23 23 12 12 13 13 32 32 33 33 15 15 14 14 34 34 0 0 12 12 0 0 34 34 16 16 19 19 35 35 5 5 14 14 5 5 35 35 36 36 17 17 16 16 17 17 36 36 37 37 38 38 39 39 18 18 19 19 18 18 39 39 3 3 40 40 21 21 40 40 3 3 17 17 18 18 4 4 41 41 22 22 41 41 4 4 21 21 42 42 20 20 42 42 21 21 43 43 44 44 22 22 45 45 23 23 45 45 22 22 30 30 24 24 8 8 24 24 30 30 46 46 47 47 31 31 26 26 10 10 26 26 31 31 28 28 25 25 48 48 25 25 28 28 9 9 11 11 29 29 27 27 49 49 27 27 29 29 13 13 28 28 32 32 33 33 29 29 15 15 20 20 50 50 30 30 50 50 20 20 42 42 45 45 23 23 51 51 31 31 51 51 23 23 34 34 12 12 32 32 33 33 14 14 35 35 52 52 16 16 34 34 16 16 52 52 36 36 39 39 53 53 19 19 35 35 19 19 53 53 54 54 37 37 36 36 37 37 54 54 55 55 56 56 57 57 38 38 39 39 38 38 57 57 17 17 58 58 40 40 58 58 17 17 37 37 38 38 18 18 59 59 41 41 59 59 18 18 21 21 60 60 43 43 60 60 21 21 40 40 41 41 22 22 61 61 44 44 61 61 22 22 43 43 62 62 42 42 62 62 43 43 63 63 64 64 44 44 65 65 45 45 65 65 44 44 50 50 46 46 30 30 46 46 50 50 66 66 67 67 51 51 47 47 31 31 47 47 51 51 28 28 48 48 32 32 33 33 49 49 29 29 62 62 50 50 42 42 50 50 62 62 68 68 69 69 65 65 51 51 45 45 51 51 65 65 52 52 34 34 32 32 33 33 35 35 53 53 70 70 36 36 52 52 36 36 70 70 54 54 57 57 71 71 39 39 53 53 39 39 71 71 37 37 72 72 58 58 72 72 37 37 55 55 56 56 38 38 73 73 59 59 73 73 38 38 40 40 74 74 60 60 74 74 40 40 58 58 59 59 41 41 75 75 61 61 75 75 41 41 43 43 76 76 63 63 76 76 43 43 60 60 61 61 44 44 77 77 64 64 77 77 44 44 50 50 78 78 66 66 78 78 50 50 68 68 69 69 51 51 79 79 67 67 79 79 51 51 70 70 52 52 32 32 33 33 53 53 71 71 58 58 80 80 74 74 80 80 58 58 72 72 73 73 59 59 81 81 75 75 81 81 59 59 60 60 82 82 76 76 82 82 60 60 74 74 75 75 61 61 83 83 77 77 83 83 61 61 74 74 84 84 82 82 84 84 74 74 80 80 81 81 75 75 85 85 83 83 85 85 75 75</p>
        </triangles>
      </mesh>
    </geometry>
    <geometry id="ID190-mesh" name="ID190">
      <mesh>
        <source id="ID190-mesh-positions">
          <float_array id="ID190-mesh-positions-array" count="216">1.726566 -5.733242 6.200331 -1.127254 -3.211453 3.678359 1.726566 -5.326656 3.11122 -1.127254 -3.543453 6.200331 -1.127254 -3.543453 6.200331 1.726566 -5.733242 6.200331 -1.127254 -3.211453 3.678359 1.726566 -5.326656 3.11122 5.049931 -7.109859 6.200331 5.049931 -6.656338 2.755263 5.049931 -7.109859 6.200331 5.049931 -6.656338 2.755263 -3.317074 -0.6896632 6.200331 -3.317074 -0.4548609 4.417128 -3.317074 -0.4548609 4.417128 -3.317074 -0.6896632 6.200331 -1.127254 -2.238064 1.328261 1.726566 -4.134548 0.2332901 -1.127254 -2.238064 1.328261 1.726566 -4.134548 0.2332901 5.049931 -5.326656 -0.4546981 5.049931 -5.326656 -0.4546981 -4.693661 2.633762 6.200331 -4.693661 2.755253 5.277235 -4.693661 2.755253 5.277235 -4.693661 2.633762 6.200331 -3.317074 0.233463 2.755263 -3.317074 0.233463 2.755263 -1.127254 -0.6896632 -0.6898055 1.726566 -2.238064 -2.237657 -1.127254 -0.6896632 -0.6898055 1.726566 -2.238064 -2.237657 5.049931 -3.211453 -3.211778 5.049931 -3.211453 -3.211778 -5.163143 6.200138 6.200331 -5.163143 6.200138 6.200331 -4.693661 3.111545 4.417128 -4.693661 3.111545 4.417128 -3.317074 1.328342 1.328261 -3.317074 1.328342 1.328261 -1.127254 1.328342 -2.237657 1.726566 0.233463 -4.134874 1.726566 0.233463 -4.134874 -1.127254 1.328342 -2.237657 5.049931 -0.4548609 -5.326768 5.049931 -0.4548609 -5.326768 -4.693661 3.678348 3.678359 -4.693661 3.678348 3.678359 -3.317074 2.755253 0.2332901 -3.317074 2.755253 0.2332901 1.726566 3.111545 -5.326768 -1.127254 3.678348 -3.211778 1.726566 3.111545 -5.326768 -1.127254 3.678348 -3.211778 5.049931 2.755253 -6.656847 5.049931 2.755253 -6.656847 -4.693661 4.416935 3.11122 -4.693661 4.416935 3.11122 -3.317074 4.416935 -0.4546981 -3.317074 4.416935 -0.4546981 -1.127254 6.200138 -3.544054 1.726566 6.200138 -5.733995 1.726566 6.200138 -5.733995 -1.127254 6.200138 -3.544054 5.049931 6.200138 -7.109727 5.049931 6.200138 -7.109727 -4.693661 5.277073 2.755263 -4.693661 5.277073 2.755263 -3.317074 6.200138 -0.6898055 -3.317074 6.200138 -0.6898055 -4.693661 6.200138 2.633193 -4.693661 6.200138 2.633193</float_array>
          <technique_common>
            <accessor source="#ID190-mesh-positions-array" count="72" stride="3">
              <param name="X" type="float"/>
              <param name="Y" type="float"/>
              <param name="Z" type="float"/>
            </accessor>
          </technique_common>
        </source>
        <source id="ID190-mesh-normals">
          <float_array id="ID190-mesh-normals-array" count="216">-0.4921583 -0.8630625 -0.1135938 -0.7017276 -0.6881771 -0.1843664 -0.4953547 -0.8390908 -0.2248338 -0.6986421 -0.7093543 -0.09335774 0.6986421 0.7093543 0.09335774 0.4921583 0.8630625 0.1135938 0.7017276 0.6881771 0.1843664 0.4953547 0.8390908 0.2248338 -0.3798716 -0.9171305 -0.1207031 -0.3826503 -0.8924133 -0.2391182 0.3798716 0.9171305 0.1207031 0.3826503 0.8924133 0.2391182 -0.8593995 -0.5069295 -0.06674617 -0.8613214 -0.4907536 -0.131478 0.8613214 0.4907536 0.131478 0.8593995 0.5069295 0.06674617 -0.7017314 -0.6170097 -0.3561913 -0.4953299 -0.7523033 -0.4343826 0.7017314 0.6170097 0.3561913 0.4953299 0.7523033 0.4343826 -0.3826845 -0.8001003 -0.4619438 0.3826845 0.8001003 0.4619438 -0.9625688 -0.2687197 -0.03537148 -0.9631674 -0.2597439 -0.0695824 0.9631674 0.2597439 0.0695824 0.9625688 0.2687197 0.03537148 -0.8613227 -0.4400003 -0.2540142 0.8613227 0.4400003 0.2540142 -0.7016976 -0.50375 -0.5038416 -0.4953549 -0.6142572 -0.6142572 0.7016976 0.50375 0.5038416 0.4953549 0.6142572 0.6142572 -0.3828015 -0.6532621 -0.6532316 0.3828015 0.6532621 0.6532316 -0.9928928 -0.08417034 -0.08413982 0.9928928 0.08417034 0.08413982 -0.9631739 -0.2328585 -0.1344354 0.9631739 0.2328585 0.1344354 -0.8613263 -0.3592471 -0.3592471 0.8613263 0.3592471 0.3592471 -0.7017139 -0.3562589 -0.6169906 -0.4953873 -0.4343795 -0.7522673 0.4953873 0.4343795 0.7522673 0.7017139 0.3562589 0.6169906 -0.3827145 -0.4619737 -0.8000687 0.3827145 0.4619737 0.8000687 -0.9631717 -0.1901623 -0.1901013 0.9631717 0.1901623 0.1901013 -0.861316 -0.2540428 -0.4399969 0.861316 0.2540428 0.4399969 -0.4953963 -0.2248999 -0.8390486 -0.701711 -0.1844921 -0.6881602 0.4953963 0.2248999 0.8390486 0.701711 0.1844921 0.6881602 -0.3826839 -0.2391507 -0.8923901 0.3826839 0.2391507 0.8923901 -0.9631609 -0.1344683 -0.2328933 0.9631609 0.1344683 0.2328933 -0.8613422 -0.1314765 -0.4907175 0.8613422 0.1314765 0.4907175 -0.6986649 -0.09347879 -0.7093159 -0.4921171 -0.1136828 -0.8630742 0.4921171 0.1136828 0.8630742 0.6986649 0.09347879 0.7093159 -0.3796886 -0.1205811 -0.9172223 0.3796886 0.1205811 0.9172223 -0.963173 -0.06961333 -0.2597149 0.963173 0.06961333 0.2597149 -0.8594156 -0.06683665 -0.5068904 0.8594156 0.06683665 0.5068904 -0.9625455 -0.03552436 -0.2687827 0.9625455 0.03552436 0.2687827</float_array>
          <technique_common>
            <accessor source="#ID190-mesh-normals-array" count="72" stride="3">
              <param name="X" type="float"/>
              <param name="Y" type="float"/>
              <param name="Z" type="float"/>
            </accessor>
          </technique_common>
        </source>
        <vertices id="ID190-mesh-vertices">
          <input semantic="POSITION" source="#ID190-mesh-positions"/>
        </vertices>
        <triangles material="Color_000-material" count="108">
          <input semantic="VERTEX" source="#ID190-mesh-vertices" offset="0"/>
          <input semantic="NORMAL" source="#ID190-mesh-normals" offset="1"/>
          <p>0 0 1 1 2 2 1 1 0 0 3 3 4 4 5 5 6 6 7 7 6 6 5 5 8 8 2 2 9 9 2 2 8 8 0 0 5 5 10 10 7 7 11 11 7 7 10 10 12 12 1 1 3 3 1 1 12 12 13 13 14 14 15 15 6 6 4 4 6 6 15 15 2 2 16 16 17 17 16 16 2 2 1 1 6 6 7 7 18 18 19 19 18 18 7 7 9 9 17 17 20 20 17 17 9 9 2 2 7 7 11 11 19 19 21 21 19 19 11 11 22 22 13 13 12 12 13 13 22 22 23 23 24 24 25 25 14 14 15 15 14 14 25 25 13 13 16 16 1 1 16 16 13 13 26 26 27 27 14 14 18 18 6 6 18 18 14 14 17 17 28 28 29 29 28 28 17 17 16 16 18 18 19 19 30 30 31 31 30 30 19 19 20 20 29 29 32 32 29 29 20 20 17 17 19 19 21 21 31 31 33 33 31 31 21 21 34 34 23 23 22 22 25 25 24 24 35 35 23 23 26 26 13 13 26 26 23 23 36 36 37 37 24 24 27 27 14 14 27 27 24 24 26 26 28 28 16 16 28 28 26 26 38 38 39 39 27 27 30 30 18 18 30 30 27 27 40 40 29 29 28 28 29 29 40 40 41 41 42 42 43 43 31 31 30 30 31 31 43 43 44 44 29 29 41 41 29 29 44 44 32 32 33 33 45 45 31 31 42 42 31 31 45 45 34 34 36 36 23 23 24 24 37 37 35 35 36 36 38 38 26 26 38 38 36 36 46 46 47 47 37 37 39 39 27 27 39 39 37 37 38 38 40 40 28 28 40 40 38 38 48 48 49 49 39 39 43 43 30 30 43 43 39 39 50 50 40 40 51 51 40 40 50 50 41 41 42 42 52 52 43 43 53 53 43 43 52 52 50 50 44 44 41 41 44 44 50 50 54 54 55 55 52 52 45 45 42 42 45 45 52 52 34 34 46 46 36 36 37 37 47 47 35 35 46 46 48 48 38 38 48 48 46 46 56 56 57 57 47 47 49 49 39 39 49 49 47 47 48 48 51 51 40 40 51 51 48 48 58 58 59 59 49 49 53 53 43 43 53 53 49 49 60 60 50 50 51 51 50 50 60 60 61 61 62 62 63 63 52 52 53 53 52 52 63 63 61 61 54 54 50 50 54 54 61 61 64 64 65 65 62 62 55 55 52 52 55 55 62 62 34 34 56 56 46 46 47 47 57 57 35 35 56 56 58 58 48 48 58 58 56 56 66 66 67 67 57 57 59 59 49 49 59 59 57 57 58 58 60 60 51 51 60 60 58 58 68 68 69 69 59 59 63 63 53 53 63 63 59 59 34 34 66 66 56 56 57 57 67 67 35 35 66 66 68 68 58 58 68 68 66 66 70 70 71 71 67 67 69 69 59 59 69 69 67 67 34 34 70 70 66 66 67 67 71 71 35 35</p>
        </triangles>
      </mesh>
    </geometry>
    <geometry id="ID202-mesh" name="ID202">
      <mesh>
        <source id="ID202-mesh-positions">
          <float_array id="ID202-mesh-positions-array" count="258">-1.944511 1.621832 -2.903686 -1.944511 -1.944574 -5.092651 -3.371391 -0.8495427 -5.092651 0.07349407 0.07343095 -2.903686 0.07349407 0.07343095 -2.903686 -1.944511 1.621832 -2.903686 -1.944511 -1.944574 -5.092651 -3.371391 -0.8495427 -5.092651 -0.8496016 -3.371454 -5.092651 1.621895 -1.944574 -2.903686 1.621895 -1.944574 -2.903686 -0.8496016 -3.371454 -5.092651 -4.294548 -4.294489 -6.469604 -5.033134 -3.727777 -6.469604 -4.294548 -4.294489 -6.469604 -5.033134 -3.727777 -6.469604 -4.294548 2.595221 -2.903686 -5.033134 -0.1613712 -5.092651 -4.294548 2.595221 -2.903686 -5.033134 -0.1613712 -5.092651 1.621895 1.621832 -0.04968225 -0.8496016 3.518377 -0.04968225 -0.8496016 3.518377 -0.04968225 1.621895 1.621832 -0.04968225 -0.1613081 -5.033136 -5.092651 2.595283 -4.294489 -2.903686 2.595283 -4.294489 -2.903686 -0.1613081 -5.033136 -5.092651 -3.727715 -5.033136 -6.469604 -3.727715 -5.033136 -6.469604 3.518379 -0.8495427 -0.04968225 3.518379 -0.8495427 -0.04968225 -6.816338 -6.816339 -6.938598 -6.816338 -6.816339 -6.938598 -5.893242 -3.371454 -6.469604 -5.893242 -3.371454 -6.469604 -6.816338 0.07343095 -5.092651 -6.816338 2.927252 -2.903686 -6.816338 0.07343095 -5.092651 -6.816338 2.927252 -2.903686 -3.727715 4.710455 -0.04968225 -3.727715 4.710455 -0.04968225 -0.1613081 4.710455 3.274292 2.595283 2.595221 3.274292 2.595283 2.595221 3.274292 -0.1613081 4.710455 3.274292 0.07349407 -6.816339 -5.092651 2.927254 -6.816339 -2.903686 2.927254 -6.816339 -2.903686 0.07349407 -6.816339 -5.092651 -3.371391 -5.893244 -6.469604 -3.371391 -5.893244 -6.469604 4.710457 -3.727777 -0.04968225 4.710457 -3.727777 -0.04968225 4.710457 -0.1613712 3.274292 4.710457 -0.1613712 3.274292 -6.816338 -3.249994 -6.469604 -6.816338 -3.249994 -6.469604 -6.816338 5.117132 -0.04968225 -6.816338 5.117132 -0.04968225 -3.371391 6.040106 3.274292 -3.371391 6.040106 3.274292 0.07349407 5.117132 6.84021 2.927254 2.927252 6.84021 2.927254 2.927252 6.84021 0.07349407 5.117132 6.84021 5.117073 -6.816339 -0.04968225 5.117073 -6.816339 -0.04968225 -3.249931 -6.816339 -6.469604 -3.249931 -6.816339 -6.469604 6.040169 -3.371454 3.274292 6.040169 -3.371454 3.274292 5.117073 0.07343095 6.84021 5.117073 0.07343095 6.84021 -6.816338 6.493658 3.274292 -6.816338 6.493658 3.274292 -3.249931 6.493658 6.84021 -3.249931 6.493658 6.84021 6.49366 -6.816339 3.274292 6.49366 -6.816339 3.274292 6.49366 -3.249994 6.84021 6.49366 -3.249994 6.84021 -6.816338 6.963263 6.84021 -6.816338 6.963263 6.84021 6.963142 -6.816339 6.84021 6.963142 -6.816339 6.84021</float_array>
          <technique_common>
            <accessor source="#ID202-mesh-positions-array" count="86" stride="3">
              <param name="X" type="float"/>
              <param name="Y" type="float"/>
              <param name="Z" type="float"/>
            </accessor>
          </technique_common>
        </source>
        <source id="ID202-mesh-normals">
          <float_array id="ID202-mesh-normals-array" count="258">0.3561904 0.6169776 -0.7017601 0.359215 0.359215 -0.861353 0.2540109 0.4399641 -0.8613421 0.5037518 0.5037518 -0.701761 -0.5037518 -0.5037518 0.701761 -0.3561904 -0.6169776 0.7017601 -0.359215 -0.359215 0.861353 -0.2540109 -0.4399641 0.8613421 0.4399394 0.2540143 -0.8613536 0.6169455 0.3561894 -0.7017887 -0.6169455 -0.3561894 0.7017887 -0.4399394 -0.2540143 0.8613536 0.1901023 0.1901329 -0.9631774 0.1344354 0.2328585 -0.9631739 -0.1901023 -0.1901329 0.9631774 -0.1344354 -0.2328585 0.9631739 0.1843702 0.6881301 -0.7017725 0.1314485 0.4906963 -0.8613585 -0.1843702 -0.6881301 0.7017725 -0.1314485 -0.4906963 0.8613585 0.6142642 0.6142947 -0.4952995 0.4343479 0.7523265 -0.4953251 -0.4343479 -0.7523265 0.4953251 -0.6142642 -0.6142947 0.4952995 0.4906943 0.1314784 -0.861355 0.6881462 0.1843663 -0.7017577 -0.6881462 -0.1843663 0.7017577 -0.4906943 -0.1314784 0.861355 0.2328585 0.1344354 -0.9631739 -0.2328585 -0.1344354 0.9631739 0.7523378 0.4343544 -0.495302 -0.7523378 -0.4343544 0.495302 0.08407986 0.08407986 -0.9929055 -0.08407986 -0.08407986 0.9929055 0.06958299 0.2597154 -0.9631751 -0.06958299 -0.2597154 0.9631751 0.06671512 0.5068945 -0.8594226 0.09338808 0.7092918 -0.6987017 -0.06671512 -0.5068945 0.8594226 -0.09338808 -0.7092918 0.6987017 0.2248315 0.8391125 -0.495319 -0.2248315 -0.8391125 0.495319 0.4833295 0.8371364 -0.2561155 0.6835371 0.6835066 -0.2561166 -0.6835371 -0.6835066 0.2561166 -0.4833295 -0.8371364 0.2561155 0.5068945 0.06671512 -0.8594226 0.7092937 0.0933578 -0.6987036 -0.7092937 -0.0933578 0.6987036 -0.5068945 -0.06671512 0.8594226 0.2597154 0.06958299 -0.9631751 -0.2597154 -0.06958299 0.9631751 0.8391184 0.2248025 -0.4953224 -0.8391184 -0.2248025 0.4953224 0.8371364 0.4833295 -0.2561155 -0.8371364 -0.4833295 0.2561155 0.03534102 0.2687199 -0.9625699 -0.03534102 -0.2687199 0.9625699 0.1136243 0.8630932 -0.4920974 -0.1136243 -0.8630932 0.4920974 0.250168 0.9337124 -0.2561193 -0.250168 -0.9337124 0.2561193 0.4957183 0.8586184 -0.1305292 0.701057 0.701057 -0.1305307 -0.701057 -0.701057 0.1305307 -0.4957183 -0.8586184 0.1305292 0.8630932 0.1136243 -0.4920974 -0.8630932 -0.1136243 0.4920974 0.2687199 0.03534102 -0.9625699 -0.2687199 -0.03534102 0.9625699 0.9337124 0.250168 -0.2561193 -0.9337124 -0.250168 0.2561193 0.8586184 0.4957183 -0.1305292 -0.8586184 -0.4957183 0.1305292 0.1262273 0.958913 -0.2540723 -0.1262273 -0.958913 0.2540723 0.2565768 0.9576691 -0.1305316 -0.2565768 -0.9576691 0.1305316 0.958913 0.1262273 -0.2540723 -0.958913 -0.1262273 0.2540723 0.9576615 0.2566053 -0.1305305 -0.9576615 -0.2566053 0.1305305 0.1294301 0.9831012 -0.1294606 -0.1294301 -0.9831012 0.1294606 0.9831089 0.1294006 -0.1294311 -0.9831089 -0.1294006 0.1294311</float_array>
          <technique_common>
            <accessor source="#ID202-mesh-normals-array" count="86" stride="3">
              <param name="X" type="float"/>
              <param name="Y" type="float"/>
              <param name="Z" type="float"/>
            </accessor>
          </technique_common>
        </source>
        <vertices id="ID202-mesh-vertices">
          <input semantic="POSITION" source="#ID202-mesh-positions"/>
        </vertices>
        <triangles material="Color_000-material" count="132">
          <input semantic="VERTEX" source="#ID202-mesh-vertices" offset="0"/>
          <input semantic="NORMAL" source="#ID202-mesh-normals" offset="1"/>
          <p>0 0 1 1 2 2 1 1 0 0 3 3 4 4 5 5 6 6 7 7 6 6 5 5 3 3 8 8 1 1 8 8 3 3 9 9 10 10 4 4 11 11 6 6 11 11 4 4 2 2 12 12 13 13 12 12 2 2 1 1 6 6 7 7 14 14 15 15 14 14 7 7 16 16 2 2 17 17 2 2 16 16 0 0 5 5 18 18 7 7 19 19 7 7 18 18 0 0 20 20 3 3 20 20 0 0 21 21 22 22 5 5 23 23 4 4 23 23 5 5 9 9 24 24 8 8 24 24 9 9 25 25 26 26 10 10 27 27 11 11 27 27 10 10 1 1 28 28 12 12 28 28 1 1 8 8 11 11 6 6 29 29 14 14 29 29 6 6 3 3 30 30 9 9 30 30 3 3 20 20 23 23 4 4 31 31 10 10 31 31 4 4 12 12 32 32 13 13 15 15 33 33 14 14 17 17 13 13 34 34 13 13 17 17 2 2 7 7 19 19 15 15 35 35 15 15 19 19 16 16 36 36 37 37 36 36 16 16 17 17 19 19 18 18 38 38 39 39 38 38 18 18 40 40 0 0 16 16 0 0 40 40 21 21 22 22 41 41 5 5 18 18 5 5 41 41 42 42 20 20 21 21 20 20 42 42 43 43 44 44 45 45 23 23 22 22 23 23 45 45 25 25 46 46 24 24 46 46 25 25 47 47 48 48 26 26 49 49 27 27 49 49 26 26 8 8 50 50 28 28 50 50 8 8 24 24 27 27 11 11 51 51 29 29 51 51 11 11 9 9 52 52 25 25 52 52 9 9 30 30 31 31 10 10 53 53 26 26 53 53 10 10 28 28 32 32 12 12 14 14 33 33 29 29 20 20 54 54 30 30 54 54 20 20 43 43 44 44 23 23 55 55 31 31 55 55 23 23 13 13 32 32 34 34 35 35 33 33 15 15 36 36 34 34 56 56 34 34 36 36 17 17 19 19 38 38 35 35 57 57 35 35 38 38 37 37 40 40 16 16 40 40 37 37 58 58 59 59 39 39 41 41 18 18 41 41 39 39 40 40 42 42 21 21 42 42 40 40 60 60 61 61 41 41 45 45 22 22 45 45 41 41 62 62 43 43 42 42 43 43 62 62 63 63 64 64 65 65 44 44 45 45 44 44 65 65 25 25 66 66 47 47 66 66 25 25 52 52 53 53 26 26 67 67 48 48 67 67 26 26 24 24 68 68 50 50 68 68 24 24 46 46 49 49 27 27 69 69 51 51 69 69 27 27 50 50 32 32 28 28 29 29 33 33 51 51 30 30 70 70 52 52 70 70 30 30 54 54 55 55 31 31 71 71 53 53 71 71 31 31 43 43 72 72 54 54 72 72 43 43 63 63 64 64 44 44 73 73 55 55 73 73 44 44 34 34 32 32 56 56 57 57 33 33 35 35 58 58 60 60 40 40 60 60 58 58 74 74 75 75 59 59 61 61 41 41 61 61 59 59 60 60 62 62 42 42 62 62 60 60 76 76 77 77 61 61 65 65 45 45 65 65 61 61 52 52 78 78 66 66 78 78 52 52 70 70 71 71 53 53 79 79 67 67 79 79 53 53 68 68 32 32 50 50 51 51 33 33 69 69 54 54 80 80 70 70 80 80 54 54 72 72 73 73 55 55 81 81 71 71 81 81 55 55 74 74 76 76 60 60 76 76 74 74 82 82 83 83 75 75 77 77 61 61 77 77 75 75 78 78 80 80 84 84 80 80 78 78 70 70 71 71 79 79 81 81 85 85 81 81 79 79</p>
        </triangles>
      </mesh>
    </geometry>
    <geometry id="ID208-mesh" name="ID208">
      <mesh>
        <source id="ID208-mesh-positions">
          <float_array id="ID208-mesh-positions-array" count="84">-28.00721 -0.1480463 17.6055 -50.29798 0.2222539 -12.51438 -12.63899 -0.1480463 -14.94919 -49.05751 0.05883222 18.96682 -49.05751 0.05883222 18.96682 -28.00721 -0.1480463 17.6055 -50.29798 0.2222539 -12.51438 -12.63899 -0.1480463 -14.94919 58.51378 -0.1480463 12.01077 56.48119 -0.1480463 -19.41916 58.51378 -0.1480463 12.01077 56.48119 -0.1480463 -19.41916 -51.05158 0.3214361 -12.46531 -51.05158 0.3214361 19.09573 -51.05158 0.3214361 19.09573 -51.05158 0.3214361 -12.46531 -54.37495 1.698053 -12.25022 -54.37495 1.698053 19.31082 -54.37495 1.698053 19.31082 -54.37495 1.698053 -12.25022 -57.22877 3.887842 -12.06614 -57.22877 3.887842 -5.41428 -55.62458 2.656946 19.39187 -55.62458 2.656946 19.39187 -57.22877 3.887842 -5.41428 -57.22877 3.887842 -12.06614 -57.65718 4.446039 -12.0383 -57.65718 4.446039 -12.0383</float_array>
          <technique_common>
            <accessor source="#ID208-mesh-positions-array" count="28" stride="3">
              <param name="X" type="float"/>
              <param name="Y" type="float"/>
              <param name="Z" type="float"/>
            </accessor>
          </technique_common>
        </source>
        <source id="ID208-mesh-normals">
          <float_array id="ID208-mesh-normals-array" count="78">0.07141381 0.9974441 0.002349913 0.006683528 0.9999728 0.00314337 0.0694617 0.9975817 0.002411007 0.003418147 0.9999929 0.001617491 0 1 0 0.2638404 0.9645664 0 0.2537647 0.9672661 0 0.5040456 0.8636771 0 0.4959713 0.868339 0 0.6087679 0.7933484 0 0.6155979 0.7880605 0 0.7043853 0.7098178 0 0.7932816 0.608855 0 -0.006683528 -0.9999728 -0.00314337 -0.0694617 -0.9975817 -0.002411007 -0.003418147 -0.9999929 -0.001617491 -0.07141381 -0.9974441 -0.002349913 0 -1 0 -0.2537647 -0.9672661 0 -0.2638404 -0.9645664 0 -0.4959713 -0.868339 0 -0.5040456 -0.8636771 0 -0.7043853 -0.7098178 0 -0.6155979 -0.7880605 0 -0.6087679 -0.7933484 0 -0.7932963 -0.6088358 0</float_array>
          <technique_common>
            <accessor source="#ID208-mesh-normals-array" count="26" stride="3">
              <param name="X" type="float"/>
              <param name="Y" type="float"/>
              <param name="Z" type="float"/>
            </accessor>
          </technique_common>
        </source>
        <vertices id="ID208-mesh-vertices">
          <input semantic="POSITION" source="#ID208-mesh-positions"/>
        </vertices>
        <triangles material="Color_000-material" count="12">
          <input semantic="VERTEX" source="#ID208-mesh-vertices" offset="0"/>
          <input semantic="NORMAL" source="#ID208-mesh-normals" offset="1"/>
          <p>4 0 5 1 6 2 7 3 6 2 5 1 5 1 10 4 7 3 11 4 7 4 10 4 14 5 4 0 15 6 6 2 15 6 4 0 18 7 14 5 19 8 15 6 19 8 14 5 23 9 18 7 24 10 24 10 18 7 25 11 19 8 25 11 18 7 24 10 25 11 27 12</p>
        </triangles>
        <triangles material="Color_I07-material" count="12">
          <input semantic="VERTEX" source="#ID208-mesh-vertices" offset="0"/>
          <input semantic="NORMAL" source="#ID208-mesh-normals" offset="1"/>
          <p>0 13 1 14 2 15 1 14 0 13 3 16 8 17 2 17 9 17 2 17 8 17 0 17 3 16 12 18 1 14 12 18 3 16 13 19 13 19 16 20 12 18 16 20 13 19 17 21 17 21 20 22 16 20 20 22 17 21 21 23 21 23 17 21 22 24 26 25 20 22 21 23</p>
        </triangles>
      </mesh>
    </geometry>
    <geometry id="ID216-mesh" name="ID216">
      <mesh>
        <source id="ID216-mesh-positions">
          <float_array id="ID216-mesh-positions-array" count="192">31.62625 -68.52703 -17.82583 34.08316 -64.96067 13.57724 33.61557 -68.52703 13.60727 32.09396 -64.96067 -17.85562 32.09396 -64.96067 -17.85562 31.62625 -68.52703 -17.82583 34.08316 -64.96067 13.57724 33.61557 -68.52703 13.60727 32.09396 64.96058 -17.85562 34.08316 64.96058 13.57724 34.08316 64.96058 13.57724 32.09396 64.96058 -17.85562 30.25528 -71.85046 -17.73672 32.2446 -71.85046 13.69639 30.25528 -71.85046 -17.73672 32.2446 -71.85046 13.69639 31.62625 68.52693 -17.82583 33.61557 68.52693 13.60727 33.61557 68.52693 13.60727 31.62625 68.52693 -17.82583 28.07437 -74.70425 -17.59585 30.06369 -74.70425 13.83725 28.07437 -74.70425 -17.59585 30.06369 -74.70425 13.83725 32.2446 71.85035 13.69639 30.25528 71.85035 -17.73672 30.25528 71.85035 -17.73672 32.2446 71.85035 13.69639 25.23221 -76.89405 -17.41177 27.22147 -76.89405 14.02134 27.22147 -76.89405 14.02134 25.23221 -76.89405 -17.41177 30.06369 74.70417 13.83725 28.07437 74.70417 -17.59585 28.07437 74.70417 -17.59585 30.06369 74.70417 13.83725 21.92239 -78.27066 -17.19766 23.91165 -78.27066 14.2352 23.91165 -78.27066 14.2352 21.92239 -78.27066 -17.19766 25.23221 76.89405 -17.41177 27.22147 76.89405 14.02134 27.22147 76.89405 14.02134 25.23221 76.89405 -17.41177 18.37045 -78.74015 -16.96866 20.35977 -78.74015 14.46518 20.35977 -78.74015 14.46518 18.37045 -78.74015 -16.96866 21.92239 78.27058 -17.19766 23.91165 78.27058 14.2352 23.91165 78.27058 14.2352 21.92239 78.27058 -17.19766 -77.64664 -78.74015 -10.75869 -75.61412 -78.74015 20.67124 -75.61412 -78.74015 20.67124 -77.64664 -78.74015 -10.75869 18.37045 78.74018 -16.96866 20.35977 78.74018 14.46518 20.35977 78.74018 14.46518 18.37045 78.74018 -16.96866 -77.64664 78.74018 -10.75869 -75.61412 78.74018 20.67124 -75.61412 78.74018 20.67124 -77.64664 78.74018 -10.75869</float_array>
          <technique_common>
            <accessor source="#ID216-mesh-positions-array" count="64" stride="3">
              <param name="X" type="float"/>
              <param name="Y" type="float"/>
              <param name="Z" type="float"/>
            </accessor>
          </technique_common>
        </source>
        <source id="ID216-mesh-normals">
          <float_array id="ID216-mesh-normals-array" count="174">-0.9958748 0.06528073 0.06302231 -0.9641327 0.2583146 0.06100791 -0.9958768 0.06525033 0.06302243 -0.9641174 0.2583716 0.0610069 -0.9958768 -0.06525033 0.06302243 -0.9958748 -0.06528073 0.06302231 -0.8647363 0.4992361 0.05472123 -0.8646815 0.4993312 0.05472165 -0.9641174 -0.2583716 0.0610069 -0.9641327 -0.2583146 0.06100791 -0.7064312 0.7063701 0.04468029 -0.7063091 0.7064922 0.04468029 -0.8647441 -0.4992229 0.0547198 -0.8646891 -0.499318 0.05472016 -0.4996232 0.8656657 0.03161746 -0.4998134 0.8655559 0.03161787 -0.7064312 -0.7063701 0.04468029 -0.7063091 -0.7064922 0.04468029 -0.2586481 0.9658332 0.01635813 -0.2588627 0.9657757 0.01635819 -0.4996232 -0.8656657 0.03161746 -0.4998134 -0.8655559 0.03161787 -0.06531113 0.9978565 0.004120051 -0.06543266 0.9978485 0.004120051 -0.2586481 -0.9658332 0.01635813 -0.2588627 -0.9657757 0.01635819 0 1 0 -0.06534153 -0.9978545 0.004120051 -0.06546306 -0.9978466 0.004120051 0 -1 0 0.9641327 -0.2583146 -0.06100791 0.9958768 -0.06525033 -0.06302243 0.9641174 -0.2583716 -0.0610069 0.9958748 -0.06528073 -0.06302231 0.9958748 0.06528073 -0.06302231 0.9958768 0.06525033 -0.06302243 0.8647363 -0.4992361 -0.05472123 0.8646891 -0.499318 -0.05472016 0.9641327 0.2583146 -0.06100791 0.9641174 0.2583716 -0.0610069 0.7064312 -0.7063701 -0.04468029 0.7063091 -0.7064922 -0.04468029 0.8646891 0.499318 -0.05472016 0.8647441 0.4992229 -0.0547198 0.4998134 -0.8655559 -0.03161787 0.4996232 -0.8656657 -0.03161746 0.7063091 0.7064922 -0.04468029 0.7064312 0.7063701 -0.04468029 0.2588627 -0.9657757 -0.01635819 0.2586481 -0.9658332 -0.01635813 0.4998134 0.8655559 -0.03161787 0.4996232 0.8656657 -0.03161746 0.06543266 -0.9978485 -0.004120051 0.06531113 -0.9978565 -0.004120051 0.2588627 0.9657757 -0.01635819 0.2586481 0.9658332 -0.01635813 0.06546306 0.9978466 -0.004120051 0.06534153 0.9978545 -0.004120051</float_array>
          <technique_common>
            <accessor source="#ID216-mesh-normals-array" count="58" stride="3">
              <param name="X" type="float"/>
              <param name="Y" type="float"/>
              <param name="Z" type="float"/>
            </accessor>
          </technique_common>
        </source>
        <vertices id="ID216-mesh-vertices">
          <input semantic="POSITION" source="#ID216-mesh-positions"/>
        </vertices>
        <triangles material="Color_000-material" count="30">
          <input semantic="VERTEX" source="#ID216-mesh-vertices" offset="0"/>
          <input semantic="NORMAL" source="#ID216-mesh-normals" offset="1"/>
          <p>4 0 5 1 6 2 7 3 6 2 5 1 10 4 11 5 6 2 4 0 6 2 11 5 5 1 14 6 7 3 15 7 7 3 14 6 18 8 19 9 10 4 11 5 10 4 19 9 14 6 22 10 15 7 23 11 15 7 22 10 26 12 19 9 27 13 18 8 27 13 19 9 30 14 23 11 31 15 22 10 31 15 23 11 34 16 26 12 35 17 27 13 35 17 26 12 38 18 30 14 39 19 31 15 39 19 30 14 42 20 43 21 35 17 34 16 35 17 43 21 46 22 38 18 47 23 39 19 47 23 38 18 50 24 51 25 42 20 43 21 42 20 51 25 54 26 46 22 55 26 47 23 55 26 46 22 58 27 59 28 50 24 51 25 50 24 59 28 62 29 63 29 58 27 59 28 58 27 63 29</p>
        </triangles>
        <triangles material="Color_I07-material" count="30">
          <input semantic="VERTEX" source="#ID216-mesh-vertices" offset="0"/>
          <input semantic="NORMAL" source="#ID216-mesh-normals" offset="1"/>
          <p>0 30 1 31 2 32 1 31 0 30 3 33 8 34 1 31 3 33 1 31 8 34 9 35 12 36 2 32 13 37 2 32 12 36 0 30 16 38 9 35 8 34 9 35 16 38 17 39 20 40 13 37 21 41 13 37 20 40 12 36 16 38 24 42 17 39 24 42 16 38 25 43 21 41 28 44 20 40 28 44 21 41 29 45 25 43 32 46 24 42 32 46 25 43 33 47 29 45 36 48 28 44 36 48 29 45 37 49 40 50 32 46 33 47 32 46 40 50 41 51 37 49 44 52 36 48 44 52 37 49 45 53 48 54 41 51 40 50 41 51 48 54 49 55 45 53 52 29 44 52 52 29 45 53 53 29 56 56 49 55 48 54 49 55 56 56 57 57 60 26 57 57 56 56 57 57 60 26 61 26</p>
        </triangles>
      </mesh>
    </geometry>
    <geometry id="ID222-mesh" name="ID222">
      <mesh>
        <source id="ID222-mesh-positions">
          <float_array id="ID222-mesh-positions-array" count="192">-187.2181 75.94453 27.8841 -188.8223 -74.69485 3.077947 -187.2181 -75.92575 27.8841 -189.2507 -74.13665 -3.546077 -189.2507 74.15534 -3.546077 -188.8223 74.71357 3.077947 -187.2181 -75.92575 27.8841 -185.9685 76.90345 27.80304 -187.2181 75.94453 27.8841 -185.9685 -76.88465 27.80304 -182.6451 78.27999 27.58796 -182.6451 -78.26126 27.58796 -161.7689 78.47274 26.23786 -180.6511 -78.52386 27.45905 -159.6008 -78.73075 26.09772 -122.3325 78.74958 23.68781 -73.07978 -78.73075 20.503 -73.07978 78.74958 20.503 94.28717 -78.73075 9.679999 94.28717 78.74958 9.679999 190.261 -78.73075 3.473943 190.261 78.74958 3.473943 193.8129 -78.26126 3.243962 193.8129 78.27999 3.243962 197.1227 -76.88465 3.030095 197.1227 76.90345 3.030095 199.965 74.71357 2.846013 199.965 -74.69485 2.846013 202.1459 71.85975 2.705144 202.1459 -71.84106 2.705144 203.5168 68.53633 2.616033 203.5168 -68.51763 2.616033 203.9844 -64.95127 2.586003 203.9844 64.96998 2.586003 -189.2507 74.15534 -3.546077 -188.8223 -74.69485 -3.573909 -189.2507 -74.13665 -3.546077 -188.8223 74.71357 -3.573909 -185.9685 76.90345 -3.757991 -185.9685 -76.88465 -3.757991 -182.6451 78.27999 -3.973079 -182.6451 -78.26126 -3.973079 -145.202 78.62574 -6.394954 -181.8915 -78.36045 -4.022151 -144.2325 -78.73075 -6.456965 -127.5687 78.74958 -7.53509 -75.11238 -78.73075 -10.92694 -75.11238 78.74958 -10.92694 92.25464 -78.73075 -21.74994 92.25464 78.74958 -21.74994 188.2717 -78.73075 -27.9599 188.2717 78.74958 -27.9599 191.8237 -78.26126 -28.1889 191.8237 78.27999 -28.1889 195.1335 -76.88465 -28.40301 195.1335 76.90345 -28.40301 197.9756 74.71357 -28.58709 197.9756 -74.69485 -28.58709 200.1566 71.85975 -28.72796 200.1566 -71.84106 -28.72796 201.5275 68.53633 -28.81707 201.5275 -68.51763 -28.81707 201.9952 -64.95127 -28.84686 201.9952 64.96998 -28.84686</float_array>
          <technique_common>
            <accessor source="#ID222-mesh-positions-array" count="64" stride="3">
              <param name="X" type="float"/>
              <param name="Y" type="float"/>
              <param name="Z" type="float"/>
            </accessor>
          </technique_common>
        </source>
        <source id="ID222-mesh-normals">
          <float_array id="ID222-mesh-normals-array" count="165">-0.9979155 0 0.06453472 -0.9979152 -1.92654e-6 0.06453961 -0.9979154 0 0.06453573 -0.9979159 3.42324e-4 0.0645281 0.06472939 0 0.9979029 0.06473481 0 0.9979026 0.06458234 0 0.9979125 0.06458216 0 0.9979125 0.06453675 0 0.9979153 0.06451916 3.0046e-6 0.9979165 0.0645352 4.51002e-7 0.9979155 0.06452763 3.53651e-7 0.997916 0.06452834 1.51986e-7 0.9979159 0.06452792 0 0.997916 0.0645315 0 0.9979157 0.06452924 0 0.9979159 0.06461358 0 0.9979104 0.0646134 0 0.9979104 0.06448167 0 0.9979189 0.06448191 0 0.9979189 0.06462973 0 0.9979093 0.06462967 0 0.9979094 0.06445771 0 0.9979205 0.06445759 0 0.9979205 0.06486499 0 0.9978941 0.06486499 0 0.9978941 0.06408852 0 0.9979442 0.064089 0 0.9979442 -0.06483083 0 -0.9978963 -0.06483018 0 -0.9978964 -0.06437045 0 -0.9979262 -0.06437051 0 -0.9979262 -0.06458401 0 -0.9979124 -0.06458395 0 -0.9979124 -0.06454658 0 -0.9979148 -0.06496489 1.00891e-4 -0.9978876 -0.06451958 -4.26511e-6 -0.9979165 -0.06452327 -4.2693e-6 -0.9979162 -0.06453484 -3.06077e-6 -0.9979155 -0.06452566 0 -0.9979161 -0.06453144 0 -0.9979158 -0.0645315 0 -0.9979158 -0.06454074 0 -0.9979152 -0.06433796 0 -0.9979282 -0.0643385 0 -0.9979282 -0.06455391 0 -0.9979143 -0.06455373 0 -0.9979143 -0.06463348 0 -0.9979091 -0.06463539 0 -0.997909 -0.06445586 0 -0.9979206 -0.06445544 0 -0.9979206 -0.06486231 0 -0.9978942 -0.06486445 0 -0.9978942 -0.06358402 0 -0.9979765 -0.06355488 0 -0.9979784</float_array>
          <technique_common>
            <accessor source="#ID222-mesh-normals-array" count="55" stride="3">
              <param name="X" type="float"/>
              <param name="Y" type="float"/>
              <param name="Z" type="float"/>
            </accessor>
          </technique_common>
        </source>
        <vertices id="ID222-mesh-vertices">
          <input semantic="POSITION" source="#ID222-mesh-positions"/>
        </vertices>
        <triangles material="material-material" count="58">
          <input semantic="VERTEX" source="#ID222-mesh-vertices" offset="0"/>
          <input semantic="NORMAL" source="#ID222-mesh-normals" offset="1"/>
          <p>0 0 1 0 2 0 1 1 0 1 3 1 3 2 0 2 4 2 4 3 0 3 5 3 6 4 7 4 8 4 7 5 6 5 9 5 7 6 9 6 10 6 10 7 9 7 11 7 10 8 11 8 12 8 12 9 11 9 13 9 12 10 13 10 14 10 12 11 14 11 15 11 15 12 14 12 16 12 15 13 16 13 17 13 17 14 16 14 18 14 17 14 18 14 19 14 19 15 18 15 20 15 19 15 20 15 21 15 21 16 20 16 22 16 21 17 22 17 23 17 23 18 22 18 24 18 23 19 24 19 25 19 25 20 24 20 26 20 26 21 24 21 27 21 26 22 27 22 28 22 28 23 27 23 29 23 28 24 29 24 30 24 30 25 29 25 31 25 30 26 31 26 32 26 30 27 32 27 33 27 34 28 35 28 36 28 35 29 34 29 37 29 35 30 37 30 38 30 35 31 38 31 39 31 39 32 38 32 40 32 39 33 40 33 41 33 41 34 40 34 42 34 41 35 42 35 43 35 43 36 42 36 44 36 44 37 42 37 45 37 44 38 45 38 46 38 46 39 45 39 47 39 46 40 47 40 48 40 48 41 47 41 49 41 48 42 49 42 50 42 50 42 49 42 51 42 50 43 51 43 52 43 52 44 51 44 53 44 52 45 53 45 54 45 54 46 53 46 55 46 54 47 55 47 56 47 54 48 56 48 57 48 57 49 56 49 58 49 57 50 58 50 59 50 59 51 58 51 60 51 59 52 60 52 61 52 61 53 60 53 62 53 62 54 60 54 63 54</p>
        </triangles>
      </mesh>
    </geometry>
    <geometry id="ID240-mesh" name="ID240">
      <mesh>
        <source id="ID240-mesh-positions">
          <float_array id="ID240-mesh-positions-array" count="84">-57.23412 -3.820182 -12.06542 -57.66253 -4.37841 -12.03759 -57.23412 -3.820182 -5.413565 -57.23412 -3.820182 -5.413565 -57.66253 -4.37841 -12.03759 -57.23412 -3.820182 -12.06542 -54.3803 -1.630302 19.31153 -54.3803 -1.630302 -12.2495 -55.62994 -2.589225 19.39259 -55.62994 -2.589225 19.39259 -54.3803 -1.630302 19.31153 -54.3803 -1.630302 -12.2495 -51.05694 -0.253776 19.09645 -51.05694 -0.253776 -12.46459 -51.05694 -0.253776 19.09645 -51.05694 -0.253776 -12.46459 -30.18072 -0.06102693 17.74635 -13.61382 0.0919882 -14.88646 -30.18072 -0.06102693 17.74635 -13.61382 0.0919882 -14.88646 9.255747 0.2158285 15.1963 4.019541 0.2158285 -16.0266 9.255747 0.2158285 15.1963 4.019541 0.2158285 -16.0266 58.50843 0.2158285 12.01148 56.47584 0.2158285 -19.41845 58.50843 0.2158285 12.01148 56.47584 0.2158285 -19.41845</float_array>
          <technique_common>
            <accessor source="#ID240-mesh-positions-array" count="28" stride="3">
              <param name="X" type="float"/>
              <param name="Y" type="float"/>
              <param name="Z" type="float"/>
            </accessor>
          </technique_common>
        </source>
        <source id="ID240-mesh-normals">
          <float_array id="ID240-mesh-normals-array" count="84">0.6156316 -0.7880341 0 0.7933076 -0.608821 0 0.7044008 -0.7098025 0 0.6087679 -0.7933484 0 0.5040228 -0.8636904 0 0.4959713 -0.868339 0 0.2071316 -0.9783132 0 0.1920883 -0.9813777 0 0.008453786 -0.9999642 -3.66231e-4 0.007690668 -0.9999702 -7.62963e-4 0.003235042 -0.9999946 -5.18828e-4 0.006947517 -0.9999753 -0.001165091 0 -1 0 0 -1 0 -0.704416 0.7097874 0 -0.7933076 0.608821 0 -0.6156127 0.7880489 0 -0.5040228 0.8636904 0 -0.4959713 0.868339 0 -0.6087679 0.7933484 0 -0.2071316 0.9783132 0 -0.1920883 0.9813777 0 -0.008453786 0.9999642 3.66231e-4 -0.007690668 0.9999702 7.62963e-4 -0.006947517 0.9999753 0.001165091 -0.003235042 0.9999946 5.18828e-4 0 1 0 0 1 0</float_array>
          <technique_common>
            <accessor source="#ID240-mesh-normals-array" count="28" stride="3">
              <param name="X" type="float"/>
              <param name="Y" type="float"/>
              <param name="Z" type="float"/>
            </accessor>
          </technique_common>
        </source>
        <vertices id="ID240-mesh-vertices">
          <input semantic="POSITION" source="#ID240-mesh-positions"/>
        </vertices>
        <triangles material="Color_000-material" count="12">
          <input semantic="VERTEX" source="#ID240-mesh-vertices" offset="0"/>
          <input semantic="NORMAL" source="#ID240-mesh-normals" offset="1"/>
          <p>3 0 4 1 5 2 9 3 3 0 10 4 3 0 5 2 10 4 11 5 10 4 5 2 10 4 11 5 14 6 15 7 14 6 11 5 14 6 15 7 18 8 19 9 18 8 15 7 18 8 19 9 22 10 23 11 22 11 19 11 22 12 23 12 26 12 27 13 26 13 23 13</p>
        </triangles>
        <triangles material="Color_I07-material" count="12">
          <input semantic="VERTEX" source="#ID240-mesh-vertices" offset="0"/>
          <input semantic="NORMAL" source="#ID240-mesh-normals" offset="1"/>
          <p>0 14 1 15 2 16 0 14 6 17 7 18 6 17 0 14 2 16 6 17 2 16 8 19 7 18 12 20 13 21 12 20 7 18 6 17 13 21 16 22 17 23 16 22 13 21 12 20 17 24 20 24 21 24 20 25 17 23 16 22 21 26 24 26 25 26 24 27 21 27 20 27</p>
        </triangles>
      </mesh>
    </geometry>
    <geometry id="ID252-mesh" name="ID252">
      <mesh>
        <source id="ID252-mesh-positions">
          <float_array id="ID252-mesh-positions-array" count="258">6.939192 6.816373 -6.816525 6.469648 4.294583 -4.294553 6.469648 3.72778 -5.03259 6.469648 3.72778 -5.03259 6.469648 4.294583 -4.294553 6.939192 6.816373 -6.816525 6.469648 3.371488 -5.893674 6.469648 3.371488 -5.893674 6.469648 5.03317 -3.727414 6.469648 5.03317 -3.727414 5.093061 1.944577 -1.944455 5.093061 0.8496981 -3.371457 5.093061 1.944577 -1.944455 5.093061 0.8496981 -3.371457 6.469648 3.249997 -6.816525 6.469648 3.249997 -6.816525 5.093061 0.161374 -5.03259 5.093061 0.161374 -5.03259 6.469648 5.893308 -3.371457 6.469648 5.893308 -3.371457 5.093061 3.371488 -0.8494846 5.093061 3.371488 -0.8494846 2.903303 -0.07342815 0.07336699 2.903303 -1.621829 -1.944455 2.903303 -0.07342815 0.07336699 2.903303 -1.621829 -1.944455 5.093061 -0.07342815 -6.816525 5.093061 -0.07342815 -6.816525 2.903303 -2.595218 -4.294553 2.903303 -2.595218 -4.294553 6.469648 6.816373 -3.249631 6.469648 6.816373 -3.249631 5.093061 5.03317 -0.1614962 5.093061 5.03317 -0.1614962 2.903303 1.944577 1.622439 2.903303 1.944577 1.622439 0.04948204 -3.518313 -0.8494846 0.04948204 -1.621829 1.622439 0.04948204 -1.621829 1.622439 0.04948204 -3.518313 -0.8494846 2.903303 -2.927218 -6.816525 2.903303 -2.927218 -6.816525 0.04948204 -4.710422 -3.727414 0.04948204 -4.710422 -3.727414 5.093061 6.816373 0.07336699 5.093061 6.816373 0.07336699 2.903303 4.294583 2.595584 2.903303 4.294583 2.595584 0.04948204 0.8496981 3.518435 0.04948204 0.8496981 3.518435 -3.273943 -4.710422 -0.1614962 -3.273943 -2.595218 2.595584 -3.273943 -2.595218 2.595584 -3.273943 -4.710422 -0.1614962 0.04948204 -5.117007 -6.816525 0.04948204 -5.117007 -6.816525 -3.273943 -6.040103 -3.371457 -3.273943 -6.040103 -3.371457 2.903303 6.816373 2.927371 2.903303 6.816373 2.927371 0.04948204 3.72778 4.710574 0.04948204 3.72778 4.710574 -3.273943 0.161374 4.710574 -3.273943 0.161374 4.710574 -6.840349 -5.117007 0.07336699 -6.840349 -2.927218 2.927371 -6.840349 -2.927218 2.927371 -6.840349 -5.117007 0.07336699 -3.273943 -6.493625 -6.816525 -3.273943 -6.493625 -6.816525 -6.840349 -6.493625 -3.249631 -6.840349 -6.493625 -3.249631 0.04948204 6.816373 5.117557 0.04948204 6.816373 5.117557 -3.273943 3.371488 6.040408 -3.273943 3.371488 6.040408 -6.840349 -0.07342815 5.117557 -6.840349 -0.07342815 5.117557 -6.840349 -6.963107 -6.816525 -6.840349 -6.963107 -6.816525 -3.273943 6.816373 6.493533 -3.273943 6.816373 6.493533 -6.840349 3.249997 6.493533 -6.840349 3.249997 6.493533 -6.840349 6.816373 6.963504 -6.840349 6.816373 6.963504</float_array>
          <technique_common>
            <accessor source="#ID252-mesh-positions-array" count="86" stride="3">
              <param name="X" type="float"/>
              <param name="Y" type="float"/>
              <param name="Z" type="float"/>
            </accessor>
          </technique_common>
        </source>
        <source id="ID252-mesh-normals">
          <float_array id="ID252-mesh-normals-array" count="258">0.9928928 -0.08417034 0.08413982 0.9631774 -0.1901023 0.1901329 0.963165 -0.2328943 0.1344384 -0.963165 0.2328943 -0.1344384 -0.9631774 0.1901023 -0.1901329 -0.9928928 0.08417034 -0.08413982 0.9631695 -0.2597445 0.06955206 -0.9631695 0.2597445 -0.06955206 0.9631609 -0.1344683 0.2328933 -0.9631609 0.1344683 -0.2328933 0.8613169 -0.3592737 0.3592432 0.8613354 -0.4399607 0.2540395 -0.8613169 0.3592737 -0.3592432 -0.8613354 0.4399607 -0.2540395 0.9625688 -0.2687197 0.03537148 -0.9625688 0.2687197 -0.03537148 0.8613179 -0.4907516 0.1315079 -0.8613179 0.4907516 -0.1315079 0.9631751 -0.06958299 0.2597154 -0.9631751 0.06958299 -0.2597154 0.8613488 -0.2539824 0.4399675 -0.8613488 0.2539824 -0.4399675 0.7017239 -0.5038081 0.5037471 0.7017369 -0.616984 0.3562247 -0.7017239 0.5038081 -0.5037471 -0.7017369 0.616984 -0.3562247 0.8594092 -0.5069172 0.06671404 -0.8594092 0.5069172 -0.06671404 0.7017276 -0.6881771 0.1843664 -0.7017276 0.6881771 -0.1843664 0.9625476 -0.03546339 0.2687833 -0.9625476 0.03546339 -0.2687833 0.8613457 -0.1314465 0.4907195 -0.8613457 0.1314465 -0.4907195 0.7017006 -0.3562523 0.6170095 -0.7017006 0.3562523 -0.6170095 0.4953547 -0.7523251 0.4343166 0.4953641 -0.6142382 0.6142687 -0.4953641 0.6142382 -0.6142687 -0.4953547 0.7523251 -0.4343166 0.6986421 -0.7093543 0.09335774 -0.6986421 0.7093543 -0.09335774 0.4953547 -0.8390908 0.2248338 -0.4953547 0.8390908 -0.2248338 0.8594075 -0.06674444 0.5069162 -0.8594075 0.06674444 -0.5069162 0.7017315 -0.1843369 0.6881809 -0.7017315 0.1843369 -0.6881809 0.4953547 -0.4343166 0.7523251 -0.4953547 0.4343166 -0.7523251 0.2561193 -0.8371488 0.4833062 0.2561166 -0.6835371 0.6835066 -0.2561166 0.6835371 -0.6835066 -0.2561193 0.8371488 -0.4833062 0.4921454 -0.8630703 0.1135908 -0.4921454 0.8630703 -0.1135908 0.2561479 -0.9337052 0.2501661 -0.2561479 0.9337052 -0.2501661 0.6987056 -0.09332758 0.7092958 -0.6987056 0.09332758 -0.7092958 0.4953513 -0.2248628 0.8390851 -0.4953513 0.2248628 -0.8390851 0.2561791 -0.4833344 0.8371143 -0.2561791 0.4833344 -0.8371143 0.1304993 -0.8586218 0.4957203 0.1305007 -0.7010903 0.7010293 -0.1305007 0.7010903 -0.7010293 -0.1304993 0.8586218 -0.4957203 0.2540732 -0.9589166 0.1261973 -0.2540732 0.9589166 -0.1261973 0.1305305 -0.9576615 0.2566053 -0.1305305 0.9576615 -0.2566053 0.4921205 -0.1136226 0.8630802 -0.4921205 0.1136226 -0.8630802 0.2561193 -0.250168 0.9337124 -0.2561193 0.250168 -0.9337124 0.1305627 -0.4957293 0.8586069 -0.1305627 0.4957293 -0.8586069 0.1294011 -0.9831128 0.1294011 -0.1294011 0.9831128 -0.1294011 0.2540761 -0.1261072 0.9589277 -0.2540761 0.1261072 -0.9589277 0.1304078 -0.2565734 0.9576868 -0.1304078 0.2565734 -0.9576868 0.1294306 -0.1294306 0.983105 -0.1294306 0.1294306 -0.983105</float_array>
          <technique_common>
            <accessor source="#ID252-mesh-normals-array" count="86" stride="3">
              <param name="X" type="float"/>
              <param name="Y" type="float"/>
              <param name="Z" type="float"/>
            </accessor>
          </technique_common>
        </source>
        <vertices id="ID252-mesh-vertices">
          <input semantic="POSITION" source="#ID252-mesh-positions"/>
        </vertices>
        <triangles material="Color_000-material" count="132">
          <input semantic="VERTEX" source="#ID252-mesh-vertices" offset="0"/>
          <input semantic="NORMAL" source="#ID252-mesh-normals" offset="1"/>
          <p>0 0 1 1 2 2 3 3 4 4 5 5 0 0 2 2 6 6 7 7 3 3 5 5 0 0 8 8 1 1 4 4 9 9 5 5 2 2 10 10 11 11 10 10 2 2 1 1 4 4 3 3 12 12 13 13 12 12 3 3 0 0 6 6 14 14 15 15 7 7 5 5 6 6 11 11 16 16 11 11 6 6 2 2 3 3 7 7 13 13 17 17 13 13 7 7 0 0 18 18 8 8 9 9 19 19 5 5 1 1 20 20 10 10 20 20 1 1 8 8 9 9 4 4 21 21 12 12 21 21 4 4 11 11 22 22 23 23 22 22 11 11 10 10 12 12 13 13 24 24 25 25 24 24 13 13 14 14 16 16 26 26 16 16 14 14 6 6 7 7 15 15 17 17 27 27 17 17 15 15 16 16 23 23 28 28 23 23 16 16 11 11 13 13 17 17 25 25 29 29 25 25 17 17 0 0 30 30 18 18 19 19 31 31 5 5 8 8 32 32 20 20 32 32 8 8 18 18 19 19 9 9 33 33 21 21 33 33 9 9 10 10 34 34 22 22 34 34 10 10 20 20 21 21 12 12 35 35 24 24 35 35 12 12 22 22 36 36 23 23 36 36 22 22 37 37 38 38 24 24 39 39 25 25 39 39 24 24 26 26 28 28 40 40 28 28 26 26 16 16 17 17 27 27 29 29 41 41 29 29 27 27 23 23 42 42 28 28 42 42 23 23 36 36 39 39 25 25 43 43 29 29 43 43 25 25 18 18 44 44 32 32 44 44 18 18 30 30 31 31 19 19 45 45 33 33 45 45 19 19 20 20 46 46 34 34 46 46 20 20 32 32 33 33 21 21 47 47 35 35 47 47 21 21 22 22 48 48 37 37 48 48 22 22 34 34 35 35 24 24 49 49 38 38 49 49 24 24 37 37 50 50 36 36 50 50 37 37 51 51 52 52 38 38 53 53 39 39 53 53 38 38 28 28 54 54 40 40 54 54 28 28 42 42 43 43 29 29 55 55 41 41 55 55 29 29 36 36 56 56 42 42 56 56 36 36 50 50 53 53 39 39 57 57 43 43 57 57 39 39 32 32 58 58 46 46 58 58 32 32 44 44 45 45 33 33 59 59 47 47 59 59 33 33 48 48 46 46 60 60 46 46 48 48 34 34 35 35 49 49 47 47 61 61 47 47 49 49 51 51 48 48 62 62 48 48 51 51 37 37 38 38 52 52 49 49 63 63 49 49 52 52 51 51 64 64 50 50 64 64 51 51 65 65 66 66 52 52 67 67 53 53 67 67 52 52 42 42 68 68 54 54 68 68 42 42 56 56 57 57 43 43 69 69 55 55 69 69 43 43 50 50 70 70 56 56 70 70 50 50 64 64 67 67 53 53 71 71 57 57 71 71 53 53 46 46 72 72 60 60 72 72 46 46 58 58 59 59 47 47 73 73 61 61 73 73 47 47 48 48 74 74 62 62 74 74 48 48 60 60 61 61 49 49 75 75 63 63 75 75 49 49 65 65 62 62 76 76 62 62 65 65 51 51 52 52 66 66 63 63 77 77 63 63 66 66 68 68 70 70 78 78 70 70 68 68 56 56 57 57 69 69 71 71 79 79 71 71 69 69 74 74 72 72 80 80 72 72 74 74 60 60 61 61 75 75 73 73 81 81 73 73 75 75 76 76 74 74 82 82 74 74 76 76 62 62 63 63 77 77 75 75 83 83 75 75 77 77 74 74 84 84 82 82 84 84 74 74 80 80 81 81 75 75 85 85 83 83 85 85 75 75</p>
        </triangles>
      </mesh>
    </geometry>
    <geometry id="ID258-mesh" name="ID258">
      <mesh>
        <source id="ID258-mesh-positions">
          <float_array id="ID258-mesh-positions-array" count="216">-4.693649 -5.277048 2.755275 -3.317062 -6.200144 -0.6897934 -4.693649 -6.200144 2.633205 -3.317062 -4.416941 -0.454686 -3.317062 -4.416941 -0.454686 -4.693649 -5.277048 2.755275 -3.317062 -6.200144 -0.6897934 -4.693649 -6.200144 2.633205 -1.127242 -3.678293 -3.211766 -1.127242 -6.200144 -3.544041 -1.127242 -3.678293 -3.211766 -1.127242 -6.200144 -3.544041 -5.163131 -6.200144 6.200343 -5.163131 -6.200144 6.200343 -4.693649 -4.416941 3.111232 -3.317062 -2.755259 0.2333022 -3.317062 -2.755259 0.2333022 -4.693649 -4.416941 3.111232 1.726578 -3.111582 -5.326756 1.726578 -6.200144 -5.733983 1.726578 -6.200144 -5.733983 1.726578 -3.111582 -5.326756 -1.127242 -1.328379 -2.237645 -1.127242 -1.328379 -2.237645 -4.693649 -3.678293 3.678371 -3.317062 -1.328379 1.328273 -3.317062 -1.328379 1.328273 -4.693649 -3.678293 3.678371 5.049942 -2.755259 -6.656835 5.049942 -6.200144 -7.109715 5.049942 -6.200144 -7.109715 5.049942 -2.755259 -6.656835 1.726578 -0.2333468 -4.134862 1.726578 -0.2333468 -4.134862 -1.127242 0.6896268 -0.6897934 -1.127242 0.6896268 -0.6897934 -4.693649 -3.111582 4.41714 -3.317062 -0.2333468 2.755275 -3.317062 -0.2333468 2.755275 -4.693649 -3.111582 4.41714 5.049942 0.4548246 -5.326756 5.049942 0.4548246 -5.326756 1.726578 2.238028 -2.237645 1.726578 2.238028 -2.237645 -1.127242 2.238028 1.328273 -1.127242 2.238028 1.328273 -4.693649 -2.755259 5.277247 -3.317062 0.4548246 4.41714 -3.317062 0.4548246 4.41714 -4.693649 -2.755259 5.277247 5.049942 3.211416 -3.211766 5.049942 3.211416 -3.211766 1.726578 4.134573 0.2333022 1.726578 4.134573 0.2333022 -1.127242 3.211416 3.678371 -1.127242 3.211416 3.678371 -4.693649 -2.633799 6.200343 -3.317062 0.6896268 6.200343 -3.317062 0.6896268 6.200343 -4.693649 -2.633799 6.200343 5.049942 5.326651 -0.454686 5.049942 5.326651 -0.454686 1.726578 5.326651 3.111232 1.726578 5.326651 3.111232 -1.127242 3.543447 6.200343 -1.127242 3.543447 6.200343 5.049942 6.656301 2.755275 5.049942 6.656301 2.755275 1.726578 5.733328 6.200343 1.726578 5.733328 6.200343 5.049942 7.109854 6.200343 5.049942 7.109854 6.200343</float_array>
          <technique_common>
            <accessor source="#ID258-mesh-positions-array" count="72" stride="3">
              <param name="X" type="float"/>
              <param name="Y" type="float"/>
              <param name="Z" type="float"/>
            </accessor>
          </technique_common>
        </source>
        <source id="ID258-mesh-normals">
          <float_array id="ID258-mesh-normals-array" count="216">-0.963173 0.06961333 -0.2597149 -0.8594173 0.06680625 -0.5068914 -0.9625455 0.03552436 -0.2687827 -0.8613422 0.1314765 -0.4907175 0.8613422 -0.1314765 0.4907175 0.963173 -0.06961333 0.2597149 0.8594173 -0.06680625 0.5068914 0.9625455 -0.03552436 0.2687827 -0.7017304 0.1844587 -0.6881493 -0.6986669 0.09344857 -0.7093179 0.7017304 -0.1844587 0.6881493 0.6986669 -0.09344857 0.7093179 -0.9928928 0.08417034 -0.08413982 0.9928928 -0.08417034 0.08413982 -0.9631609 0.1344683 -0.2328933 -0.861316 0.2540428 -0.4399969 0.861316 -0.2540428 0.4399969 0.9631609 -0.1344683 0.2328933 -0.4953871 0.2248651 -0.8390634 -0.4921171 0.1136828 -0.8630742 0.4921171 -0.1136828 0.8630742 0.4953871 -0.2248651 0.8390634 -0.7017657 0.3562238 -0.616952 0.7017657 -0.3562238 0.616952 -0.9631717 0.1901623 -0.1901013 -0.8613263 0.3592471 -0.3592471 0.8613263 -0.3592471 0.3592471 0.9631717 -0.1901623 0.1901013 -0.3826503 0.2391182 -0.8924133 -0.3796886 0.1205811 -0.9172223 0.3796886 -0.1205811 0.9172223 0.3826503 -0.2391182 0.8924133 -0.4953577 0.4344108 -0.7522687 0.4953577 -0.4344108 0.7522687 -0.7017239 0.5037471 -0.5038081 0.7017239 -0.5037471 0.5038081 -0.9631739 0.2328585 -0.1344354 -0.8613227 0.4400003 -0.2540142 0.8613227 -0.4400003 0.2540142 0.9631739 -0.2328585 0.1344354 -0.3826571 0.4620085 -0.8000761 0.3826571 -0.4620085 0.8000761 -0.4953318 0.6142969 -0.6142359 0.4953318 -0.6142969 0.6142359 -0.7017314 0.6170097 -0.3561913 0.7017314 -0.6170097 0.3561913 -0.9631674 0.2597439 -0.0695824 -0.8613214 0.4907536 -0.131478 0.8613214 -0.4907536 0.131478 0.9631674 -0.2597439 0.0695824 -0.3828092 0.6532447 -0.6532447 0.3828092 -0.6532447 0.6532447 -0.4953299 0.7523033 -0.4343826 0.4953299 -0.7523033 0.4343826 -0.7017276 0.6881771 -0.1843664 0.7017276 -0.6881771 0.1843664 -0.9625699 0.2687199 -0.03534102 -0.8593995 0.5069295 -0.06674617 0.8593995 -0.5069295 0.06674617 0.9625699 -0.2687199 0.03534102 -0.3826845 0.8001003 -0.4619438 0.3826845 -0.8001003 0.4619438 -0.4953547 0.8390908 -0.2248338 0.4953547 -0.8390908 0.2248338 -0.6986553 0.7093372 -0.09339004 0.6986553 -0.7093372 0.09339004 -0.3826503 0.8924133 -0.2391182 0.3826503 -0.8924133 0.2391182 -0.4921436 0.8630673 -0.1136209 0.4921436 -0.8630673 0.1136209 -0.3798702 0.9171272 -0.1207332 0.3798702 -0.9171272 0.1207332</float_array>
          <technique_common>
            <accessor source="#ID258-mesh-normals-array" count="72" stride="3">
              <param name="X" type="float"/>
              <param name="Y" type="float"/>
              <param name="Z" type="float"/>
            </accessor>
          </technique_common>
        </source>
        <vertices id="ID258-mesh-vertices">
          <input semantic="POSITION" source="#ID258-mesh-positions"/>
        </vertices>
        <triangles material="Color_000-material" count="108">
          <input semantic="VERTEX" source="#ID258-mesh-vertices" offset="0"/>
          <input semantic="NORMAL" source="#ID258-mesh-normals" offset="1"/>
          <p>0 0 1 1 2 2 1 1 0 0 3 3 4 4 5 5 6 6 7 7 6 6 5 5 1 1 8 8 9 9 8 8 1 1 3 3 4 4 6 6 10 10 11 11 10 10 6 6 0 0 2 2 12 12 13 13 7 7 5 5 14 14 3 3 0 0 3 3 14 14 15 15 16 16 17 17 4 4 5 5 4 4 17 17 18 18 9 9 8 8 9 9 18 18 19 19 20 20 21 21 11 11 10 10 11 11 21 21 15 15 8 8 3 3 8 8 15 15 22 22 23 23 16 16 10 10 4 4 10 10 16 16 14 14 0 0 12 12 13 13 5 5 17 17 24 24 15 15 14 14 15 15 24 24 25 25 26 26 27 27 16 16 17 17 16 16 27 27 28 28 19 19 18 18 19 19 28 28 29 29 30 30 31 31 20 20 21 21 20 20 31 31 32 32 8 8 22 22 8 8 32 32 18 18 21 21 33 33 10 10 23 23 10 10 33 33 25 25 22 22 15 15 22 22 25 25 34 34 35 35 26 26 23 23 16 16 23 23 26 26 24 24 14 14 12 12 13 13 17 17 27 27 36 36 25 25 24 24 25 25 36 36 37 37 38 38 39 39 26 26 27 27 26 26 39 39 32 32 28 28 18 18 28 28 32 32 40 40 41 41 33 33 31 31 21 21 31 31 33 33 34 34 32 32 22 22 32 32 34 34 42 42 43 43 35 35 33 33 23 23 33 33 35 35 37 37 34 34 25 25 34 34 37 37 44 44 45 45 38 38 35 35 26 26 35 35 38 38 36 36 24 24 12 12 13 13 27 27 39 39 46 46 37 37 36 36 37 37 46 46 47 47 48 48 49 49 38 38 39 39 38 38 49 49 42 42 40 40 32 32 40 40 42 42 50 50 51 51 43 43 41 41 33 33 41 41 43 43 34 34 52 52 42 42 52 52 34 34 44 44 45 45 35 35 53 53 43 43 53 53 35 35 47 47 44 44 37 37 44 44 47 47 54 54 55 55 48 48 45 45 38 38 45 45 48 48 46 46 36 36 12 12 13 13 39 39 49 49 56 56 47 47 46 46 47 47 56 56 57 57 58 58 59 59 48 48 49 49 48 48 59 59 42 42 60 60 50 50 60 60 42 42 52 52 53 53 43 43 61 61 51 51 61 61 43 43 44 44 62 62 52 52 62 62 44 44 54 54 55 55 45 45 63 63 53 53 63 63 45 45 57 57 54 54 47 47 54 54 57 57 64 64 65 65 58 58 55 55 48 48 55 55 58 58 56 56 46 46 12 12 13 13 49 49 59 59 52 52 66 66 60 60 66 66 52 52 62 62 63 63 53 53 67 67 61 61 67 67 53 53 54 54 68 68 62 62 68 68 54 54 64 64 65 65 55 55 69 69 63 63 69 69 55 55 62 62 70 70 66 66 70 70 62 62 68 68 69 69 63 63 71 71 67 67 71 71 63 63</p>
        </triangles>
      </mesh>
    </geometry>
    <geometry id="ID264-mesh" name="ID264">
      <mesh>
        <source id="ID264-mesh-positions">
          <float_array id="ID264-mesh-positions-array" count="258">-3.72775 0.04942071 4.710587 -6.816373 2.903242 2.927384 -6.816373 0.04942071 5.117569 -4.294584 2.903242 2.595597 -4.294584 2.903242 2.595597 -3.72775 0.04942071 4.710587 -6.816373 2.903242 2.927384 -6.816373 0.04942071 5.117569 -6.816373 5.093122 0.07338011 -5.03317 5.093122 -0.1614831 -6.816373 5.093122 0.07338011 -5.03317 5.093122 -0.1614831 -6.816373 -3.274004 6.493546 -3.371488 -3.274004 6.040421 -3.371488 -3.274004 6.040421 -6.816373 -3.274004 6.493546 -1.944547 2.903242 1.622452 -0.8496375 0.04942071 3.518448 -0.8496375 0.04942071 3.518448 -1.944547 2.903242 1.622452 -6.816373 6.469648 -3.249618 -5.893278 6.469648 -3.371444 -6.816373 6.469648 -3.249618 -5.893278 6.469648 -3.371444 -3.371488 5.093122 -0.8494715 -3.371488 5.093122 -0.8494715 -6.816373 -6.84035 6.963517 -3.249967 -6.84035 6.493546 -3.249967 -6.84035 6.493546 -6.816373 -6.84035 6.963517 -0.1613439 -3.274004 4.710587 -0.1613439 -3.274004 4.710587 0.07345825 2.903242 0.07338011 1.621859 0.04942071 1.622452 1.621859 0.04942071 1.622452 0.07345825 2.903242 0.07338011 -6.816373 6.939252 -6.816513 -6.816373 6.939252 -6.816513 -5.03317 6.469648 -3.727401 -5.03317 6.469648 -3.727401 -1.944547 5.093122 -1.944442 -1.944547 5.093122 -1.944442 0.07345825 -6.84035 5.117569 0.07345825 -6.84035 5.117569 2.595309 -3.274004 2.595597 2.595309 -3.274004 2.595597 3.518282 0.04942071 -0.8494715 1.621859 2.903242 -1.944442 1.621859 2.903242 -1.944442 3.518282 0.04942071 -0.8494715 -4.294584 6.469648 -4.29454 -4.294584 6.469648 -4.29454 -0.8496375 5.093122 -3.371444 -0.8496375 5.093122 -3.371444 2.927279 -6.84035 2.927384 2.927279 -6.84035 2.927384 4.710421 -3.274004 -0.1614831 4.710421 -3.274004 -0.1614831 4.710421 0.04942071 -3.727401 2.595309 2.903242 -4.29454 2.595309 2.903242 -4.29454 4.710421 0.04942071 -3.727401 -3.72775 6.469648 -5.032577 -3.72775 6.469648 -5.032577 -0.1613439 5.093122 -5.032577 -0.1613439 5.093122 -5.032577 5.117037 -6.84035 0.07338011 5.117037 -6.84035 0.07338011 6.040133 -3.274004 -3.371444 6.040133 -3.274004 -3.371444 2.927279 2.903242 -6.816513 5.117037 0.04942071 -6.816513 2.927279 2.903242 -6.816513 5.117037 0.04942071 -6.816513 -3.371488 6.469648 -5.893661 -3.371488 6.469648 -5.893661 0.07345825 5.093122 -6.816513 0.07345825 5.093122 -6.816513 6.493624 -6.84035 -3.249618 6.493624 -6.84035 -3.249618 6.493624 -3.274004 -6.816513 6.493624 -3.274004 -6.816513 -3.249967 6.469648 -6.816513 -3.249967 6.469648 -6.816513 6.963168 -6.84035 -6.816513 6.963168 -6.84035 -6.816513</float_array>
          <technique_common>
            <accessor source="#ID264-mesh-positions-array" count="86" stride="3">
              <param name="X" type="float"/>
              <param name="Y" type="float"/>
              <param name="Z" type="float"/>
            </accessor>
          </technique_common>
        </source>
        <source id="ID264-mesh-normals">
          <float_array id="ID264-mesh-normals-array" count="132">0.2248372 0.4953317 0.8391035 0.0933578 0.6986729 0.7093241 0.1137146 0.4920923 0.8630841 0.184333 0.7017168 0.688197 0.06674444 0.8594075 0.5069162 0.1314465 0.8613457 0.4907195 0.1261653 0.2541313 0.9589054 0.250168 0.2561193 0.9337124 0.3562523 0.7017006 0.6170095 0.4343231 0.4953317 0.7523365 0.4343166 0.4953547 0.7523251 0.03543215 0.9625589 0.2687474 0.06958299 0.9631751 0.2597154 0.2540075 0.8613305 0.4399887 0.1294306 0.1294306 0.983105 0.2566359 0.1304695 0.9576616 0.483279 0.2561516 0.8371546 0.5038081 0.7017239 0.5037471 0.6142289 0.4953872 0.6142594 0.08417266 0.9928897 0.08417266 0.1344384 0.963165 0.2328943 0.3592737 0.8613169 0.3592432 0.4956573 0.1305598 0.858649 0.6835514 0.2561219 0.6834904 0.7523251 0.4953547 0.4343166 0.617003 0.7017237 0.3562179 0.1901318 0.9631717 0.1901318 0.4399969 0.861316 0.2540428 0.7011236 0.1304706 0.7010015 0.8371488 0.2561193 0.4833062 0.8390908 0.4953547 0.2248338 0.6881917 0.701712 0.1843703 0.2328933 0.9631609 0.1344683 0.4907516 0.8613179 0.1315079 0.8586184 0.1305292 0.4957183 0.9337052 0.2561479 0.2501661 0.7093543 0.6986421 0.09335774 0.8630703 0.4921454 0.1135908 0.2597165 0.9631791 0.0695222 0.5069172 0.8594092 0.06671404 0.9576615 0.1305305 0.2566053 0.9589055 0.2541008 0.1262264 0.2687197 0.9625688 0.03537148 0.9831089 0.1294311 0.1294006</float_array>
          <technique_common>
            <accessor source="#ID264-mesh-normals-array" count="44" stride="3">
              <param name="X" type="float"/>
              <param name="Y" type="float"/>
              <param name="Z" type="float"/>
            </accessor>
          </technique_common>
        </source>
        <vertices id="ID264-mesh-vertices">
          <input semantic="POSITION" source="#ID264-mesh-positions"/>
        </vertices>
        <triangles material="Color_000-material" count="132">
          <input semantic="VERTEX" source="#ID264-mesh-vertices" offset="0"/>
          <input semantic="NORMAL" source="#ID264-mesh-normals" offset="1"/>
          <p>0 0 1 1 2 2 1 1 0 0 3 3 4 3 6 1 5 0 7 2 5 0 6 1 8 4 3 3 9 5 3 3 8 4 1 1 6 1 4 3 10 4 11 5 10 4 4 3 12 6 0 0 2 2 0 0 12 6 13 7 14 7 5 0 15 6 7 2 15 6 5 0 0 0 16 8 3 3 16 8 0 0 17 9 18 10 19 8 5 0 4 3 5 0 19 8 20 11 9 5 21 12 9 5 20 11 8 4 10 4 11 5 22 11 23 12 22 11 11 5 9 5 16 8 24 13 16 8 9 5 3 3 4 3 19 8 11 5 25 13 11 5 19 8 26 14 13 7 12 6 13 7 26 14 27 15 28 15 14 7 29 14 15 6 29 14 14 7 13 7 17 9 0 0 17 9 13 7 30 16 31 16 18 10 14 7 5 0 14 7 18 10 17 9 32 17 16 8 32 17 17 9 33 18 34 18 35 17 18 10 19 8 18 10 35 17 20 11 21 12 36 19 37 19 22 11 23 12 21 12 24 13 38 20 24 13 21 12 9 5 11 5 25 13 23 12 39 20 23 12 25 13 24 13 32 17 40 21 32 17 24 13 16 8 19 8 35 17 25 13 41 21 25 13 35 17 27 15 30 16 13 7 30 16 27 15 42 22 43 22 31 16 28 15 14 7 28 15 31 16 30 16 33 18 17 9 33 18 30 16 44 23 45 23 34 18 31 16 18 10 31 16 34 18 46 24 32 17 33 18 32 17 46 24 47 25 48 25 35 17 49 24 34 18 49 24 35 17 21 12 38 20 36 19 37 19 23 12 39 20 38 20 40 21 50 26 40 21 38 20 24 13 25 13 41 21 39 20 51 26 39 20 41 21 40 21 47 25 52 27 47 25 40 21 32 17 35 17 48 25 41 21 53 27 41 21 48 25 42 22 44 23 30 16 44 23 42 22 54 28 55 28 45 23 43 22 31 16 43 22 45 23 56 29 33 18 44 23 33 18 56 29 46 24 49 24 34 18 57 29 45 23 57 29 34 18 58 30 47 25 46 24 47 25 58 30 59 31 60 31 48 25 61 30 49 24 61 30 48 25 38 20 50 26 36 19 37 19 39 20 51 26 50 26 52 27 62 32 52 27 50 26 40 21 41 21 53 27 51 26 63 32 51 26 53 27 52 27 59 31 64 33 59 31 52 27 47 25 48 25 60 31 53 27 65 33 53 27 60 31 56 29 54 28 66 34 54 28 56 29 44 23 45 23 55 28 57 29 67 34 57 29 55 28 58 30 56 29 68 35 56 29 58 30 46 24 49 24 57 29 61 30 69 35 61 30 57 29 70 36 58 30 71 37 58 30 70 36 59 31 60 31 61 30 72 36 73 37 72 36 61 30 50 26 62 32 36 19 37 19 51 26 63 32 62 32 64 33 74 38 64 33 62 32 52 27 53 27 65 33 63 32 75 38 63 32 65 33 64 33 70 36 76 39 70 36 64 33 59 31 60 31 72 36 65 33 77 39 65 33 72 36 78 40 56 29 66 34 56 29 78 40 68 35 69 35 57 29 79 40 67 34 79 40 57 29 71 37 68 35 80 41 68 35 71 37 58 30 61 30 69 35 73 37 81 41 73 37 69 35 62 32 74 38 36 19 37 19 63 32 75 38 74 38 76 39 82 42 76 39 74 38 64 33 65 33 77 39 75 38 83 42 75 38 77 39 80 41 78 40 84 43 78 40 80 41 68 35 69 35 79 40 81 41 85 43 81 41 79 40 74 38 82 42 36 19 37 19 75 38 83 42</p>
        </triangles>
      </mesh>
    </geometry>
    <geometry id="ID270-mesh" name="ID270">
      <mesh>
        <source id="ID270-mesh-positions">
          <float_array id="ID270-mesh-positions-array" count="84">3.220358 -64.96062 -4.176382 6.543722 64.96062 -5.552114 3.220358 64.96062 -4.176382 6.543722 -64.96062 -5.552114 6.543722 -64.96062 -5.552114 3.220358 -64.96062 -4.176382 6.543722 64.96062 -5.552114 3.220358 64.96062 -4.176382 0.3665368 -64.96062 -1.986441 0.3665368 64.96062 -1.986441 0.3665368 -64.96062 -1.986441 0.3665368 64.96062 -1.986441 -1.823282 64.96062 0.8678073 -1.823282 -64.96062 0.8678073 -1.823282 64.96062 0.8678073 -1.823282 -64.96062 0.8678073 -3.199869 -64.96062 4.190805 -3.199869 64.96062 4.190805 -3.199869 64.96062 4.190805 -3.199869 -64.96062 4.190805 -3.669352 -64.96062 7.757944 -3.669352 -1.58623e-5 7.757944 -3.669352 0.3287195 7.757944 -3.669352 64.96062 7.757944 -3.669352 64.96062 7.757944 -3.669352 0.3287195 7.757944 -3.669352 -1.58623e-5 7.757944 -3.669352 -64.96062 7.757944</float_array>
          <technique_common>
            <accessor source="#ID270-mesh-positions-array" count="28" stride="3">
              <param name="X" type="float"/>
              <param name="Y" type="float"/>
              <param name="Z" type="float"/>
            </accessor>
          </technique_common>
        </source>
        <source id="ID270-mesh-normals">
          <float_array id="ID270-mesh-normals-array" count="36">0.4999074 0 0.8660789 0.3824668 0 0.9239692 0.7071373 0 0.7070763 0.8660317 0 0.4999893 0.9659304 0 0.2588022 0.9914522 0 0.1304703 -0.3824668 0 -0.9239692 -0.4999074 0 -0.8660789 -0.7071373 0 -0.7070763 -0.8660317 0 -0.4999893 -0.9659304 0 -0.2588022 -0.9914522 0 -0.1304703</float_array>
          <technique_common>
            <accessor source="#ID270-mesh-normals-array" count="12" stride="3">
              <param name="X" type="float"/>
              <param name="Y" type="float"/>
              <param name="Z" type="float"/>
            </accessor>
          </technique_common>
        </source>
        <vertices id="ID270-mesh-vertices">
          <input semantic="POSITION" source="#ID270-mesh-positions"/>
        </vertices>
        <triangles material="material-material" count="12">
          <input semantic="VERTEX" source="#ID270-mesh-vertices" offset="0"/>
          <input semantic="NORMAL" source="#ID270-mesh-normals" offset="1"/>
          <p>0 0 1 1 2 0 1 1 0 0 3 1 8 2 2 0 9 2 2 0 8 2 0 0 8 2 12 3 13 3 12 3 8 2 9 2 12 3 16 4 13 3 16 4 12 3 17 4 17 4 20 5 16 4 20 5 17 4 21 5 21 5 17 4 22 5 22 5 17 4 23 5</p>
        </triangles>
        <triangles material="Color_000-material" count="12">
          <input semantic="VERTEX" source="#ID270-mesh-vertices" offset="0"/>
          <input semantic="NORMAL" source="#ID270-mesh-normals" offset="1"/>
          <p>4 6 5 7 6 6 7 7 6 6 5 7 5 7 10 8 7 7 11 8 7 7 10 8 11 8 10 8 14 9 15 9 14 9 10 8 18 10 14 9 19 10 15 9 19 10 14 9 24 11 18 10 25 11 25 11 18 10 26 11 26 11 18 10 27 11 19 10 27 11 18 10</p>
        </triangles>
      </mesh>
    </geometry>
    <geometry id="ID282-mesh" name="ID282">
      <mesh>
        <source id="ID282-mesh-positions">
          <float_array id="ID282-mesh-positions-array" count="24">-84.69979 0 -10.30347 84.69976 0 10.30347 82.66722 0 -21.12646 -82.66719 0 21.12647 -82.66719 0 21.12647 -84.69979 0 -10.30347 84.69976 0 10.30347 82.66722 0 -21.12646</float_array>
          <technique_common>
            <accessor source="#ID282-mesh-positions-array" count="8" stride="3">
              <param name="X" type="float"/>
              <param name="Y" type="float"/>
              <param name="Z" type="float"/>
            </accessor>
          </technique_common>
        </source>
        <source id="ID282-mesh-normals">
          <float_array id="ID282-mesh-normals-array" count="6">0 1 0 0 -1 0</float_array>
          <technique_common>
            <accessor source="#ID282-mesh-normals-array" count="2" stride="3">
              <param name="X" type="float"/>
              <param name="Y" type="float"/>
              <param name="Z" type="float"/>
            </accessor>
          </technique_common>
        </source>
        <source id="ID282-mesh-map-0">
          <float_array id="ID282-mesh-map-0-array" count="24">0 0 0 0 0 0 0 0 0 0 0 0 0 1 0 0 1.00569 1 1.00569 0 1.00569 1 0 0</float_array>
          <technique_common>
            <accessor source="#ID282-mesh-map-0-array" count="12" stride="2">
              <param name="S" type="float"/>
              <param name="T" type="float"/>
            </accessor>
          </technique_common>
        </source>
        <vertices id="ID282-mesh-vertices">
          <input semantic="POSITION" source="#ID282-mesh-positions"/>
        </vertices>
        <triangles material="material-material" count="2">
          <input semantic="VERTEX" source="#ID282-mesh-vertices" offset="0"/>
          <input semantic="NORMAL" source="#ID282-mesh-normals" offset="1"/>
          <input semantic="TEXCOORD" source="#ID282-mesh-map-0" offset="2" set="0"/>
          <p>0 0 0 1 0 1 2 0 2 1 0 3 0 0 4 3 0 5</p>
        </triangles>
        <triangles material="Vestas_logo-material" count="2">
          <input semantic="VERTEX" source="#ID282-mesh-vertices" offset="0"/>
          <input semantic="NORMAL" source="#ID282-mesh-normals" offset="1"/>
          <input semantic="TEXCOORD" source="#ID282-mesh-map-0" offset="2" set="0"/>
          <p>4 1 6 5 1 7 6 1 8 7 1 9 6 1 10 5 1 11</p>
        </triangles>
      </mesh>
    </geometry>
  </library_geometries>
  <library_controllers/>
  <library_visual_scenes>
    <visual_scene id="Scene" name="Scene">
      <node id="Camera" name="Camera" type="NODE">
        <matrix sid="transform">0.6859207 -0.3240135 0.6515582 7.481132 0.7276763 0.3054208 -0.6141704 -6.50764 0 0.8953956 0.4452714 5.343665 0 0 0 1</matrix>
        <instance_camera url="#Camera-camera"/>
      </node>
      <node id="Lamp" name="Lamp" type="NODE">
        <matrix sid="transform">-0.2908646 -0.7711008 0.5663932 4.076245 0.9551712 -0.1998834 0.2183912 1.005454 -0.05518906 0.6045247 0.7946723 5.903862 0 0 0 1</matrix>
        <instance_light url="#Lamp-light"/>
      </node>
      <node id="logo_1" name="logo_1" type="NODE">
        <matrix sid="transform">0.0254 0 0 1.555698 0 0.0254 0 1.825374 0 0 0.0254 71.16504 0 0 0 1</matrix>
        <instance_geometry url="#ID149-mesh" name="logo_1">
          <bind_material>
            <technique_common>
              <instance_material symbol="material-material" target="#material-material"/>
              <instance_material symbol="Vestas_logo-material" target="#Vestas_logo-material"/>
            </technique_common>
          </bind_material>
        </instance_geometry>
      </node>
      <node id="SketchUp_001" name="SketchUp_001" type="NODE">
        <matrix sid="transform">0.0254 0 0 0.1879508 0 0.0254 0 -0.1746268 0 0 0.0254 30.92831 0 0 0 1</matrix>
        <instance_geometry url="#ID164-mesh" name="SketchUp_001">
          <bind_material>
            <technique_common>
              <instance_material symbol="Color_000-material" target="#Color_000-material"/>
            </technique_common>
          </bind_material>
        </instance_geometry>
      </node>
      <node id="SketchUp_002" name="SketchUp_002" type="NODE">
        <matrix sid="transform">0.0254 0 0 -3.455277 0 0.0254 0 1.632855 0 0 0.0254 73.0493 0 0 0 1</matrix>
        <instance_geometry url="#ID172-mesh" name="SketchUp_002">
          <bind_material>
            <technique_common>
              <instance_material symbol="Color_000-material" target="#Color_000-material"/>
            </technique_common>
          </bind_material>
        </instance_geometry>
      </node>
      <node id="SketchUp_003" name="SketchUp_003" type="NODE">
        <matrix sid="transform">0.0254 0 0 1.330722 0 0.0254 0 -0.1745058 0 0 0.0254 71.901 0 0 0 1</matrix>
        <instance_geometry url="#ID178-mesh" name="SketchUp_003">
          <bind_material>
            <technique_common>
              <instance_material symbol="Color_000-material" target="#Color_000-material"/>
              <instance_material symbol="__LightGray_-material" target="#__LightGray_-material"/>
            </technique_common>
          </bind_material>
        </instance_geometry>
      </node>
      <node id="SketchUp_004" name="SketchUp_004" type="NODE">
        <matrix sid="transform">0.0254 0 0 6.259654 0 0.0254 0 -1.997762 0 0 0.0254 70.17435 0 0 0 1</matrix>
        <instance_geometry url="#ID184-mesh" name="SketchUp_004">
          <bind_material>
            <technique_common>
              <instance_material symbol="Color_000-material" target="#Color_000-material"/>
            </technique_common>
          </bind_material>
        </instance_geometry>
      </node>
      <node id="SketchUp_005" name="SketchUp_005" type="NODE">
        <matrix sid="transform">0.0254 0 0 -3.455278 0 0.0254 0 -1.982111 0 0 0.0254 70.43543 0 0 0 1</matrix>
        <instance_geometry url="#ID190-mesh" name="SketchUp_005">
          <bind_material>
            <technique_common>
              <instance_material symbol="Color_000-material" target="#Color_000-material"/>
            </technique_common>
          </bind_material>
        </instance_geometry>
      </node>
      <node id="SketchUp_007" name="SketchUp_007" type="NODE">
        <matrix sid="transform">0.0254 0 0 6.259655 0 0.0254 0 1.648507 0 0 0.0254 70.17435 0 0 0 1</matrix>
        <instance_geometry url="#ID202-mesh" name="SketchUp_007">
          <bind_material>
            <technique_common>
              <instance_material symbol="Color_000-material" target="#Color_000-material"/>
            </technique_common>
          </bind_material>
        </instance_geometry>
      </node>
      <node id="SketchUp_008" name="SketchUp_008" type="NODE">
        <matrix sid="transform">0.0254 0 0 -2.030299 0 0.0254 0 -2.170866 0 0 0.0254 71.39658 0 0 0 1</matrix>
        <instance_geometry url="#ID208-mesh" name="SketchUp_008">
          <bind_material>
            <technique_common>
              <instance_material symbol="Color_000-material" target="#Color_000-material"/>
              <instance_material symbol="Color_I07-material" target="#Color_I07-material"/>
            </technique_common>
          </bind_material>
        </instance_geometry>
      </node>
      <node id="SketchUp_009" name="SketchUp_009" type="NODE">
        <matrix sid="transform">0.0254 0 0 5.627669 0 0.0254 0 -0.1746269 0 0 0.0254 70.9017 0 0 0 1</matrix>
        <instance_geometry url="#ID216-mesh" name="SketchUp_009">
          <bind_material>
            <technique_common>
              <instance_material symbol="Color_000-material" target="#Color_000-material"/>
              <instance_material symbol="Color_I07-material" target="#Color_I07-material"/>
            </technique_common>
          </bind_material>
        </instance_geometry>
      </node>
      <node id="SketchUp_010" name="SketchUp_010" type="NODE">
        <matrix sid="transform">0.0254 0 0 1.312178 0 0.0254 0 -0.1748655 0 0 0.0254 71.18088 0 0 0 1</matrix>
        <instance_geometry url="#ID222-mesh" name="SketchUp_010">
          <bind_material>
            <technique_common>
              <instance_material symbol="material-material" target="#material-material"/>
            </technique_common>
          </bind_material>
        </instance_geometry>
      </node>
      <node id="SketchUp_013" name="SketchUp_013" type="NODE">
        <matrix sid="transform">0.0254 0 0 -1.998525 0 0.0254 0 1.85046 0 0 0.0254 71.46156 0 0 0 1</matrix>
        <instance_geometry url="#ID240-mesh" name="SketchUp_013">
          <bind_material>
            <technique_common>
              <instance_material symbol="Color_000-material" target="#Color_000-material"/>
              <instance_material symbol="Color_I07-material" target="#Color_I07-material"/>
            </technique_common>
          </bind_material>
        </instance_geometry>
      </node>
      <node id="SketchUp_015" name="SketchUp_015" type="NODE">
        <matrix sid="transform">0.0254 0 0 6.389863 0 0.0254 0 -1.997763 0 0 0.0254 72.56902 0 0 0 1</matrix>
        <instance_geometry url="#ID252-mesh" name="SketchUp_015">
          <bind_material>
            <technique_common>
              <instance_material symbol="Color_000-material" target="#Color_000-material"/>
            </technique_common>
          </bind_material>
        </instance_geometry>
      </node>
      <node id="SketchUp_016" name="SketchUp_016" type="NODE">
        <matrix sid="transform">0.0254 0 0 -3.455278 0 0.0254 0 1.632856 0 0 0.0254 70.43543 0 0 0 1</matrix>
        <instance_geometry url="#ID258-mesh" name="SketchUp_016">
          <bind_material>
            <technique_common>
              <instance_material symbol="Color_000-material" target="#Color_000-material"/>
            </technique_common>
          </bind_material>
        </instance_geometry>
      </node>
      <node id="SketchUp_017" name="SketchUp_017" type="NODE">
        <matrix sid="transform">0.0254 0 0 6.389253 0 0.0254 0 1.649117 0 0 0.0254 72.56903 0 0 0 1</matrix>
        <instance_geometry url="#ID264-mesh" name="SketchUp_017">
          <bind_material>
            <technique_common>
              <instance_material symbol="Color_000-material" target="#Color_000-material"/>
            </technique_common>
          </bind_material>
        </instance_geometry>
      </node>
      <node id="SketchUp_018" name="SketchUp_018" type="NODE">
        <matrix sid="transform">0.0254 0 0 -3.49322 0 0.0254 0 -0.1746275 0 0 0.0254 70.39587 0 0 0 1</matrix>
        <instance_geometry url="#ID270-mesh" name="SketchUp_018">
          <bind_material>
            <technique_common>
              <instance_material symbol="material-material" target="#material-material"/>
              <instance_material symbol="Color_000-material" target="#Color_000-material"/>
            </technique_common>
          </bind_material>
        </instance_geometry>
      </node>
      <node id="logp_2" name="logp_2" type="NODE">
        <matrix sid="transform">0.0254 0 0 1.555698 0 0.0254 0 -2.174626 0 0 0.0254 71.16504 0 0 0 1</matrix>
        <instance_geometry url="#ID282-mesh" name="logp_2">
          <bind_material>
            <technique_common>
              <instance_material symbol="material-material" target="#material-material"/>
              <instance_material symbol="Vestas_logo-material" target="#Vestas_logo-material"/>
            </technique_common>
          </bind_material>
        </instance_geometry>
      </node>
    </visual_scene>
  </library_visual_scenes>
  <scene>
    <instance_visual_scene url="#Scene"/>
  </scene>
</COLLADA>